{"type":"Topology","objects":{"data":{"geometries":[{"properties":{"district":"ANTIOQUIA","n_municipios":112},"type":"Polygon","arcs":[[-133,0,-92,1,-96,-66,-11,-140,-86,-116],[88]],"id":0},{"properties":{"district":"ARAUCA","n_municipios":8},"type":"Polygon","arcs":[[-170,-177,-155,-12,-111,2]],"id":1},{"properties":{"district":"ARCH SAN ANDRES","n_municipios":2},"type":"MultiPolygon","arcs":[[[3]],[[4]],[[5]],[[6]],[[7]],[[8]]],"id":2},{"properties":{"district":"ARMENIA","n_municipios":12},"type":"Polygon","arcs":[[-14,-120,-84]],"id":3},{"properties":{"district":"BARRANQUILLA","n_municipios":23},"type":"Polygon","arcs":[[-70,9,-142]],"id":4},{"properties":{"district":"BOGOTA","n_municipios":2},"type":"Polygon","arcs":[[78,-78,76,-76,-167,-106,-80]],"id":5},{"properties":{"district":"BUCARAMANGA","n_municipios":38},"type":"Polygon","arcs":[[10,-65,-160,-75,-112,11,-154,-141]],"id":6},{"properties":{"district":"BUGA","n_municipios":37},"type":"MultiPolygon","arcs":[[[-125,-16,-123,12,-137,-121,13,-83]],[[14]]],"id":7},{"properties":{"district":"CALI","n_municipios":6},"type":"Polygon","arcs":[[15,-124]],"id":8},{"properties":{"district":"CARTAGENA","n_municipios":45},"type":"MultiPolygon","arcs":[[[16]],[[17]],[[18]],[[19]],[[20]],[[21]],[[22]],[[23]],[[24]],[[25]],[[26]],[[27]],[[28]],[[29]],[[30]],[[31]],[[32]],[[33]],[[34]],[[35]],[[36]],[[37]],[[38]],[[39]],[[40]],[[41]],[[-68,42]],[[43]],[[44]],[[45]],[[46]],[[47]],[[48]],[[49]],[[50]],[[51]],[[52]],[[53]],[[54]],[[55]],[[56]],[[57]],[[58]],[[59]],[[60]],[[61]],[[62]],[[63]],[[-161,64,65,-95,-151,149,-149,66,67,68,69,-145],[70]],[[71]],[[72]]],"id":9},{"properties":{"district":"CUCUTA","n_municipios":27},"type":"Polygon","arcs":[[-165,73,-109,74]],"id":10},{"properties":{"district":"CUNDINAMARCA","n_municipios":112},"type":"MultiPolygon","arcs":[[[-87,-159,-168,75,76,77,78,79,-105,-85]],[[80]]],"id":11},{"properties":{"district":"FLORENCIA","n_municipios":16},"type":"Polygon","arcs":[[-107,-172,81,-90]],"id":12},{"properties":{"district":"IBAGUE","n_municipios":48},"type":"Polygon","arcs":[[-126,82,83,-119,-88,84,-104,-103,-102,-101,-100,101,-99]],"id":13},{"properties":{"district":"MANIZALES","n_municipios":29},"type":"Polygon","arcs":[[-117,85,-139,-156,86,87,-118]],"id":14},{"properties":{"district":"MEDELLIN","n_municipios":13},"type":"Polygon","arcs":[[88]],"id":15},{"properties":{"district":"MOCOA","n_municipios":14},"type":"Polygon","arcs":[[-113,-130,-108,89,90]],"id":16},{"properties":{"district":"MONTERIA","n_municipios":28},"type":"Polygon","arcs":[[91,92,-147,93,-152,94,95,96]],"id":17},{"properties":{"district":"NEIVA","n_municipios":37},"type":"Polygon","arcs":[[-129,97,-127,98,-102,99,100,101,102,103,104,105,-166,106,107]],"id":18},{"properties":{"district":"PAMPLONA","n_municipios":13},"type":"Polygon","arcs":[[108,109,110,111]],"id":19},{"properties":{"district":"PASTO","n_municipios":64},"type":"MultiPolygon","arcs":[[[-131,112,113]],[[114]]],"id":20},{"properties":{"district":"PEREIRA","n_municipios":14},"type":"Polygon","arcs":[[-136,134,-134,115,116,117,118,119,120]],"id":21},{"properties":{"district":"POPAYAN","n_municipios":41},"type":"Polygon","arcs":[[121,122,123,124,125,126,127,128,129,130]],"id":22},{"properties":{"district":"QUIBDO","n_municipios":29},"type":"Polygon","arcs":[[131,132,133,134,135,136]],"id":23},{"properties":{"district":"RIOHACHA","n_municipios":15},"type":"Polygon","arcs":[[-163,-144,137]],"id":24},{"properties":{"district":"SAN GIL","n_municipios":51},"type":"Polygon","arcs":[[138,139,140,-153,-157]],"id":25},{"properties":{"district":"SANTA MARTA","n_municipios":30},"type":"Polygon","arcs":[[141,142,143,-162,144]],"id":26},{"properties":{"district":"SINCELEJO","n_municipios":26},"type":"Polygon","arcs":[[145,146,147,148,149,150,151]],"id":27},{"properties":{"district":"STA ROSA DE VITERBO","n_municipios":47},"type":"Polygon","arcs":[[152,153,154,-176,-158]],"id":28},{"properties":{"district":"TUNJA","n_municipios":73},"type":"Polygon","arcs":[[155,156,157,-175,-169,158]],"id":29},{"properties":{"district":"VALLEDUPAR","n_municipios":23},"type":"Polygon","arcs":[[159,160,161,162,163,164]],"id":30},{"properties":{"district":"VILLAVICENCIO","n_municipios":48},"type":"MultiPolygon","arcs":[[[165,166,167,168,-178,169,170,171]],[[172]],[[173]]],"id":31},{"properties":{"district":"YOPAL","n_municipios":20},"type":"Polygon","arcs":[[174,175,176,177]],"id":32}],"type":"GeometryCollection"}},"bbox":[-81.73562055600001,-4.22940646586102,-66.984804188,13.394727761574234],"transform":{"scale":[0.00014750963877638792,0.00017624134225672808],"translate":[-81.73562055600001,-4.22940646586102]},"arcs":[[[32238,70839],[121,5],[95,-19],[43,-22],[-23,-26],[15,26],[-19,-4],[-30,21],[-40,-94],[-15,24],[-36,-7],[-8,37],[-24,-9],[8,-56],[-20,-9],[36,-39],[-14,-67],[7,-41],[59,-121],[46,-9],[10,12],[19,-1],[17,-29],[16,0],[15,7],[30,44],[-2,35],[10,0],[0,11],[-39,20],[-29,58],[46,-21],[13,-16],[29,-1],[19,-15],[0,17],[10,-8],[-5,12],[-27,3],[-8,10],[39,2],[10,-16],[-4,-18],[-30,-38],[26,-15],[45,22],[47,-16],[16,-15],[-8,-7],[-19,7],[10,10],[-18,-1],[-3,9],[-11,-8],[-30,4],[-20,-7],[35,-19],[-4,-14],[-16,16],[-29,5],[-8,-49],[14,19],[21,4],[26,-21],[52,-3],[14,-20],[-58,-8],[-40,5],[14,-32],[-24,0],[-19,17],[-24,-4],[-13,-21],[26,-12],[24,-29],[-24,0],[-18,-24],[-21,6],[-2,35],[-12,-5],[-38,10],[9,-32],[-20,6],[8,-40],[-46,-58],[6,-45],[-17,-27],[0,-43],[25,-26],[49,-19],[41,-32],[2,-10],[-13,-3],[12,-31],[-41,-8],[19,-11],[22,4],[-6,-17],[27,-34],[39,-4],[158,58],[21,14],[20,35],[55,26],[1,49],[-13,33],[-27,15],[5,5],[76,-15],[39,1],[232,39],[89,25],[-45,-34],[94,18],[46,-18],[18,-20],[-45,4],[-81,-41],[-27,8],[-16,-23],[-38,9],[-38,-19],[-22,5],[-14,-9],[11,-22],[-32,-21],[35,-26],[-15,-15],[47,-34],[-12,-10],[-12,12],[-11,-4],[-20,-25],[5,-18],[37,-17],[81,24],[-10,-16],[10,-2],[12,11],[-18,25],[5,8],[26,-19],[81,4],[-23,-3],[-17,-23],[-21,-5],[-26,-44],[-40,9],[-23,-27],[-102,-17],[-13,-15],[-38,10],[-10,-19],[-21,4],[-15,-19],[22,-13],[19,18],[0,-29],[14,-16],[24,10],[53,-4],[15,-14],[81,-1],[64,-52],[4,-15],[-9,-5],[-1,15],[-24,9],[-3,-11],[18,-15],[-35,-23],[-15,43],[-9,2],[4,-19],[-8,-2],[-35,17],[6,15],[-51,26],[-100,-8],[-24,-13],[11,-35],[12,3],[7,28],[13,5],[4,-48],[22,-11],[24,3],[-4,-29],[-21,6],[13,-24],[30,-1],[54,-20],[-1,-23],[46,-15],[33,1],[11,-29],[-63,-21],[-24,11],[2,13],[-34,15],[-33,0],[-52,-16],[10,26],[-26,9],[-32,-26],[-21,-2],[-8,63],[-54,61],[-44,12],[-99,-2],[-49,-19],[-43,-54],[4,-29],[-22,9],[-27,-23],[-13,-44],[13,-31],[-27,-32],[28,-7],[29,-32],[-51,-56],[-3,-120],[-29,-147],[9,-50],[62,-88],[71,-32],[177,-36],[126,-11],[31,-18],[11,17],[24,5],[198,-8],[215,11],[191,30],[79,27],[56,40],[8,40],[-19,29],[-86,56],[35,-13],[16,11],[35,-18],[52,20],[19,24],[-37,47],[2,30],[94,61],[32,62],[-33,82],[-32,13],[-2,27],[-16,6],[-24,-6],[-6,14],[-30,-12],[29,33],[-4,25],[-27,29],[30,-12],[34,16],[16,-6],[43,35],[9,24],[-53,32],[4,10],[17,1],[-8,7],[-29,4],[-1,7],[14,6],[79,-26],[34,13],[29,72],[4,49],[-45,54],[8,22],[-24,44],[-15,4],[-16,23],[-16,-14],[-15,21],[33,10],[-40,-4],[-15,15],[0,-15],[-24,-7],[-3,-3],[29,8],[-8,-16],[23,-57],[-5,-7],[-24,-2],[0,-1],[-8,-3],[0,-1],[32,6],[8,-24],[-17,0],[9,-8],[-8,-20],[-18,6],[-34,-22],[-2,25],[16,36],[-15,22],[13,19],[-10,23],[4,39],[24,31],[-12,92],[-26,13],[-23,-40],[-48,43],[-30,-1],[1,-17],[-23,36],[70,49],[47,57],[29,71],[13,82],[-7,43],[-27,47],[-6,48],[-22,32],[-17,117],[-21,19],[-5,104],[-29,41],[-14,47],[-67,27],[-24,49],[112,231],[29,104],[-4,94],[-47,51],[19,171],[-2,77],[-60,105],[-41,40],[-100,4],[-8,37],[-34,40],[-23,118],[-41,82],[-42,58],[-102,93],[-82,49],[-84,34],[-301,82],[-61,31],[-56,22],[-17,1],[-24,18],[8,45],[-25,-6],[-19,-18],[-19,10],[-20,-11],[-45,33],[24,-56],[59,-59],[50,41],[24,1],[31,-16],[-53,-4],[-42,-22],[-41,-6],[-66,85],[-9,68],[41,36],[204,120],[73,64],[36,59],[-9,33],[15,84],[254,10],[429,53],[252,54],[376,64],[104,27],[182,65],[31,18],[32,55],[42,35],[6,40],[-30,63],[-22,12],[50,20],[34,34],[9,48],[-29,8],[-2,8],[142,31],[21,26],[161,27],[227,76],[173,76],[76,45],[-2,61],[13,14],[-4,17],[13,36],[156,74],[37,30],[15,26],[263,113],[37,18],[-3,6],[14,0],[-2,6],[30,7],[-2,8],[5,3],[7,-5],[-2,8],[37,14],[31,26],[36,66]],[[41105,67107],[12,1],[34,-24],[44,-8],[37,4],[18,-9],[1,-16],[29,-15],[40,4],[50,-19],[95,-2],[55,18],[35,-4],[31,33],[-12,48],[11,15],[42,1],[19,9],[25,26],[86,47],[35,46],[46,7],[60,-10],[24,47],[-43,58],[66,15],[-24,47],[15,37],[-11,42],[39,43],[37,16],[3,25],[28,14],[11,25],[-2,12],[-25,18],[0,14],[25,30],[-22,40],[-3,31],[22,39],[26,18],[78,3],[119,-38],[41,16],[48,45],[20,29],[13,47],[30,34],[-2,95],[16,43],[18,22],[90,49],[30,31],[17,36],[4,25],[-13,40],[-79,66],[3,30],[56,45]],[[65677,63934],[46,-2],[37,-15],[98,3],[25,-13],[52,-1],[44,-25],[142,-30],[112,-46],[103,-15],[79,-39],[75,13],[75,49],[44,-9],[39,15],[32,-11],[16,20],[31,-2],[26,12],[75,-19],[13,14],[34,9],[23,0],[22,-12],[85,44],[31,-15],[55,8],[28,-5],[22,18],[29,5],[37,42],[-26,68],[0,37],[8,5],[54,5],[14,21],[39,11],[94,-2],[190,20],[150,-3],[27,-8],[41,-36],[108,-19],[20,-36],[4,-73],[70,-16],[51,24],[44,6],[93,1],[88,-28],[18,3],[39,18],[28,27],[22,50],[55,18],[64,-11],[40,-39],[56,-12],[70,6],[75,24],[23,39],[29,3],[20,-11],[9,-32],[-21,-53],[-40,-32],[-4,-20],[16,-33],[-1,-27],[26,-13],[27,6],[42,39],[37,18],[49,7],[55,-8],[106,43],[41,0],[37,-14],[50,-26],[36,-32],[28,-3],[21,7],[30,55],[41,21],[32,-12],[12,-15],[41,-85],[52,-8],[61,48],[5,21],[-25,47],[19,28],[28,10],[43,-22],[10,-73],[-15,-48],[16,-35],[16,-6],[31,2],[6,9],[1,89],[17,4],[67,-22],[41,60],[44,23],[87,-20],[74,10],[60,-7],[38,-29],[44,-69],[49,-18],[34,2],[66,22],[161,-16],[144,30],[98,39],[102,-26],[119,44],[22,-12],[26,-62],[63,-2],[37,-35],[20,-4],[24,17],[28,52],[36,19],[106,-48],[35,4],[46,31],[25,-7],[20,-24],[15,-4],[164,42],[129,6],[27,32],[83,-1],[22,-3],[25,-26],[15,-28],[-10,-47],[16,-14],[29,-10],[58,9],[37,-21],[6,-20],[-47,-15],[-36,26],[25,-42],[-18,-28],[16,-25],[93,-9],[47,-28],[46,6],[47,-21],[35,14],[34,-16],[38,13],[40,-12],[97,9],[119,-47],[192,52],[28,42],[33,21],[5,32],[38,-2],[19,10],[13,17],[4,42],[34,27],[38,6],[96,-6],[67,-23],[30,42],[93,21],[18,17],[0,16],[-40,18],[-16,73],[59,42],[23,1],[18,-50],[35,-15],[34,23],[50,79],[61,29],[94,-2],[26,-36],[25,-14],[39,-3],[68,13],[3,9],[-25,11],[1,14],[46,39],[-21,10],[-25,-17],[-30,5],[-7,13],[7,17],[23,16],[55,-18],[36,22],[21,1],[28,-25],[50,-3],[17,-21],[22,27],[7,27],[51,-1],[87,21],[71,3],[34,-28],[33,-11],[29,21],[24,49],[37,11],[0,22],[15,15],[26,1],[54,-32],[55,-17],[59,0],[126,29],[75,-8],[37,5],[30,17],[28,40],[19,5],[19,-5],[30,-63],[27,-26],[34,-16],[54,-8],[34,-20],[78,-12],[20,-18],[3,-29],[10,-6],[45,10],[33,-7],[38,8],[20,-15],[55,-4],[47,-20],[144,29],[-7,27],[13,14],[55,-6],[36,33],[23,0],[38,-19],[33,12],[14,-21],[36,-6],[38,-33],[12,-42],[21,-8],[26,-32],[-16,-22],[-21,1],[-6,-12],[13,-20],[42,15],[9,-10],[-44,-31],[53,-3],[16,11],[19,-36],[25,-3],[59,-42],[15,-1],[3,-12],[-27,-27],[37,-15],[3,-25],[31,-20],[13,-25],[65,-2],[-2,15],[11,6],[115,-44],[51,-4],[8,15],[41,-3],[8,33],[21,19],[20,-5],[14,-16],[-33,-25],[73,-6],[34,29],[17,-38],[1,30],[39,5],[9,-32],[23,-23],[-9,-22],[26,-15],[6,-27],[39,-29],[42,7],[4,15],[29,-2],[14,20],[45,-38],[69,23],[17,-3],[29,-24],[57,0],[7,-53],[21,-8],[13,-18],[31,0],[-7,-36],[15,-28],[54,5],[7,-8],[-25,-8],[3,-10],[35,4],[35,-47],[47,0],[29,-22],[30,2],[42,-36],[99,17],[42,-2],[54,-18],[39,13],[27,27],[43,-19],[29,19],[53,1],[60,32],[18,23],[29,15],[-7,19],[9,12],[29,2],[100,34],[10,7],[0,24],[35,23],[48,5],[39,-8],[32,23],[24,-16],[40,20],[33,-17],[19,14],[45,-10],[15,14],[45,-17],[22,12],[91,12],[53,22],[22,-11],[4,-20],[78,-22],[54,21],[54,4],[4679,-4949]],[[213,95461],[26,-19],[12,-24],[38,-9],[40,-27],[-5,-7],[-60,1],[-43,-25],[21,-30],[-16,-13],[-9,7],[-20,5],[17,4],[-11,2],[-7,6],[-5,1],[-1,-14],[15,-12],[11,7],[6,-12],[19,-1],[-2,-12],[-48,-7],[2,-11],[24,-4],[-7,-62],[8,-33],[-28,-14],[6,-57],[-45,-45],[-15,-107],[-74,-122],[-27,-15],[-19,12],[-16,54],[6,31],[34,42],[7,103],[-7,4],[-1,10],[17,2],[-46,13],[-10,15],[27,81],[14,13],[-20,44],[66,69],[7,71],[89,77],[30,8]],[[319,95205],[-5,4],[0,4],[8,-2],[-3,-6]],[[318,95222],[-2,2],[1,1],[2,-4],[-1,1]],[[312,95486],[-7,0],[5,11],[6,-7],[-4,-4]],[[2518,99947],[15,-35],[52,-11],[-28,-38],[10,-1],[-8,-13],[29,-41],[-2,1],[-17,-1],[-4,-6],[51,11],[0,-29],[-47,-18],[9,-57],[-30,-53],[-60,-11],[-56,-48],[-26,2],[-38,-21],[-20,2],[-21,30],[11,30],[-13,33],[-24,11],[21,48],[-5,35],[10,30],[27,45],[26,21],[36,7],[8,-11],[23,-2],[19,9],[13,16],[-4,39],[26,15],[1,13],[16,-2]],[[2474,99999],[13,-5],[-14,-9],[-3,-28],[13,0],[6,-7],[-15,-20],[-41,-5],[-28,25],[8,32],[16,4],[-2,7],[47,6]],[[44156,85258],[35,26],[2,32],[27,40],[29,22],[109,6],[80,62],[118,2],[41,8],[43,23],[45,89],[92,38],[-2,28],[46,-6],[22,10],[115,16],[22,14],[-1,26],[60,8],[48,17],[24,50],[121,11],[91,44],[65,66],[42,83],[2,32],[21,13],[18,62],[15,18],[-17,34],[-32,7],[-16,-10],[-3,-18],[-24,-13],[-34,0],[-11,-26],[-21,-6],[-2,-12],[-31,-1],[-6,-19],[-22,-12],[2,30],[35,43],[43,32],[58,14],[53,60],[145,83],[253,25],[68,32],[37,35],[-11,-1],[19,29],[13,42],[-8,4],[27,18],[25,4],[26,45],[81,18],[57,37],[14,33],[-16,33],[8,33],[121,-14],[130,7],[159,42],[95,38],[17,29],[-27,65],[-43,172],[19,0]],[[51699,62450],[90,117],[7,29],[95,108],[12,28],[4,73],[11,14],[51,32],[82,90],[126,74],[109,85],[24,28],[18,47],[41,49],[30,19],[45,6],[71,62],[101,43],[76,45],[119,53],[78,14],[68,65],[57,10],[165,142],[62,94],[5,55],[-18,32],[3,44],[-29,125],[-2,82],[-41,47],[8,8],[-131,86],[-43,55],[-72,60],[-26,54],[17,154],[-14,65],[-36,46],[-5,61],[53,95],[40,47],[12,39],[6,91],[13,20],[4,37],[-30,87],[-2,68],[19,60],[29,46],[11,53]],[[62590,63195],[45,-66],[-2,-61],[-40,-22],[13,-60],[20,-22],[26,0],[22,-11],[14,-63],[34,-19],[-1,-18],[13,-15],[32,-17]],[[28730,42248],[-52,43],[24,40],[33,3],[-8,12],[-82,15],[-95,-10],[-110,-51],[-14,6],[7,-16],[-46,11],[-9,36],[374,420],[20,11],[27,-8],[23,10],[28,83],[24,5],[101,56],[231,194],[26,7],[26,-5],[5,-12],[-13,-3],[6,-27],[32,-37],[15,6],[-5,29],[51,66],[-15,12],[14,54],[57,61],[58,41],[91,134],[35,79],[52,55],[11,-3],[-9,-52],[10,-37],[-30,-45],[16,-1],[-3,-18],[5,-1],[-1,20],[9,7],[-2,-30],[-10,-5],[18,-33],[38,-22],[66,54],[17,-5],[12,14],[58,24],[5,11],[-38,45],[7,74],[-68,27],[-32,31],[-87,37],[-44,40],[1,15],[37,59],[216,180],[22,45],[-3,31],[113,112],[92,112],[55,38],[24,-1],[-17,-15],[8,-21],[18,-6],[79,23],[38,-1],[227,70],[2,-16],[-22,-24],[25,-5],[53,28],[87,93],[38,13],[18,36],[49,-10],[28,29],[22,136],[34,27],[-15,38],[3,40],[48,9],[37,-31],[75,-27],[17,29],[-15,20],[-4,44],[4,133],[-26,8],[-15,33],[-41,7],[-30,-34],[-17,-5],[-4,-24],[-26,-4],[-32,180],[-23,44],[7,23],[-18,105],[11,42],[36,13],[25,-24],[65,-1],[48,12],[35,39],[-10,34],[-31,36],[-16,86],[-50,139],[26,16],[1,-13],[24,-18],[40,-15],[55,8],[33,-14],[42,0],[-1,11],[20,13],[-5,14],[23,1],[61,-29],[18,21],[-2,24],[30,26],[63,7],[23,16],[19,39],[-8,40],[44,45],[6,32],[54,10],[11,13],[67,30],[94,-5],[12,32],[62,-13],[55,40],[8,43],[-25,2],[-13,5],[-1,-1],[-2,1],[0,-1],[-2,1],[-15,-21],[-11,0],[-26,17],[2,8],[-9,-7],[-4,10],[-16,1],[4,12],[-21,-5],[4,9],[-24,16],[-1,13],[-27,17],[-7,23],[16,1],[-10,47],[-42,22],[-61,-32],[11,-11],[7,-53],[-8,-49],[-22,-25],[-76,-22],[-51,24],[-45,-5],[-24,-22],[-43,9],[-111,-84],[-61,-25],[-33,-4],[-29,-41],[-12,1],[-2,18],[-55,-18],[10,-22],[-39,-57],[-31,4],[-55,37],[-14,-5],[-33,11],[-17,-9],[-8,-27],[-116,13],[-16,-8],[11,-16],[-21,-9],[-35,25],[-49,6],[-42,-12],[-34,-30],[-12,19],[-27,-1],[-13,21],[-31,3],[9,-4],[-5,-11],[14,2],[-8,-9],[-31,11],[-21,19],[-1,15],[-21,-11],[-20,18],[-10,-16],[-40,8],[-28,68],[-10,-9],[-17,3],[4,17],[-30,30],[-62,17],[-11,33],[8,29],[-13,11],[54,8],[-2,-14],[36,22],[-13,19],[23,21],[13,31],[17,8],[-1,23],[-79,39],[-23,-17],[-53,42],[2,17],[-55,-39],[-26,0],[-7,53],[22,8],[-15,68],[32,-8],[34,45],[-45,101],[5,12],[21,-5],[8,21],[23,-2],[-1,20],[20,1],[-2,-12],[34,18],[24,-4],[8,9],[-16,15],[35,25],[27,38],[2,31],[18,-2],[8,11],[13,-7],[-7,-17],[5,-16],[11,-3],[11,28],[-7,19],[28,6],[2,-18],[17,-14],[-3,36],[16,8],[-10,9],[17,5],[56,-6],[-3,-21],[28,15],[6,-10],[-8,-9],[26,5],[-2,-14],[58,4],[17,19],[-22,25],[31,7],[25,-23],[11,13],[-15,6],[6,19],[40,10],[14,-12],[18,4],[-5,19],[14,8],[23,-13],[13,5],[-2,26],[13,-2],[34,41],[30,11],[17,-3],[1,24],[21,15],[-48,-1],[45,29],[25,37],[34,19],[-21,29],[3,8],[9,-8],[13,5],[-20,18],[33,-1],[0,7],[-26,-4],[-4,6],[27,16],[-6,11],[3,10],[13,1],[3,28],[-29,21],[-77,-4],[-20,34],[-105,-16],[-13,44],[26,18],[0,18],[-38,48],[-70,9],[-15,-15],[-14,-51],[-56,-19],[-44,-44],[-34,40],[-3,36],[12,22],[-11,-10],[-11,7],[-105,-126],[1,-15],[-13,-12],[-50,-2],[4,-14],[-9,-7],[-6,11],[-12,0],[4,8],[-26,-3],[-3,-6],[16,-1],[3,-8],[-33,-33],[-18,5],[6,22],[-14,-7],[-17,-45],[-12,-5],[17,-28],[-16,-11],[-11,2],[2,7],[-18,-4],[-5,-17],[7,1],[0,-13],[12,2],[-10,-9],[7,-15],[-7,-9],[-23,2],[17,-20],[-26,10],[-1,-20],[-15,-13],[0,-8],[30,2],[6,-17],[-18,-10],[-21,10],[-12,-54],[-11,-8],[34,-3],[-10,-27],[-21,-12],[0,-10],[14,7],[3,-10],[-15,-11],[1,-13],[-16,4],[8,-9],[-14,-15],[19,-15],[-1,-20],[-38,-1],[-5,14],[-18,5],[-80,-187],[-4,-41],[-13,-22],[-37,-18],[-25,0],[-11,-13],[-26,13],[-22,28],[-7,41],[-32,58],[-107,122],[-31,7],[-128,101],[-149,96],[-44,63],[-7,37],[-65,70]],[[40825,50744],[43,-320],[-9,-13],[-51,-16],[-47,8],[-11,-9],[-96,17],[-136,-24],[-13,12],[-10,-7],[-5,11],[-36,-8],[-37,15],[-2,-8],[-31,6],[-5,-10],[-7,6],[-13,-7],[-8,33],[-38,9],[-33,0],[-12,-9],[-14,8],[-28,-2],[-32,-10],[-4,-9],[-13,15],[-33,1],[-24,16],[-21,-2],[-12,14],[-20,-2],[-42,-73],[-21,-12],[-12,-24],[-30,-5],[-45,-25],[-13,-25],[7,-23],[-26,-21],[1,-17],[-49,-44],[-39,-7],[-13,-37],[41,-38],[-5,-23],[13,-14],[-76,-48],[-11,-41],[17,-20],[19,-5],[-6,-14],[27,5],[-1,-17],[-14,-19],[1,-18],[-27,-19],[4,-13],[-42,-19],[-9,-24],[47,-24],[-9,-25],[-31,1],[-22,-20],[-8,-32],[7,-20],[-12,-10],[24,-5],[4,-11],[37,-5],[-13,-29],[20,-6],[1,-32],[-13,-12],[7,-18],[-8,-45],[-15,-8],[-12,-60],[-18,-7],[29,-27],[19,3],[-6,-53],[-26,-5],[-9,-11],[-11,5],[-11,-17],[27,-10],[-11,-17],[5,-16],[58,-30],[29,1],[-88,-38],[-20,2],[-11,-13],[-19,10],[-15,-7],[2,-8],[30,-8],[-4,-16],[-15,1],[-13,-12],[-7,-35],[9,-19],[-9,-14],[-16,-4],[-8,16],[-10,-2],[-12,-21],[32,-26],[-26,-5],[3,-22],[9,-6],[22,12],[32,-34],[35,14],[15,-20],[46,8],[20,-10],[73,33],[23,-18],[-8,-22],[35,1],[9,-22],[26,4],[27,-20],[40,-8],[16,21],[33,19],[58,-32],[46,16],[16,-34],[47,-14],[14,-40],[-27,-27],[16,-64],[-8,-23],[36,-23],[32,-33],[2,-23],[25,-14],[-26,-63],[15,-43],[-35,-65],[10,-26],[-14,-27],[17,-18],[-1,-33],[35,-18],[15,-45],[-15,-33],[-22,-8],[-12,-57],[-17,-9],[6,-28],[-16,-31],[-62,-44],[-18,-54],[-92,-117],[-8,-73],[39,-64],[-25,-27],[2,-25],[-18,-21],[-11,-37],[-41,-50],[-23,-67],[-36,-32],[-7,-29],[15,-43],[-12,-25],[12,-36],[-11,-46],[30,-28],[5,-17],[28,-11],[-7,-30],[-38,-47],[4,-20],[73,12],[38,-10],[20,4],[58,-24],[60,-5],[39,-13],[20,-17],[36,-2],[23,12],[6,-29],[45,-19],[4,-19],[16,-11],[132,-3],[18,10]],[[30514,46927],[46,3],[9,-10],[-42,-48],[4,33],[-11,-8],[-2,9],[-6,-4],[-3,-26],[-36,35],[9,21],[10,-14],[5,11],[17,-2]],[[33574,42329],[11,39],[-13,55],[11,19],[58,26],[70,9],[44,63],[36,32],[3,47],[31,41],[-8,40],[25,25],[18,41],[31,19],[-5,32],[-19,11],[3,19],[33,46],[23,9],[23,38],[46,-5],[67,89],[65,19],[5,23],[45,41],[3,60],[18,24],[0,17],[20,12],[-11,12],[14,38],[-57,23],[-19,88],[-23,18],[-24,48],[-44,-23],[-23,0],[-32,24],[-75,8],[-35,18],[-60,2],[-22,9],[-27,33],[-5,47],[-39,40],[6,38],[-10,17],[-65,-4],[-58,16],[-11,53],[5,23],[-49,101],[-37,23],[-6,32],[-30,43],[-72,32],[-6,49],[-34,54],[-19,-22],[-81,24],[-103,55],[-79,-3],[10,42],[-10,38],[56,84],[-34,68],[-66,31],[-28,-7],[-36,47],[-29,-4],[-28,-25],[-37,-1],[-3,41],[-36,10],[30,24],[31,54],[51,23],[18,26],[25,4],[5,12],[87,3],[27,-16],[18,20],[14,0],[22,-4],[0,-10],[29,-12],[59,-1],[35,-15],[95,62],[11,55],[63,24],[-6,35],[47,47],[-20,49],[21,30],[-19,50],[-46,55],[-47,-4],[-14,11],[-24,-2],[-45,43],[8,27],[-13,75],[39,21],[26,50],[-24,62],[75,1],[26,22],[30,-8],[22,6],[8,18],[45,34],[74,21],[51,88],[-27,54],[-22,19],[-11,49],[-17,17],[11,11],[-15,11],[10,9],[-21,20],[7,17],[-21,10],[5,11],[7,-7],[-5,16],[-30,23],[3,24],[-17,-6],[-7,37],[-20,7],[1,23],[-15,8],[2,19],[-35,25],[-13,32],[-20,14],[-1,15],[-71,89],[15,7],[85,10],[74,-33],[27,-50],[269,-36],[90,-41],[27,9],[9,-15],[90,-40],[155,110],[23,0],[20,14],[41,-20],[29,10],[58,-6],[21,-30],[124,-68],[77,28],[73,57],[98,28],[101,-4],[73,-43],[41,-44],[52,12],[50,-10],[-109,-80],[-1,-23],[21,-46],[-17,-36],[-23,-16],[-1,-20],[-24,-26],[-17,-2],[-24,-24],[-14,-30],[-38,-9],[-12,-19],[49,-29],[2,-13],[-27,-9],[-5,-11],[-37,1],[-6,-37],[29,-12],[-29,-72],[-22,14],[-2,19],[-41,8],[8,-46],[58,-34],[68,2],[24,37],[16,-10],[-7,-5],[27,-3],[2,-24],[27,-6],[24,6],[8,12],[3,-10],[22,8],[21,-16],[22,13],[60,-40],[76,1],[3,-10],[54,42],[18,0],[46,35],[11,-1],[0,9],[26,-1],[26,37],[21,0],[19,17],[66,0],[3,9],[20,-7],[10,-15],[199,373],[44,-26],[29,1],[57,-25],[75,15],[23,-5],[-19,-48],[-19,-18],[6,-29],[-23,-35],[-63,-25],[-26,-39],[-1,-49],[10,-20],[-8,-40],[26,-25],[-13,-36],[44,-37],[24,-1],[2,-13],[-18,-23],[102,-45],[23,-24],[22,-5],[8,-22],[42,-1],[77,55],[21,7],[6,-6],[-50,-44],[-3,-24],[17,-17],[-41,-24],[1,-66],[-48,-11],[-1,-24],[-39,-25],[-6,-23],[12,-59],[-67,-46],[-3,-55],[-17,-8],[-46,2],[-23,-13],[3,-20],[59,-38],[-1,-7],[-25,-27],[-48,4],[-23,-44],[16,-35],[-5,-18],[-19,-15],[-50,-14],[30,-31],[5,-61],[21,-44],[-23,-14],[-34,17],[-10,-5],[20,-26],[1,-24],[20,-14],[-31,-41],[18,-43],[-21,-36],[-2,-45],[-18,-2],[-40,20],[-43,0],[-71,-22],[-8,-40],[13,-18],[56,-24],[48,-6],[21,-20],[-3,-21],[-13,-11],[-14,2],[-48,33],[-43,-14],[-29,-31],[16,-36],[-6,-30],[-20,-25],[11,-26],[-7,-65],[48,-27],[18,-68],[40,-56],[10,-44],[-22,-31],[19,-70],[-4,-29],[16,-14],[11,7],[36,-9],[32,-29],[2,-109],[-27,-21],[-6,-18],[9,-14],[-18,-22],[21,-41],[-5,-30],[9,-21],[-19,-44],[-20,5],[-16,-11],[39,-54],[13,-54],[24,-12],[-18,-28],[3,-33],[-9,-16],[24,-35],[-1,-46]],[[37702,77265],[-14,-4],[5,-38],[-15,-13],[-53,10],[-14,20],[-20,8],[11,47],[49,25],[38,8],[24,-12],[-13,-5],[11,-47],[-9,1]],[[40569,79256],[29,-11],[45,5],[5,-2],[-56,-17],[-42,29],[19,-4]],[[39768,79509],[4,-15],[-50,-2],[5,16],[41,1]],[[39841,79525],[-4,-5],[-4,6],[5,1],[3,-2]],[[39873,79574],[-1,-4],[-3,0],[2,8],[2,-4]],[[39854,79579],[1,-2],[-4,-2],[-2,5],[5,-1]],[[39867,79583],[1,-4],[-8,-2],[0,6],[7,0]],[[39891,79627],[7,-20],[39,-7],[-5,-20],[-6,7],[-7,-12],[-4,13],[-16,-9],[18,-14],[15,10],[3,-12],[2,18],[22,-1],[0,7],[-22,-3],[12,13],[83,-20],[18,4],[9,-9],[-9,-23],[-154,-2],[-38,-9],[-5,38],[11,-32],[6,24],[14,3],[4,-16],[0,28],[12,3],[-10,25],[-6,-33],[-3,24],[-10,2],[4,-11],[-12,-3],[-5,14],[33,23]],[[39875,79583],[-3,3],[2,5],[4,-3],[-3,-5]],[[40400,81662],[2,0],[-1,-2],[-2,1],[1,1]],[[40271,81695],[21,-10],[40,4],[-2,-11],[-12,-1],[26,-14],[8,-21],[-47,-10],[-44,65],[10,-2]],[[40460,81733],[6,-5],[-11,-3],[-4,10],[9,-2]],[[40520,81737],[-3,1],[0,1],[4,-1],[-1,-1]],[[40549,81750],[-1,-10],[11,-3],[10,18],[1,-18],[-25,-15],[-17,7],[-3,4],[15,-3],[6,26],[3,-6]],[[40438,81745],[-3,-4],[-2,7],[4,2],[1,-5]],[[40432,81750],[0,-6],[-2,0],[-3,6],[5,0]],[[40582,81761],[6,-3],[-6,-1],[2,-13],[-1,-11],[-3,-2],[-7,25],[9,5]],[[40523,81750],[-1,-7],[-6,0],[8,12],[-1,-5]],[[40442,81753],[0,-2],[-2,-1],[0,3],[2,0]],[[40472,81754],[0,-2],[-1,0],[0,2],[1,0]],[[40395,81759],[2,-5],[-11,4],[1,3],[8,-2]],[[40402,81749],[-3,2],[-4,15],[10,-14],[-3,-3]],[[40409,81767],[0,-1],[-1,0],[1,1]],[[40585,81771],[1,1],[1,-4],[-1,0],[-1,3]],[[40722,81570],[4,5],[4,-11],[-6,0],[-2,6]],[[40977,81586],[0,6],[3,0],[0,-6],[-3,0]],[[40983,81587],[2,6],[-1,-6]],[[40976,81593],[0,-5],[-3,0],[1,5],[2,0]],[[40989,81594],[-1,0],[-1,3],[3,0],[-1,-3]],[[41093,81651],[-16,0],[-10,-1],[10,3],[16,-2]],[[41115,81670],[-6,-5],[-5,-13],[-1,14],[12,4]],[[41143,81667],[0,-3],[-4,0],[0,5],[4,-2]],[[41188,81669],[0,2],[2,0],[-1,-3],[-1,1]],[[41164,81675],[2,-2],[-6,-1],[0,3],[4,0]],[[41220,81673],[-1,2],[5,0],[-1,-3],[-3,1]],[[41178,81678],[0,-2],[-2,-1],[-1,2],[3,1]],[[41141,81685],[6,1],[-9,-6],[-1,8],[4,-3]],[[41164,81683],[1,4],[2,0],[1,-4],[-4,0]],[[41235,81704],[-4,-18],[-24,-5],[-7,19],[-10,-15],[-8,1],[2,14],[-17,-1],[-14,-13],[-21,5],[4,-26],[-11,1],[8,29],[38,8],[37,-1],[16,17],[11,-15]],[[40669,81776],[45,-10],[28,16],[-2,-9],[16,-6],[-18,-19],[-7,11],[-14,-14],[8,6],[4,-3],[-12,-4],[-19,-1],[-17,-7],[-21,-22],[-43,-6],[-22,8],[-10,59],[21,8],[7,-21],[5,8],[36,-9],[12,7],[-3,16],[6,-8]],[[40805,81773],[-10,-1],[-4,5],[14,-2],[0,-2]],[[40770,81775],[-1,-3],[-6,-2],[4,12],[3,-7]],[[40795,81784],[1,1],[2,0],[-1,-2],[-2,1]],[[40729,81785],[-2,-1],[-3,3],[6,-1],[-1,-1]],[[40735,81786],[1,1],[2,-3],[-2,0],[-1,2]],[[40669,81789],[-1,0],[0,1],[1,0],[0,-1]],[[40662,81790],[1,0],[0,-1],[-1,0],[0,1]],[[41732,82493],[10,-20],[-13,-4],[-7,24],[-10,3],[22,5],[-2,-8]],[[53965,70213],[-20,-36],[-39,-19],[-121,-13],[-34,-15],[-40,-66],[-74,-74],[-46,-17],[-110,-81],[-64,-27],[-36,-29],[-40,-74],[6,-70],[-25,-103],[1,-66],[-12,-26],[30,-211],[40,-59],[150,-118],[52,-82],[3,-22],[-18,-28],[8,-84],[-20,-51],[4,-61],[7,-43],[87,-114],[-8,-50],[17,-47],[-16,-125],[10,-29],[76,-78],[22,-86],[55,-95],[1,-19],[-52,-74],[-85,-90],[-65,-22],[-28,-52],[22,-27],[55,-33],[65,-74],[0,-23],[-32,-79],[27,-41],[19,-63],[79,-88],[-17,-44],[-25,-12],[-58,14],[-21,-4],[-23,-19],[0,-36],[46,-58],[9,-55],[-27,-36],[-85,-33],[-16,-18],[8,-43],[-17,-102],[-69,-54],[-57,-179],[-32,-13],[-86,4],[-23,-51],[-52,-40],[-14,-50],[-12,-11],[-152,-29],[-41,-18],[-21,-25],[-29,-119],[54,-45],[8,-22],[-5,-42],[40,-30],[11,-40],[41,-55],[-4,-128],[-19,-33],[-4,-67],[-11,-28],[-45,-27],[24,-77],[1,-50],[-66,-230],[-3,-92],[-12,-38]],[[53012,65394],[-162,-120],[-20,-50],[-7,14],[17,27],[-2070,-1536],[-30,9],[-50,-1],[-16,29],[-72,7],[-13,12],[-27,1],[-50,-23],[-14,-37],[-34,10],[-10,13],[-18,-12],[-54,-10],[-15,-15],[-26,18],[12,22],[-38,-2],[-5,27],[-45,46],[-49,-26],[-8,-20],[-33,10],[-63,-7],[-39,7],[-43,-14],[1,37],[8,4],[-10,12],[21,22],[-14,40],[12,13],[17,126],[-20,56],[10,12],[4,85],[-24,43],[-15,-10],[-29,1],[-7,-16],[-6,39],[-22,-11],[-37,47],[-3,36],[24,6],[-19,27],[13,7],[3,17],[-19,19],[22,23],[-7,20],[-45,35],[-3,66],[-34,25],[-28,81],[-22,-6],[7,21],[-29,28],[6,19],[-7,7],[-25,-13],[1,26],[-17,14],[-4,57],[-39,0],[-26,30],[11,31],[-15,17],[40,39],[-28,36],[7,18],[-11,-1],[-1,2],[37,16],[-12,7],[9,16],[-9,4],[-4,15],[14,-2],[21,18],[-6,9],[15,7],[14,51],[-8,31],[9,3],[8,42],[24,19],[14,0],[-8,18],[9,-4],[8,9],[-8,47],[16,10],[-8,8],[12,15],[-15,24],[10,14],[-12,11],[11,8],[-7,25],[15,8],[-11,10],[14,15],[-7,10],[-30,-1],[-23,28],[3,21],[-30,8],[5,14],[-22,3],[8,16],[-20,18],[15,3],[-10,20],[9,5],[0,24],[-11,9],[14,5],[-2,33],[26,34],[-2,28],[51,33],[7,30],[14,11],[27,-2],[33,21],[30,-1],[1,58],[88,78],[-5,33],[42,31],[33,3],[19,15],[20,46],[30,9],[9,32],[68,49],[3,35],[26,2],[32,45],[-22,33],[-27,13],[-8,23],[-30,11],[-17,23],[-24,-2],[-24,14],[-44,8],[-14,-8],[-19,6],[-19,23],[-4,30],[-26,28],[-57,17],[-15,1],[-25,-55],[-32,-25],[-145,-30],[-77,-2],[-67,-109],[71,-2],[-27,-142],[19,-79],[-43,-75],[-44,-42],[-29,-7],[-57,4],[-64,-16],[-29,-66],[-106,-31],[2,-49],[-15,-25],[-57,-18],[-86,-6],[-35,19],[-65,86],[-15,60],[-45,36],[-24,34],[-61,27],[-49,62],[-67,30],[-26,33],[-74,16],[-27,103],[-63,-12],[-47,18],[-40,39],[17,19],[-4,27],[-38,-18],[-46,77],[-14,6],[-6,32],[17,40],[55,54],[0,19],[-20,8],[-13,20],[-1,49],[18,34],[3,38],[26,14],[98,4],[23,25],[-13,28],[0,51],[20,26],[1,26],[-22,65],[-3,121],[2,20],[28,34],[-3,75],[29,54],[-25,57],[19,139],[24,30],[54,14],[50,31],[19,40],[74,50],[67,4],[26,27],[59,10],[84,-3],[43,-15],[48,30],[41,11],[-11,83],[20,45],[-21,17],[-50,-1],[-13,33],[-70,-13],[-27,26],[-10,32],[-28,8],[-15,26],[-13,79],[-14,224],[-24,10],[-33,-13],[-23,12],[6,47],[49,62],[1,71],[-16,53],[-50,79],[-5,81],[33,65],[-7,115],[10,76],[17,22],[-5,14],[-36,43],[-73,29],[0,95],[-22,89],[-59,9],[-38,44],[-31,14],[-21,49],[-25,12],[-22,32],[-37,16],[-6,30],[-26,22],[-2,37],[-37,31],[-44,21],[-7,36],[-34,39],[-3,41],[-42,42],[7,31],[-42,-25],[-35,-9],[-76,22],[-19,84],[-20,25],[-91,13],[-18,-23],[-22,-8],[-41,27],[-17,-2],[-15,13],[-46,11],[-1,38],[-29,32],[-9,30],[-41,5],[-16,25],[-33,14],[-28,27],[-40,3],[-7,-15],[-34,1],[-31,16],[-22,45],[-30,-11],[-19,5],[-32,40],[-16,63],[-23,12],[-62,-12],[-82,55],[-37,7],[-36,19],[-11,-33],[-33,1],[-28,-19],[-16,1],[-21,27],[-73,43],[-11,43],[-41,31],[-24,70],[-58,36],[-35,10],[11,74],[-9,17],[-27,14],[-2,23],[-23,-2],[-28,48],[-45,10]],[[41774,81229],[-52,179],[3,42],[22,10],[49,-29],[42,9],[52,60],[3,37],[61,30],[26,53],[45,17],[48,46],[-3,8],[-13,-7],[5,-9],[-20,-12],[-15,22],[-19,1],[-14,-10],[-5,-21],[-19,-11],[4,35],[18,22],[-11,22],[-21,12],[-47,-19],[-10,34],[12,-3],[40,16],[30,-9],[30,49],[12,-7],[-7,-17],[15,-6],[-35,-19],[4,-18],[24,-2],[1,-15],[12,-4],[-3,18],[13,3],[36,-13],[44,-1],[-17,6],[14,90],[-27,84],[5,91],[-11,9],[-13,-12],[-11,36],[-51,2],[-30,-16],[-10,-24],[5,-20],[-26,0],[11,42],[-15,27],[58,8],[9,16],[29,-3],[22,14],[19,-6],[23,17],[-17,-4],[5,7],[-69,27],[-55,11],[-29,-17],[-62,-69],[-64,-8],[-74,-23],[-173,-133],[-118,-19],[-28,-37],[-91,-75],[23,33],[-13,6],[-8,23],[-3,-17],[-20,-18],[14,-37],[-66,-59],[-38,-68],[-102,-87],[-57,11],[-25,-9],[-7,7],[31,7],[-2,11],[-11,2],[-7,-14],[-37,-11],[30,-3],[-20,-40],[-41,-2],[-55,17],[-26,19],[-13,29],[10,13],[56,23],[4,10],[5,-26],[-16,3],[-11,-11],[17,1],[-6,-9],[14,-2],[19,4],[-4,30],[8,8]],[[40983,81587],[1,0]],[[40984,81587],[29,22],[-12,13],[41,27],[16,-18],[24,14],[18,-8],[63,7],[65,24],[34,35],[-6,14],[-31,8],[3,20],[52,4],[0,16],[53,44],[44,11],[9,11],[4,-14],[6,13],[-16,12],[72,66],[13,22],[-2,19],[47,27],[27,29],[22,42],[2,34],[36,-17],[2,-19],[24,12],[54,-14],[-3,-9],[-30,-7],[14,-10],[31,5],[-15,54],[-42,8],[9,7],[-16,2],[-3,10],[-15,-7],[5,9],[-51,-2],[-1,-8],[-40,33],[-47,6],[-25,17],[-4,14],[24,9],[20,21],[-3,8],[22,4],[1,8],[24,-12],[55,2],[25,9],[16,21],[25,-2],[3,-11],[27,-5],[21,6],[-46,14],[-27,20],[12,31],[-18,38],[45,90],[70,24],[2,-16],[-19,-3],[-2,-8],[20,1],[0,-44],[-6,-7],[-13,9],[4,-10],[-14,-12],[15,-14],[-3,-14],[21,-28],[37,-24],[24,-6],[33,11],[-16,-8],[23,-3],[-8,-10],[18,-22],[6,19],[-9,17],[34,29],[70,29],[9,-18],[20,-5],[52,4],[20,19],[-22,33],[-54,-23],[-11,0],[109,53],[4,20],[-22,40],[4,15],[30,-57],[5,11],[30,-10],[25,11],[-1,29],[31,6],[9,0],[7,-4],[-17,0],[-9,-11],[-10,4],[4,-24],[22,25],[19,-12],[3,9],[15,-6],[22,11],[-5,40],[16,23],[-20,-9],[-14,32],[-21,3],[8,22],[-10,62],[15,8],[-14,3],[-11,22],[16,20],[34,7],[-39,28],[-2,8],[14,4],[-12,33],[-1,-10],[-12,9],[21,32],[-9,0],[-7,19],[19,38],[-12,21],[7,0],[-26,49],[-29,12],[1,9],[-4,-8],[-14,8],[-46,-3],[12,35],[-18,-15],[-1,-23],[14,-15],[14,2],[-6,-11],[-43,21],[-12,25],[-35,26],[25,-9],[34,22],[28,-22],[-11,15],[11,6],[-39,10],[23,13],[9,-20],[10,0],[1,48],[-49,0],[-8,-9],[5,9],[-16,-8],[5,9],[-43,4],[15,13],[-49,34],[4,16],[-27,9],[-12,12],[4,9],[-17,-19],[30,-27],[-10,-5],[14,-1],[5,-8],[-16,-6],[-42,-73],[62,-31],[4,-11],[-74,25],[-23,-15],[-37,28],[-6,1],[-3,-2],[-1,0],[-2,-2],[-1,1],[10,5],[4,0],[-7,8],[20,1],[42,26],[29,31],[5,32],[-23,56],[53,41],[111,45],[0,11],[8,-5],[4,13],[13,0],[2,10],[12,0],[0,9],[7,-3],[32,30],[53,25],[-2,9],[93,95],[38,72],[-8,36],[-53,27],[-9,21],[16,29],[-13,21],[36,78],[15,62],[-57,88],[-85,58],[19,59],[72,28],[89,7],[85,20],[101,50],[22,34],[41,177],[84,46],[49,11],[73,36],[26,21],[12,31],[62,24],[57,35],[27,112],[195,24],[57,22],[107,0],[157,19],[131,32],[113,53],[47,36],[6,67],[63,62],[-16,59],[1,38],[-17,11],[-5,-15],[12,-30],[-9,-38],[-13,21],[8,189],[22,12],[7,22],[23,15],[12,72],[180,-32],[88,8]],[[44156,85258],[3,-21],[-45,-26],[-13,-29],[71,-34],[-10,-26],[-39,-28],[-7,-45],[-15,-2],[0,-17],[-69,-52],[2,-19],[-19,-20],[-9,-47],[-35,-52],[9,-4],[-4,-19],[28,-9],[-13,-21],[0,-28],[-19,-26],[17,-13],[-9,-26],[42,-46],[-16,-138],[16,-58],[90,-57],[5,-35],[29,-41],[-39,-69],[20,-54],[-12,-58],[9,-65],[-17,-39],[-52,-63],[55,-60],[25,5],[16,-41],[-31,-18],[-5,-29],[-51,-46],[9,-16],[-30,-24],[-16,-56],[34,-40],[-34,-41],[-6,-24],[9,-31],[38,-37],[10,-54],[44,-19],[24,19],[17,2],[45,-32],[39,3],[22,-21],[103,-18],[61,-53],[87,-37],[16,-24],[53,-27],[10,-33],[25,-14],[2,-65],[55,-24],[18,-35],[15,-1],[1,-12],[51,-23],[-8,-10],[44,-33],[-21,-8],[72,27],[83,9],[151,46],[74,-16],[142,-155],[48,-32],[137,-70],[87,-9],[68,-18],[89,-68],[44,-21],[134,-109],[357,-397]],[[50701,71543],[-4,-26],[22,-21],[95,-22],[22,4],[10,12],[56,2],[12,15],[16,-4],[27,17],[55,5],[23,23],[36,-3],[37,-24],[42,-17],[17,2],[25,18],[-33,41],[18,3],[32,37],[34,7],[26,29],[34,5],[11,22],[60,22],[62,71],[12,32],[105,65],[39,12],[21,-16],[27,34],[17,-8],[67,39],[-2,7],[-20,-2],[-12,14],[12,24],[-25,21],[11,19],[24,0],[14,-24],[36,2],[7,-20],[20,-6],[24,36],[38,5],[-11,31],[11,7],[24,-5],[-1,-25],[23,2],[12,-22],[45,-9],[17,-26],[-37,-83],[-76,-31],[25,-7],[51,18],[57,79],[28,10],[47,58],[8,64],[39,12],[44,36],[48,12],[-14,26],[47,9],[73,85],[67,27],[31,62],[70,48],[66,20],[38,24],[-7,23],[20,6],[12,27],[-18,22],[-21,-2],[-5,21],[-32,18],[-1,10],[-21,0],[23,32],[32,-8],[21,11],[33,-6],[58,31],[-41,-2],[-51,18],[-52,24],[-26,31],[-41,18],[-18,19],[10,59],[21,25],[-16,5],[-40,-11],[-54,2],[-20,11],[-16,-15],[-21,19],[-15,0],[-23,25],[-15,-7],[-35,4],[-16,16],[-329,16],[-26,-36],[-19,18],[-20,-2],[1,13],[-37,6],[-4,8],[-4,-11],[-25,19],[-28,-2],[-41,31],[-94,-3],[-143,-70],[-33,-22],[-4,-23],[-25,-32],[10,-31],[-1,-13],[-12,-6],[1,-28],[-55,-15],[3,-9],[-13,-11],[17,-37],[21,-5],[10,-19],[-3,-16],[-19,-1],[3,-26],[-25,-25],[35,-15],[19,-21],[-3,-10],[-23,-2],[-3,-14],[18,-2],[-14,-12],[6,-14],[41,-11],[4,-20],[-19,-14],[8,-11],[-10,-19],[-51,-25],[-13,-19],[-20,22],[-70,-52],[-17,9],[-32,-9],[-6,-38],[-32,-23],[-26,-6],[-8,-16],[-36,-5],[-23,-44],[13,-25],[-16,-16],[-20,-9],[-10,5],[-25,-35],[-21,-11],[-15,-5],[-13,11],[-13,-13],[-13,3],[-3,-16],[-26,-25],[-76,-47],[-16,3],[-22,-10],[-29,-42],[-29,-2],[1,-23],[-13,0],[6,-23],[36,1],[5,-11],[37,-18],[53,4],[31,-4],[12,-10],[-50,-69],[3,-22],[-16,-31],[19,-30],[-4,-11],[-62,-49],[-12,-31],[-55,-14],[5,-22]],[[41741,82524],[2,-6],[20,-5],[-22,-4],[0,15]],[[41755,82587],[-44,-28],[16,-2],[-10,-14],[-12,14],[-53,17],[6,10],[-18,36],[16,45],[-17,46],[21,27],[-11,18],[4,14],[32,21],[3,20],[42,20],[24,48],[-10,13],[18,10],[35,-44],[76,-33],[7,-11],[63,-1],[55,-16],[21,-33],[-6,-4],[-8,19],[-9,-24],[-18,19],[-55,-16],[10,-4],[-8,-21],[26,-16],[18,-3],[-36,23],[7,18],[18,4],[9,-4],[-12,-7],[8,-15],[50,-13],[-37,-31],[5,-11],[-28,-2],[-12,-31],[-14,2],[-10,15],[-20,-6],[9,11],[-13,16],[-5,-8],[-8,26],[-23,-9],[11,-41],[-17,18],[-12,-7],[3,20],[-19,15],[-23,-22],[-32,1],[-3,-20],[-40,-18],[22,-16],[5,-21],[13,-3],[-10,-11]],[[56719,76044],[26,-22],[45,-8],[79,34],[29,-7],[17,10],[70,-23],[57,5],[30,-14],[31,12],[80,6],[139,-52],[46,15],[47,-3],[28,-15],[32,6],[16,-13],[20,12],[1,-21],[10,-4],[32,18],[20,30],[23,-5],[29,41],[37,14],[35,-1],[18,21],[49,7],[8,17],[31,-29],[22,17],[13,-18],[10,9],[30,-6],[34,-22],[105,11],[39,20],[7,18],[60,47],[34,3],[-7,14],[51,35],[-13,22],[0,31],[26,-2],[31,22],[18,-2],[8,15],[22,-2],[26,19],[5,26],[15,9],[-3,18],[58,-6],[33,23],[27,-12],[32,-1],[23,13],[39,-23],[66,-9],[29,58],[26,26],[24,-9],[32,22],[-23,22],[-3,23],[14,47],[26,30],[47,-25],[9,15],[39,2],[26,-12],[1,-9],[19,-3],[29,21],[25,3],[-13,33],[21,6],[34,67],[35,20],[10,-25],[16,-5],[33,39],[86,25],[34,-13],[11,-17],[-22,-55],[19,-15],[57,-5],[8,-41],[-15,-37],[5,-10],[21,-18],[51,-8],[-26,-62],[3,-72],[-52,-18],[-10,-15],[5,-11],[26,-7],[46,14],[38,-33],[62,-17],[10,-34],[33,-42],[14,-81],[14,-18],[33,-15],[-9,-21],[-37,-25],[-15,-90],[-77,-23],[-76,-44],[1,-8],[64,-30],[34,-5],[18,-43],[31,-18],[38,-74],[40,-31],[26,0],[16,-10],[3,-18],[-29,-28],[22,-30],[69,-10],[10,-28],[26,-14],[80,33],[9,27],[28,-1],[51,24],[60,-1],[23,10],[10,26],[49,-1],[21,42],[-20,24],[14,15],[12,75],[12,7],[28,1],[48,-16],[162,7],[85,-51],[70,0],[7,27],[-15,65],[12,19],[79,-39],[23,-32],[1,-14],[-28,-23],[0,-14],[16,-2],[32,17],[57,-8],[-12,-17],[10,-22],[-16,-28],[15,-33],[15,-2],[21,13],[21,42],[18,13],[59,-4],[8,-61],[21,-1],[18,15],[28,-4],[3,-27],[-54,7],[-17,-11],[3,-17],[14,-5],[52,11],[18,-25],[-12,-17],[-51,-8],[-6,-20],[13,-9],[45,8],[22,-20],[2,-16],[-14,-19],[109,-349],[182,-418],[150,-762],[293,-1090],[64,-20],[16,-14],[26,0],[25,-43],[13,3],[-8,17],[7,13],[33,-1],[20,-27],[-40,-6],[-4,-19],[37,3],[67,-14],[138,-132],[142,-177],[1002,-904],[23,9],[28,-2],[75,-41],[5,-28],[-48,-20],[2,-19],[33,2],[24,19],[28,-20],[-35,-20],[27,3],[8,-30],[11,1],[12,27],[46,-13],[8,-18],[-15,-25],[32,-7],[7,-23],[-9,-10],[-28,5],[-12,-8],[20,-25],[-20,-40],[25,-22],[-26,-5],[0,-8],[18,-28],[30,-4],[20,-22],[25,1],[-3,-25],[14,-10],[-16,-26],[16,1],[-2,-11],[-41,-2],[11,-18],[-11,-8],[6,-24],[-12,-19],[19,-7],[-27,-4],[-4,-17],[12,1],[-5,-8],[12,-12],[-15,-21],[26,-11],[-30,-51],[-6,-50],[-19,-3],[3,-15],[12,-4],[-22,-16],[11,-8],[9,13],[33,-4],[-12,-12],[14,-26],[34,3],[-40,-28],[18,-31],[16,-9],[-14,-15],[20,-40],[21,-9],[-2,-19],[-12,-7],[32,-23],[-13,-29],[12,-25],[12,-14],[13,6],[-2,-18],[19,1],[-3,-12],[-33,-20],[10,-8],[24,15],[16,-21],[-21,-9],[16,-7],[33,10],[-30,-43],[17,3],[8,-16],[15,0],[18,-60],[27,-32],[9,-41],[-6,-16],[-42,-17],[-6,-13],[-11,2],[-12,-12],[-11,4],[1,-45],[20,-11],[-10,-21],[21,-12],[-15,-19],[33,-55],[-54,-16],[-7,-21],[-18,-4],[5,-6],[-10,-3],[-16,-37],[22,-66],[93,-36],[22,2],[13,-24],[-4,-65],[27,-90],[-3,-56],[14,-36],[-23,-38],[-26,-6],[0,-21],[-10,-6],[47,-39],[7,-23],[-17,-48],[5,-16],[-17,-4],[-72,34],[-27,46],[-75,46],[-5,16],[-35,28],[-44,6],[-58,-18],[-39,16],[-83,-9],[-5,-18],[23,-12],[12,-36],[-25,-14],[-21,-30],[12,-16],[-36,-16],[20,-40],[1,-34],[-44,-32],[-33,-1],[-18,14],[-29,-4],[-18,-33],[-20,-9],[18,-29],[-27,-16],[20,-7],[3,-12],[-27,7],[-29,-22],[9,-27],[-7,-9],[-42,15],[-24,-2],[-13,-14],[-98,-21],[0,-21],[-52,-27],[-3,-23],[-35,-18],[6,-15],[-15,-21],[8,-13],[-11,-22],[22,-27],[15,-3],[15,28],[14,-4],[-1,-18],[22,1],[-8,-16],[12,-10],[-9,-9],[36,-24],[31,17],[7,-15],[25,-1],[14,-28],[26,-6],[-2,-14],[-33,-6],[15,-10],[-15,-12],[21,-16],[3,-28],[21,5],[5,-6],[1,-10],[-27,-16],[14,-11],[-8,-31],[9,-21],[22,-2],[14,-33],[16,-5],[7,-16],[-7,-26],[24,-12],[5,-21],[-12,-16],[1,-22],[-30,-10],[17,-20],[1,-20],[-10,-1],[0,-17],[-14,-10],[2,-24],[27,-52],[-15,-1],[3,-15],[-44,-66],[3,-14],[-21,-35],[-27,-9],[-1,-11],[-12,3],[-20,-11],[-16,-37],[8,-17],[-10,-22],[11,-16],[-3,-44],[-16,-40],[3,-25],[-22,-23],[-3,-42],[20,-39],[-6,-38],[10,-34],[-16,-60],[10,-5],[-2,-57],[11,-20],[-17,-42],[-13,-8],[5,-21],[-9,-13],[10,-10],[-13,-53],[23,-58],[-15,-20],[-1,-47]],[[59929,66368],[16,40],[-18,15],[-2,15],[-40,-15],[-27,19],[-27,48],[-122,35],[-22,50],[-36,9],[-17,38],[-39,17],[-59,7],[-37,26],[-60,4],[-71,42],[5,57],[-51,60],[5,46],[-17,35],[-9,85],[-28,103],[29,16],[53,68],[-15,37],[9,31],[-9,40],[45,39],[88,127],[68,-14],[-1,50],[-34,17],[-16,33],[14,31],[-20,4],[-34,27],[-14,33],[-32,1],[-66,63],[-47,-11],[-15,10],[-1,32],[-24,10],[-20,23],[-12,39],[12,36],[-15,25],[1,51],[35,105],[-22,26],[-25,8],[-25,-5],[-34,35],[-13,35],[-34,-8],[3,38],[59,51],[7,21],[-34,17],[-38,48],[-96,149],[11,41],[12,1],[22,36],[-3,16],[22,16],[-69,28],[-10,16],[-51,21],[-22,22],[12,-57],[-23,-47],[-59,-81],[-57,-19],[-28,-19],[29,-43],[-22,-39],[11,-80],[-38,-76],[-43,-19],[-15,-28],[-35,-15],[-10,-18],[-37,17],[-24,44],[-21,-5],[-29,9],[-43,-8],[-9,-28],[-29,-14],[-75,81],[-64,-17],[-27,37],[-32,23],[-43,6],[3,50],[-16,19],[-31,-24],[-33,-1],[-43,-16],[-74,-85],[-20,-65],[-36,-19],[-20,11],[-2,24],[-46,19],[-9,14],[-17,-9],[-18,10],[35,36],[19,-2],[-6,10],[14,13],[-5,35],[-41,17],[-22,40],[-84,39],[-14,-1],[-74,45],[-55,-8],[4,-12],[-8,-2],[-82,-13],[-33,7],[-12,19],[-57,18],[-18,17],[11,12],[-17,13],[-39,-10],[-33,3],[-19,15],[-64,6],[-30,-2],[-18,-39],[-23,-10],[-19,0],[-24,25],[-36,-41],[-26,-9],[-4,-13],[-67,28],[-7,27],[-34,18],[-36,-1],[-58,-31]],[[51420,46721],[26,66],[-6,15],[27,8],[29,31],[7,30],[19,3],[16,28]],[[51538,46902],[0,-1],[-1,1],[1,0]],[[51538,46902],[4,15]],[[51542,46917],[-1,0],[1,1],[0,-1]],[[51542,46917],[39,51],[-1,26],[17,25],[-10,62],[-36,47],[-8,28],[18,57],[18,18],[48,16],[-77,30],[6,75],[14,55],[64,0],[65,38],[-14,64],[-14,16],[2,25],[-9,6],[18,57],[-5,12],[24,27],[-2,36],[-13,18],[9,21],[-36,2],[-33,-15],[-20,7],[0,23],[-18,15],[13,45],[-26,0],[-23,15],[-13,16],[2,19],[-11,-5],[-9,9],[-1,32],[-18,23],[17,85],[-39,17],[-25,39],[2,30],[-27,15],[-24,39],[44,60],[69,45],[46,63],[52,138],[52,29],[-6,22],[15,13],[1,30],[9,12],[37,8],[10,24],[-10,20],[25,14],[26,39],[3,62],[23,38],[-16,61],[3,31],[-44,-7],[-34,17],[-22,25],[-22,-3],[3,55],[-21,64],[16,16],[13,44],[3,93],[35,77],[103,70],[49,-15],[22,8],[9,19],[31,17],[2,136],[17,84],[-7,30],[7,27],[112,-22],[29,19],[65,0],[33,107],[37,46],[2,28],[15,18],[-1,59],[78,19],[24,2],[8,-11],[54,5],[-8,35],[18,13],[3,97],[21,24],[-10,21],[33,2],[13,23],[6,15],[-20,31],[15,18],[-3,27],[27,14],[-8,19],[7,18],[37,33],[-13,22],[78,20],[66,32],[3,21],[32,41],[37,7],[15,-18],[26,-9],[33,-44],[40,-3],[24,9],[16,-8],[2,-13],[-34,-24],[-22,-40],[-3,-30],[69,-25],[70,-107],[67,-53],[60,94],[5,23],[60,51],[18,39],[-3,19],[24,24],[57,11],[31,22],[48,2],[67,-21],[27,11],[57,1],[54,-15],[49,22],[135,6],[26,-5],[24,-18],[54,-3],[11,8],[5,31],[-17,113],[25,47],[-22,71],[-33,1],[-24,-17],[-17,-1],[-56,31],[-211,-1],[-59,7],[11,12],[-11,40],[13,44],[-39,74],[-27,-5],[-16,14],[-28,-48],[-33,63],[-4,23],[16,36],[-18,18],[21,38],[-15,10],[-99,5],[-22,32],[-20,2],[-59,36],[-1,19],[-26,30],[-36,0],[-5,18],[-19,10],[-34,49],[-15,-1],[-16,30],[-72,4],[-46,12],[-20,21],[-51,11],[-70,33],[20,25],[-12,42],[0,11],[12,2],[-127,2],[-18,7],[-125,-7],[-1,22],[16,7],[-50,15],[-14,14],[-18,-12],[-52,0],[-91,15],[-18,-17],[-15,7],[4,21],[-42,7],[-21,35],[-9,-14],[-15,0],[-16,27],[5,-27],[-30,15],[-17,-24],[-26,1],[-3,-8],[-18,28],[1,17],[-11,-30],[-5,28],[-10,-2],[-3,-39],[-26,3],[-6,34],[-18,13],[-44,-7],[-39,-18],[53,-63],[-18,-28],[-11,33],[-22,-6],[-5,-28],[28,-11],[-13,-11],[36,-19],[-62,-34],[13,-8],[-15,-1],[4,-20],[-20,-8],[29,-1],[-42,-32],[-15,20],[-1,28],[-35,0],[-15,-25],[3,15],[-20,-5],[-17,-45],[-24,-8],[-5,13],[17,4],[-22,-1],[-9,-19],[17,-10],[-20,4],[4,-20],[-20,-6],[18,0],[2,-8],[-21,-12],[24,5],[-18,-32],[13,-9],[-25,-22],[19,2],[-8,-32],[-31,-9],[6,-35],[-35,-2],[21,-37],[-12,15],[-21,4],[13,-19],[-32,-7],[-13,-29],[18,-21],[18,-1],[-12,-8],[16,-36],[-20,-15],[-3,21],[-10,4],[-33,-17],[-12,15],[-77,-29],[-16,-17],[-34,4],[-8,4],[5,8],[-9,0],[-18,-31],[-59,-28],[-20,-22],[12,-13],[-1,-21],[-43,-16],[18,-10],[36,1],[-22,-37],[33,-36],[-42,-31],[-9,-31],[23,-15],[11,-30],[64,-12],[-4,-13],[18,-11],[-27,2],[-4,-22],[-22,4],[-9,-20],[-31,5],[-35,-16],[-52,-43],[-6,5],[15,28],[-21,-7],[-37,21],[-14,-1],[-16,-25],[-41,-22],[13,-15],[-41,14],[8,-28],[-39,-5],[8,-19],[-13,-6],[16,-1],[-52,-11],[8,-25],[-42,-2],[-7,-26],[20,-9],[-3,-12],[-10,0],[12,-7],[-7,-7],[23,-4],[1,-11],[95,-93],[1,7],[138,-25],[29,-111],[11,4],[17,-14],[-3,-21],[-28,-11],[21,-52],[-4,-38],[21,-8],[0,-20],[-21,-12],[25,-30],[-43,-28],[-32,-3],[7,-18],[-27,-21],[31,-39],[12,-50],[46,-36],[-47,-19],[18,-42],[5,-59],[-31,-36],[-3,-75],[-26,-55],[6,-23],[-25,-19],[-8,-39],[-27,-46],[4,-42],[-31,-3],[-65,-109],[4,-12],[-30,-66],[11,-62],[-9,-11],[-14,3],[3,-38],[-16,-60],[-13,-15],[1,-16],[17,-9],[-15,-62],[11,-24],[14,-197],[-19,-114],[-36,-27],[34,-28],[0,-23],[43,-5],[34,-19],[-11,-36],[20,-55],[-29,-37],[29,-37],[-30,9],[-59,-29],[-16,-59],[-33,-22],[-24,2],[-25,-32],[-20,-86],[-12,-10],[-33,-107],[11,-56],[-23,-65],[4,-38],[-14,-75],[7,-46],[-19,-103],[11,-39],[-6,-19],[-52,-18],[-14,-28],[-31,-22],[-39,3],[-50,43],[-49,17],[-130,18],[-42,26],[-18,28],[-34,19],[-38,44],[-30,4],[-44,21],[7,-31],[-13,-36],[-15,-25],[-10,0],[-3,-22],[-29,-31],[1,-11],[-25,-9],[9,-16],[-22,-27],[1,-34],[-35,-56],[-6,-22],[8,-12],[-12,-24],[6,-55],[-32,-35],[-51,-32],[-25,-57],[13,-18],[9,-51],[3,-82],[-9,-28],[-37,-42],[-9,-37],[-27,-27],[42,-25],[31,-6],[47,-54],[1,-95],[8,-10],[-7,-34],[13,-11],[-1,-21],[-26,-110],[-14,-20],[8,-24],[-13,-29],[-16,-7],[0,-33],[-30,-37],[-35,-89],[-55,-41],[-2,-19],[-15,-2],[-12,-18],[-5,-15],[14,-6],[-17,-27],[8,-11],[-25,-30],[-4,-45],[-14,-11],[-21,-90],[-118,-117],[0,-25],[-27,-30],[-25,-8],[-21,-36],[-56,-11],[-13,-26],[7,-22],[-12,-28],[5,-33],[-32,-13],[-13,-24],[-29,-4],[-41,-41],[19,-70],[55,-41]],[[77299,5849],[73,1],[4,-23],[28,-4],[-10,-30],[9,-10],[29,23],[1,26],[27,-25],[12,0],[4,16],[-27,24],[6,8],[42,5],[11,11],[18,-16],[11,1],[24,38],[15,-39],[39,7],[3,-22],[19,2],[41,26],[-16,12],[3,8],[49,1],[16,18],[35,15],[6,18],[22,-3],[48,25],[20,-9],[5,11],[24,-17],[28,12],[17,-19],[28,13],[2,-30],[-19,-13],[5,-8],[14,1],[32,32],[26,1],[10,-16],[-31,-21],[1,-9],[20,-4],[23,24],[21,-24],[29,4],[-1,-16],[-26,-16],[11,-11],[14,1],[34,32],[-3,-39],[23,-6],[31,51],[39,-33],[30,45],[22,1],[9,9],[1,60],[-19,14],[51,24],[16,-22],[24,19],[26,-15],[31,31],[16,-26],[-44,-26],[5,-12],[20,-5],[26,41],[25,19],[-23,16],[29,20],[-17,17],[3,9],[26,-10],[11,-41],[44,23],[32,4],[5,16],[-17,26],[-20,4],[-12,-22],[-23,15],[34,31],[48,-6],[21,19],[-48,29],[1,19],[12,10],[59,-5],[-7,23],[23,13],[23,-7],[-23,22],[4,9],[64,14],[1,-22],[18,1],[9,26],[-34,11],[-5,10],[31,10],[20,15],[5,18],[24,8],[-1,10],[-44,9],[-5,10],[58,2],[21,59],[19,-1],[25,14],[24,31],[14,-3],[19,-56],[21,6],[18,-11],[30,23],[35,6],[19,-31],[38,-16],[13,7],[-8,37],[33,6],[10,-6],[11,-45],[11,4],[24,47],[4,44],[18,-2],[40,-50],[12,3],[5,27],[-40,17],[1,13],[27,7],[64,-31],[-6,30],[-47,39],[12,42],[-34,6],[-11,31],[13,29],[-70,11],[12,35],[12,1],[17,-17],[14,7],[-6,22],[-29,10],[42,13],[61,1],[34,32],[28,-1],[20,-28],[29,-6],[13,11],[3,43],[34,27],[25,-10],[1,-32],[12,-18],[49,18],[20,-23],[21,2],[-1,-28],[16,-1],[37,20],[12,31],[-35,55],[-47,-3],[-3,75],[17,11],[60,-9],[49,14],[9,8],[-6,25],[27,21],[1801,2],[-1485,-6906],[-18,1],[-44,-34],[-51,-22],[-4,35],[-44,71],[-82,75],[-44,13],[-49,29],[-96,128],[-136,138],[-114,63],[-77,78],[-74,157],[-60,56],[-163,90],[-54,11],[-135,-8],[-113,5],[-170,38],[-60,30],[-45,52],[-17,41],[2,156],[28,108],[-4,97],[-32,170],[-39,74],[-59,30],[-191,41],[-190,119],[-53,69],[-42,84],[-68,185],[-35,41],[-73,44],[-132,48],[-271,66],[-47,1],[-170,-134],[-114,-14],[-83,5],[-56,-13],[-71,-75],[-143,-102],[-145,-67],[-111,-34],[-231,-20],[-74,13],[-44,42],[-77,107],[-59,118],[-42,37],[-63,33],[-48,13],[-54,-9],[-108,-57],[-59,-59],[-53,-9],[-46,42],[-113,3],[-60,12],[-141,149],[-79,55],[-90,12],[-98,-21],[2559,3396],[17,-9]],[[65775,27767],[63,-7],[44,-47],[25,-9],[23,3],[51,28],[24,0],[19,-19],[15,-61],[-5,-65],[91,-6],[-34,-75],[-57,-69],[-24,-18],[-90,-33],[0,-10],[33,-19],[88,-7],[22,-13],[11,-16],[1,-25],[-18,-31],[12,-76],[27,-16],[64,4],[85,-28],[29,-27],[28,-55],[16,-8],[19,3],[47,57],[4,32],[-16,61],[25,23],[19,-6],[22,-49],[38,-40],[17,-84],[60,-71],[36,-70],[-14,-24],[-39,-20],[-56,-55],[1,-60],[42,-44],[112,0],[33,-39],[-12,-23],[-119,-45],[-8,-22],[10,-21],[35,-29],[75,-26],[39,4],[59,23],[32,46],[-21,68],[7,10],[128,-57],[63,-13],[79,-108],[11,-56],[-16,-50],[8,-33],[57,-35],[102,-9],[-22,-31],[-65,-30],[4,-58],[19,-64],[-7,-26],[-43,-47],[-36,-17],[-50,-3],[-7,-21],[131,-76],[76,-4],[111,43],[23,20],[14,33],[-15,41],[-76,20],[-8,25],[9,12],[176,-55],[68,4],[57,27],[24,2],[3,-20],[-46,-62],[-1,-39],[-16,-11],[-48,0],[-22,-10],[-17,-22],[-3,-29],[30,-20],[54,-4],[50,-22],[36,4],[61,24],[14,-4],[-8,-71],[19,-125],[41,-44],[54,-21],[24,6],[16,87],[26,34],[35,18],[54,10],[44,32],[20,-2],[37,-69],[-9,-38],[-36,-27],[-77,-15],[-47,-23],[-13,-40],[193,-247],[275,-98],[46,-40],[45,-20],[52,5],[62,30],[23,-2],[-26,-60],[12,-17],[54,-28],[5,-23],[-25,-12],[-77,-5],[-31,-20],[4,-19],[77,7],[82,-15],[42,8],[95,81],[111,66],[33,36],[71,6],[5,-20],[-12,-27],[-62,-20],[-43,-37],[-3,-100],[-13,-19],[-71,-42],[1,-19],[28,-16],[32,0],[95,45],[76,-2],[60,16],[105,-49],[31,-30],[6,-40],[-40,-65],[-73,-33],[-16,-26],[57,-52],[47,-11],[51,27],[40,43],[37,4],[53,-20],[53,30],[2,62],[65,16],[15,12],[2,85],[40,37],[8,62],[15,11],[45,-7],[52,-29],[25,-26],[-8,-62],[-30,-15],[-54,-9],[-7,-38],[23,-15],[38,2],[42,-49],[36,-13],[58,17],[71,-12],[59,12],[96,55],[41,48],[-15,54],[8,84],[21,8],[58,-43],[98,-19],[25,-17],[27,-54],[-9,-68],[33,-33],[35,-8],[57,7],[43,-33],[25,-2],[18,12],[1,14],[-33,35],[0,18],[21,16],[37,0],[35,-56],[49,-26],[14,-29],[-1,-48],[-16,-29],[-40,-32],[5,-19],[44,-11],[99,-51],[81,-16],[35,-18],[1,-61],[-47,-58],[3,-25],[48,-18],[66,-9],[80,25],[25,-1],[31,-16],[40,-44],[-50,-29],[-14,-71],[-55,-38],[-97,15],[-53,-26],[-69,-4],[-77,-68],[-87,-10],[-97,1],[-70,27],[-34,34],[-30,12],[-58,-3],[-104,-30],[-11,-21],[12,-44],[-66,-19],[-34,-32],[-134,-10],[-47,14],[-57,3],[-87,-19],[-17,-72],[-19,-17],[-59,22],[-23,2],[-61,-24],[-74,20],[-101,56],[-96,25],[-216,90],[-116,-1],[-91,-31],[-33,-37],[26,-58],[-19,-24],[-84,-52],[-221,-115],[-146,-22],[-164,-121],[-99,-23],[-112,-5],[-13,-14],[-1,-38],[27,-77],[0,-56],[-17,-24],[-73,-42],[-19,-21],[-11,-38],[-46,-12],[-12,-13],[-17,-61],[5,-18],[-26,-32],[-24,-63],[9,-70],[25,-14],[58,-75],[17,-61],[39,-59],[-3,-38],[16,-29],[13,-96],[-4,-11],[-59,-5],[-19,3],[-29,23],[-14,-4],[-9,-9],[8,-28],[-59,-25],[-1,-28],[-33,-29],[-185,-20],[-21,-16],[1,-28],[-63,-13],[-48,-26],[-34,9],[-24,19],[-71,14],[-19,-4],[-13,-32],[-22,-17],[-26,-13],[-71,-9],[-20,7],[-19,-8],[-41,19],[-17,-19],[-20,-2],[-24,16],[-38,8],[-86,-2],[-26,19],[-179,-24],[-66,3],[-23,29],[-98,17],[-170,-14],[-57,-15],[-49,6],[-43,-8],[-37,-17],[-2,-24],[-17,-9],[-101,21],[-73,32],[-28,28],[-24,5],[-40,1],[-132,-29],[-24,-29],[-5,-47],[-103,-77],[31,-75],[-13,-61],[-27,-26],[-67,-6],[-32,-50],[-38,-21],[-23,8],[-22,34],[-28,10],[-125,-21],[-58,-34],[-38,9],[-12,-5],[3,-15],[-109,-37],[9,-45],[-11,-5],[-44,11],[-20,-7],[-26,-44],[-11,-109],[15,-26],[58,-34],[0,-14],[-48,-59],[-53,-32],[-31,-132],[-105,-149],[-34,-27],[-47,-11],[-42,-38],[0,-29],[-42,-24],[-122,-35],[-35,-18],[3,-61],[-24,-24],[-7,-23],[14,-32],[-4,-32],[-28,-38],[-10,-47],[-7,-135],[-35,-70],[-11,-62],[26,-113],[-43,-48],[-37,-10],[-60,-41],[-70,-13],[-82,-32],[-35,-68],[-40,-26],[-86,-28],[-59,2],[-110,52],[-136,27],[-120,88],[-50,19],[-4,-8],[-46,13],[1,9],[-50,13],[-99,92],[1,30],[33,50],[-28,94],[-54,29],[-61,0],[-58,-25],[-243,-199],[-42,-56],[-162,-131],[-98,-126],[-95,-46],[-51,-42],[-122,-173],[-20,-16],[-43,1],[-199,70],[-57,30],[-203,145],[-300,159],[-15,16],[-5,89],[-43,5],[-72,25],[-33,30],[-21,6],[-80,87],[-45,5],[-47,26],[-59,0],[-27,19],[-20,25],[-16,99],[-26,19],[-30,-1],[-60,-31],[-92,-97],[-106,14],[-62,-24],[-41,-35],[-17,-52],[-25,-21],[-53,-6],[-64,9],[-157,-79],[-123,-28],[-37,-5],[-269,12],[-85,27],[-49,28],[-35,51],[-36,108],[-56,84],[-36,32],[-192,117],[-154,52],[-56,5],[-65,-7],[-96,-39],[-62,-67],[-28,-53],[-24,-112],[-64,-95],[-14,-101],[6,-34],[-21,-29],[-69,-8],[-51,28],[-46,45],[-89,30],[-61,3],[-175,-38],[-48,-20],[-49,-35],[-30,-7],[-251,-27],[-57,25],[-62,92],[-75,53],[-53,54],[-90,25],[-23,17],[-25,84],[-36,51],[-99,57],[-133,22],[-110,62],[-53,41],[-35,79],[-23,21],[-26,0],[-59,-28],[-73,-17],[-58,-29],[-72,-95],[-36,-1],[-79,18],[-29,13],[-82,69],[-79,29],[-75,14],[-126,-17],[-104,-38],[-67,-9],[-46,-23],[-53,-11],[-124,17],[-68,23],[-35,33],[-44,78],[-6,63],[-24,15],[-20,1],[-76,-137],[-52,-27],[-62,-8],[-45,13],[-6,10],[23,68],[-7,41],[-68,84],[4,118],[-9,26],[-28,28],[-93,60],[-62,0],[-67,-14],[-92,-50],[-138,-41],[-17,19],[7,18],[26,26],[46,25],[34,47],[7,36],[-17,41],[-47,27],[-51,-7],[-88,-30],[-82,4],[-60,22],[-47,34],[-51,89],[-43,50],[-32,20],[-67,16],[-87,-6],[-27,-16],[-101,-105],[-87,-30],[-166,-4],[-93,-16],[-72,-1],[-79,23],[-97,55]],[[38507,42287],[-26,44],[67,62],[64,32],[10,23],[0,11],[-16,10],[0,19],[-25,10],[-24,26],[5,34],[-22,62],[18,27],[33,9],[1,46],[24,8],[11,17],[-26,35],[-22,68],[-21,7],[-11,20],[-51,21],[35,50],[-18,22],[7,12],[-10,32],[-44,14],[-1,19],[97,66],[-16,26],[17,24],[42,23],[34,-3],[32,27],[15,40],[-3,20],[-38,-5],[-14,14],[-32,2],[-8,17],[4,65],[30,54],[-24,58],[2,51],[18,10],[11,27],[1,45],[57,2],[-3,26],[19,31],[-7,18],[31,39],[7,35],[-40,41],[8,29],[57,50],[15,37],[96,72],[-12,47],[35,27],[10,50],[70,78],[-3,17],[19,9],[-30,54],[-6,32],[29,15],[-8,13],[11,52],[-24,34],[-27,13],[-1,35],[-21,42],[44,17],[15,55],[-49,82],[35,26],[34,-12],[5,9],[39,8],[1,64],[11,18],[14,-2],[16,21],[37,20],[14,1],[8,-10],[29,2],[34,52],[17,7],[3,17],[-25,14],[-6,34],[-17,1],[0,22],[-24,25],[13,35],[-11,32],[32,45],[43,-1],[25,12],[10,37],[-6,28],[40,17],[11,26],[31,1],[21,26],[52,-5],[13,11],[31,59],[-5,41],[31,25],[10,58],[16,14],[9,34],[36,22],[-1,41],[-12,24],[23,5],[59,44],[-14,17],[3,28],[58,3],[87,63],[27,51],[20,16],[15,67],[33,5],[30,17],[-1,12],[-53,46],[6,37],[-11,28],[20,40],[54,35],[52,50],[28,51],[26,22],[26,3],[4,-29],[13,-4],[51,8],[13,44],[34,38],[14,0],[36,71],[0,17],[-14,15],[26,53],[-5,31],[64,48],[34,58],[-13,33],[12,18],[-10,9],[1,24],[-27,19],[17,33],[-9,16],[3,41],[25,18],[50,1],[18,-27],[34,2],[20,21],[4,46],[16,21],[69,35],[49,48],[13,34],[25,3],[35,51],[28,16],[5,17],[-26,27],[-42,19],[-32,41],[0,38]],[[40562,47133],[11,22],[-2,26],[15,15],[11,37],[99,43],[-4,65],[67,-14],[26,5],[8,55],[26,26],[58,0],[17,27],[45,1],[36,39],[-9,75],[21,16],[-12,36],[25,39],[55,37],[21,32],[50,27],[21,56],[26,22],[41,11],[2,30],[16,19],[-5,25],[-5,9],[-33,6],[0,23],[38,25],[53,9],[-10,24],[27,47],[4,42],[135,65],[22,63],[23,21],[68,0],[68,44],[3,16],[-55,35],[8,44],[17,29],[33,16],[-16,34],[4,17],[31,27],[-20,14],[4,18],[-33,57],[27,24],[22,56],[-8,23],[6,41],[21,26],[14,49],[-16,25],[52,55],[1,47],[26,76],[-15,21],[14,24],[-4,17],[-25,41],[46,63],[-6,84],[15,15],[32,9],[16,31],[53,51],[55,12],[25,19],[84,99],[78,21],[-8,77],[-14,15],[21,37],[0,22],[19,18],[-19,83],[9,12],[31,9],[26,54],[44,20],[18,-2],[60,43],[47,19],[38,70],[58,13],[26,23],[29,61],[64,18],[31,-3],[26,8],[95,0],[25,-11],[28,40],[47,14],[39,81],[-8,66],[-40,46],[6,77],[33,39],[4,31],[57,44],[49,72],[87,44],[31,30],[-9,9],[6,16],[-35,40]],[[47464,53996],[66,-136],[-19,-34],[0,-23],[27,-74],[-48,-43],[-9,-61],[19,-42],[-29,-20],[-10,-31],[14,-15],[62,-7],[20,-10],[37,-66],[5,-35],[-25,-90],[-80,-81],[-14,-47],[13,-35],[69,-100],[22,-112],[-5,-47],[-48,-42],[-37,-55],[2,-57],[24,-33],[-16,-91],[-18,-44],[-49,-58],[-34,-98],[12,-26],[40,-22],[97,-22],[45,-22],[54,-40],[5,-14],[-30,-40],[-21,-12],[-83,26],[-42,3],[-100,-83],[-15,-29],[-1,-33],[105,-98],[8,-19],[-8,-49],[-39,-61],[-7,-29],[2,-26],[51,-19],[5,-27],[-43,-61],[-83,33],[-27,-12],[-4,-16],[22,-59],[-3,-45],[-52,-79],[-52,-30],[-14,-21],[17,-8],[32,5],[21,-14],[45,11],[27,-25],[18,5],[5,15],[40,2],[13,-13],[29,0],[2,-14],[20,-4],[35,16],[24,-15],[19,12],[36,-8],[25,10],[2,-25],[46,11],[27,-16],[27,-1],[16,-22],[70,6],[9,-44],[-19,-20],[2,-11],[-46,-33],[-12,-24],[11,-15],[-19,-34],[2,-58],[13,-27],[-48,-68],[6,-28],[44,-40],[34,-12],[-41,-13],[-23,-24],[-42,29],[-51,11],[-22,-22],[-21,-47],[-48,11],[-14,-11],[-29,37],[-49,13],[-27,-53],[-21,-9],[-42,-66],[-2,-32],[32,-34],[2,-15],[-18,-27],[-49,-23],[-31,-41],[-27,-78],[10,-8],[-19,-11],[59,-74],[-19,-9],[-14,-25],[28,-49],[-20,-29],[64,-30],[21,-108],[38,-28],[48,-8],[-19,-82],[-70,-35],[-10,-45],[-17,-7],[-9,-20],[-114,35],[-58,-8],[-1,11],[-21,-2],[-19,12],[-13,-16],[-26,12],[-12,-19],[-22,0],[-5,-23],[-79,13],[-41,-9],[-17,-15],[22,-59],[46,-22],[-3,-28],[-26,-42],[6,-36],[38,-26],[7,-17],[-22,-65],[47,-44],[41,-76],[38,-38],[-11,-16],[-51,-29],[-38,-82],[-19,-126],[-24,-49],[-59,-43],[-82,4],[-25,-4],[-8,-10],[-7,-57],[22,-60],[-30,-64],[17,-37],[-35,-46],[-20,-110],[-93,-66],[17,-50],[-25,-88],[-1,-41],[-62,-15],[-57,-38],[-30,-37],[-39,-11],[-11,-24],[6,-14],[28,-9],[40,6],[8,-18],[-10,-13],[-58,-23],[-51,-65],[41,-45],[10,-40],[28,-44],[12,-4],[47,3],[52,20],[53,-5],[143,41],[60,55],[80,50],[14,-4],[28,-44],[70,14],[124,-28],[12,-20],[-3,-34],[-31,-51],[86,4],[-18,-32],[7,-8],[18,10],[14,-3],[-10,-48],[16,2],[9,15],[83,27],[22,-13],[-8,-17],[32,-38],[-13,-19],[3,-40],[11,2],[-6,24],[33,7],[40,31],[64,-68],[11,4],[10,-32],[42,23],[5,-15],[25,1],[35,-17],[8,-13],[-31,-10],[64,-31],[-26,-18],[12,-25],[74,-7],[19,-22],[33,1],[15,-38],[16,5],[16,30],[66,20],[26,-4],[3,29],[26,5],[16,-7],[11,-24],[-5,-21],[9,-11],[-18,-34],[31,5],[32,40],[28,4],[22,18],[-5,23],[55,52],[39,-6],[17,12],[38,73],[-15,30],[17,21],[-9,30],[104,29],[23,30],[36,-24],[19,37],[31,16],[57,-5],[61,17],[12,14],[46,1],[90,-50],[3,-22],[34,-1],[3,-30],[16,-15],[13,5],[23,-34],[65,-11],[11,-16],[26,2],[12,-8],[16,-61],[24,-42],[-7,-12],[15,-10],[-12,-20],[37,-95],[51,-24],[-1,-41],[59,-27],[29,1],[31,-33],[-10,-111],[10,-30],[16,-7],[-20,-24],[31,-59],[24,-8],[6,-32],[-12,-97],[-16,-16],[-31,-10],[-21,-30],[3,-29],[-150,-96],[-1,-29],[-33,-12],[-23,-28],[-14,-28],[6,-26],[-49,-28],[-2,-23],[-30,-23],[14,-24],[-25,-39],[31,-58],[19,-7],[-18,-81],[-47,-83],[16,-143],[26,-31],[89,-43],[21,-51],[-27,-110],[-23,-18],[-33,-52],[-17,-108],[18,-57],[-46,-56],[-3,-28],[-39,-70],[-22,-69],[7,-15],[25,-1]],[[39778,55150],[17,66],[13,21],[17,4],[29,-20],[30,-52],[135,-27],[46,40],[59,92],[66,11],[22,45],[38,17],[89,87],[54,-2],[39,-15],[37,31],[9,32],[69,21],[66,1],[99,67],[23,-37],[27,-14],[15,-21],[77,-41],[7,-25],[25,-4],[29,-49],[50,-19],[24,-44],[22,1],[52,39],[54,18],[41,-13],[11,6],[40,-17],[32,28],[60,4],[46,-13],[10,-13],[53,-3],[70,37],[30,-24],[47,-12],[27,-28],[24,-4],[14,-14],[22,10],[27,-10],[35,6],[36,-18],[49,27],[13,19],[0,91],[-47,56],[-7,86],[14,56],[-14,30],[7,15],[-31,56],[-6,55],[11,24],[-30,71],[11,39],[-10,33],[-38,57],[16,53],[21,11],[-1,14],[52,20],[30,32],[-19,34],[-104,22],[-62,36],[12,19],[-13,71],[29,82],[-29,35],[7,114],[80,-16],[24,-21],[34,-8],[40,-37],[22,11],[23,-11],[27,10],[45,-1],[46,-23],[37,-4],[16,-43],[-10,0],[-14,-19],[26,-53],[35,-26],[-2,-23],[22,-9],[28,28],[26,-7],[30,12],[8,-25],[66,-55],[22,-4],[-4,15],[18,12],[25,-18],[73,-25],[20,-41],[28,-10],[24,-24],[34,19],[43,1],[38,24],[47,57],[29,12],[32,0],[7,11],[23,-1],[21,33],[28,0],[34,27],[86,-1],[24,-12],[42,-74],[33,4],[35,-26],[106,-6],[27,-12],[14,-39],[33,-36],[14,-33],[-12,-42],[9,-39],[-35,-43],[-66,-33],[1,-35],[26,-21],[22,-40],[40,-12],[32,-39],[75,8],[17,-9],[51,12],[12,11],[16,-14],[-1,-42],[-22,-10],[-15,-39],[34,-20],[16,-85],[57,-33],[16,-30],[-3,-15],[-33,-13],[-6,-13],[7,-33],[40,-14],[-3,-12],[-16,-7],[-6,-32],[18,-22],[-6,-25],[27,-9],[22,-31],[41,-2],[8,-35],[24,-13],[-27,-36],[-6,-85],[-11,-4],[2,-13],[14,3],[11,-17],[-15,-7],[8,-32],[-29,-45],[6,-27],[10,-18],[2,14],[24,21],[32,11],[24,-10],[55,52],[37,-2],[16,-15],[39,23],[-6,-54],[-25,-44],[11,-13],[-5,-34],[18,-44],[30,-27],[-14,-77],[13,-29],[21,-3],[84,90],[18,26],[-3,12],[13,0],[15,18],[47,88],[45,22],[17,21],[31,62],[21,12],[24,57],[36,41],[21,8],[8,23],[54,22],[26,-7],[60,67],[32,10],[41,-2],[52,26],[20,-2],[83,26],[48,-1],[28,13],[50,2],[71,-16],[19,43],[18,12],[-12,37],[24,54],[29,25],[31,9],[15,37],[33,0],[10,34],[24,9],[20,-9],[-1,15],[20,0],[19,31],[36,7],[25,25],[-3,33],[10,17],[16,4],[5,19],[-22,29],[-34,-3],[5,20],[-10,11],[38,16],[12,24],[-22,38],[4,33],[-31,30],[2,18],[-12,5],[2,17],[-12,9],[20,26],[0,22],[17,10],[1,20],[17,1],[29,30],[36,-6],[35,-18],[78,52],[16,-6],[15,7],[47,-2],[19,-23],[18,-5],[46,35],[66,18],[25,31],[79,14],[48,22],[50,67],[9,45],[59,25],[-16,39],[5,14],[85,12],[69,-14],[64,24],[62,4],[35,30],[49,6],[54,41],[90,1],[23,11],[94,3],[38,16],[58,-1],[53,45],[85,3],[74,-16],[68,-35],[31,0],[29,-30],[-3,-19],[25,-26],[-4,-31],[33,-38],[63,-27],[59,6],[39,-61],[57,21],[42,-34],[52,-1],[42,-28],[36,-8],[40,57],[18,-12],[45,6],[24,-13],[93,16],[-11,22],[5,13],[35,10],[27,-13],[11,13],[1,21],[-27,21],[53,54],[-13,112],[36,34],[10,44],[11,2],[24,-20],[17,11],[-10,88],[24,6],[24,-13],[60,3],[30,8],[52,35],[31,3],[28,-10],[49,-52],[36,1],[20,45],[59,57],[19,37],[22,88],[-31,114],[97,220],[24,31],[67,54],[107,50],[79,7],[42,13],[34,47],[10,59],[-12,66],[-18,20],[-57,6],[-37,51],[-30,22],[-11,17],[5,55],[-30,41],[-3,43],[61,63],[30,5],[33,23],[54,-18],[51,-1],[65,24],[21,18],[22,67],[-51,143],[-8,90],[70,185],[-15,22],[-88,18],[-56,32],[-90,102],[-42,30],[-42,58],[-9,40],[20,56],[42,37],[22,65],[69,54],[65,119],[30,28],[26,85],[-21,27],[5,22],[68,73],[75,53],[45,49],[42,101],[35,29],[53,24]],[[50429,56704],[-56,32],[9,15],[-25,-2],[1,32],[-39,28],[25,26],[21,5],[4,31],[9,-12],[19,-3],[-10,22],[14,17],[-15,13],[-25,-10],[-5,7],[-23,-4],[-11,10],[-19,-21],[-10,1],[11,27],[-21,14],[27,27],[-26,-3],[1,27],[19,11],[-60,19],[3,13],[-15,5],[4,18],[-12,-7],[-45,18],[2,59],[-85,-32],[1,-47],[-35,-33],[-18,-5],[-4,-18],[-36,-9],[-10,-16],[-15,-1],[-61,-46],[-71,-66],[-13,-27],[-28,-16],[-37,15],[-71,-30],[-44,-31],[-7,-21],[11,-17],[-9,-8],[-18,2],[-6,26],[-21,-1],[-1,-33],[-15,18],[-21,6],[6,-26],[-29,-6],[-24,-28],[-24,21],[-28,-13],[-22,6],[10,22],[-7,13],[-35,-10],[-35,2],[-6,-18],[-21,27],[-31,-8],[-14,16],[2,33],[-30,11],[-19,-6],[-17,10],[-19,-10],[0,15],[-16,-14],[-31,4],[-28,-28],[17,-20],[-7,-45],[95,-28],[4,-26],[-28,-16],[-37,-4],[-11,-31],[62,-38],[24,-4],[7,-22],[-18,-3],[-19,-67],[-26,-6],[16,-56],[-5,-28],[-19,4],[-15,16],[-16,-5],[-6,-29],[-18,-15],[15,-13],[2,-19],[-46,-27],[28,-35],[1,-37],[14,-25],[-8,-24],[-39,-40],[27,-42],[-8,-16],[-49,-27],[-15,-3],[-10,14],[-19,-31],[-14,18],[-12,0],[-8,-16],[6,-24],[-14,-2],[-9,13],[-9,-21],[-27,-16],[1,-34],[-46,-79],[-26,-26],[-17,-4],[-39,-59],[-19,-11],[1,-52],[-12,-37],[19,-59],[-9,-26],[-37,-32],[10,-36],[-9,-19],[-22,-6],[18,-34],[-60,-40],[3,-35],[-18,5],[-28,-25],[-7,-38],[-28,-45],[-134,-78],[-30,-43],[-17,4],[-9,-34],[-19,-14],[-11,-112],[7,-73],[-18,-76],[8,-25],[17,-13],[-20,-22],[3,-8],[-41,-37],[-17,-3],[-13,-41],[11,-14],[-20,0],[-26,-22],[1,-44],[-24,-15],[-4,-14],[-54,1],[-91,-26],[-36,26],[9,51],[14,35],[24,11],[54,70],[-62,45],[-87,25],[-10,40],[10,16],[-13,2],[4,12],[-32,-13],[-85,20],[-58,-25],[-10,-36],[60,-63],[16,-49],[-3,-36],[-34,-19],[-75,-2],[-17,-17],[14,-70],[34,-56],[-13,-27],[-36,-33],[-25,-15],[-38,-5],[-23,9],[-44,43],[-16,-11],[-2,-18],[35,-52],[5,-31],[-55,-64],[-38,-152],[-101,-68],[-25,-45],[-6,-47]],[[47464,53996],[-21,4],[-38,-10],[8,26],[-10,4],[-76,-53],[-10,24],[-30,2],[8,22],[-28,2],[-20,-14],[-58,64],[-37,-10],[-15,13],[-15,-16],[-18,10],[-32,-4],[-26,11],[-17,26],[-48,-10],[-49,20],[-66,65],[-25,8],[-16,0],[-16,-15],[-28,8],[-6,-10],[-15,-1],[-12,8],[-15,-14],[-25,-5],[-14,14],[-26,-16],[-17,7],[-8,-18],[-44,-37],[-20,5],[-30,-9],[9,-15],[-18,-7],[-13,-33],[-19,2],[-12,12],[-57,0],[-25,18],[-24,-15],[-13,8],[-25,-3],[-73,55],[-34,11],[-50,-10],[-41,8],[-23,16],[-58,1],[-41,-36],[-30,3],[-33,-33],[-82,1],[-18,-29],[-65,-8],[-7,-15],[-30,-7],[-12,-15],[-46,11],[-17,-6],[-59,16],[-29,-3],[-12,9],[-24,-19],[-37,-12],[-13,4],[-13,-13],[-34,14],[-15,-23],[7,-13],[-10,-18],[-32,-15],[-71,4],[-22,-10],[-50,0],[-30,-57],[-13,-7],[6,-12],[-11,-9],[16,-20],[-15,-15],[6,-13],[-25,-26],[-31,5],[-10,-23],[-18,-2],[-36,-71],[-33,-28],[2,-19],[-40,-12],[-4,-28],[-27,-8],[-20,-21],[-36,-69],[-12,-3],[2,-21],[-14,-12],[8,-40],[-22,-3],[-30,-22],[9,-11],[-21,-26],[6,-29],[-9,-20],[19,2],[7,-11],[-28,-22],[-24,-6],[-33,8],[-43,-28],[-25,15],[-38,-1],[-24,32],[-39,5],[-35,37],[-26,-1],[-16,-12],[-17,4],[-13,-12],[-42,19],[-20,-23],[-31,-16],[-53,1],[-11,-10],[-42,6],[-24,-8],[-7,-18],[-17,-2],[2,-12],[-29,-14],[11,-16],[-13,-11],[-5,-28],[-13,-9],[-29,5],[11,-29],[-40,-26],[-36,12],[-45,-18],[-39,-40],[-25,9],[-15,-8],[-19,15],[-56,6],[-160,62],[-51,1],[-32,-14],[-16,-25],[-55,-40],[-9,-15],[8,-15],[-17,3],[-30,-19],[1,-16],[-19,-28],[-45,-33],[-70,-31],[-12,-25],[-46,-26],[-6,-14],[-42,-15],[-28,-28],[16,-16],[-2,-29],[-41,-89],[45,-26],[27,-45],[63,-11],[27,-36],[37,-19],[10,-26],[-13,-40],[12,-34],[-49,-76],[5,-19],[-29,-68],[-36,-34],[-10,-34],[-39,-23],[-77,-22],[-5,-24],[15,-64],[-11,-40],[5,-34],[32,-41],[27,-93],[30,-54],[35,-36],[101,-33],[2,-28],[-33,-126],[-20,-28],[-37,-29],[-44,-19],[-47,-58],[-47,0],[-29,-50],[-3,-37],[-58,-49],[-67,-88]],[[41788,58611],[-27,-17],[-31,-54],[-24,-14],[-22,-40],[-6,-40],[44,-50],[-8,-41],[17,-38],[38,-24],[22,-120],[-65,-27],[-79,-69],[-29,5],[-21,-8],[-15,-18],[-5,-43],[-13,-9],[19,-35],[-43,-18],[-38,-32],[-6,21],[-24,4],[-7,15],[-37,8],[-26,40],[-20,12],[-117,-6],[-2,-18],[-36,-10],[-33,13],[-46,38],[-17,-2],[-14,1],[14,10],[30,70],[25,14],[-31,44],[-4,22],[-24,26],[-3,22],[-32,31],[-24,1],[-44,31],[45,41],[41,6],[-8,26],[17,16],[-14,48],[5,41],[-37,58],[-52,-16],[-106,4],[-54,-74],[-41,9],[-61,44],[-23,-24],[-39,-20],[-42,-4],[-59,-28],[-13,11],[13,53],[-19,23],[-5,41],[-44,44],[-34,16],[-1,110],[-37,13],[10,66],[-39,-20],[-14,2],[-24,-20],[-111,-50],[-28,-53],[-29,-20],[-8,-17],[-41,6],[-42,-8],[-34,8],[-56,-28],[-39,10],[-62,-15],[-72,3],[-1,93],[71,92],[-13,67],[21,9],[-8,58],[20,76],[-8,40],[-25,18],[-1,32],[-23,48],[39,90],[0,57],[-17,22],[-49,-3],[-23,16],[-13,59],[23,57],[23,19],[53,-47],[14,-28],[68,-23],[19,-23],[15,6],[24,-14],[51,-10],[-7,46],[9,8],[-11,-2],[-3,10],[13,10],[-22,23],[14,10],[-16,7],[30,11],[4,10],[-20,10],[-1,12],[10,12],[8,-5],[9,11],[9,-3],[20,28],[20,0],[13,12],[31,-2],[38,19],[45,4],[21,-43],[44,-38],[16,-29],[25,25],[29,-5],[14,11],[39,-11],[10,4],[-2,10],[15,-9],[27,30],[78,38],[32,27],[44,-4],[55,-38],[25,31],[15,-23],[42,-14],[0,58],[14,71],[10,5],[-16,51],[7,65],[-21,40],[3,25],[-23,28],[-27,15],[-7,36],[2,16],[20,15],[-15,13],[-10,32],[11,23],[26,7],[-26,93],[25,45],[57,11],[34,-14],[9,12],[40,-19],[33,16],[18,-17],[116,21],[25,32],[-1,23],[13,9],[16,65],[-8,51],[106,-56],[-9,-8],[28,-1],[62,-40],[57,-19],[33,4],[41,82],[-26,10],[20,9],[1,25],[27,35],[72,19],[48,70],[-6,18],[20,6],[6,17],[57,-56],[27,1],[36,-21],[37,3],[11,-7],[12,-105],[70,-107],[37,-1],[20,23],[74,-1],[67,30],[8,6],[1,50],[37,8],[6,36],[36,-9],[-2,17],[19,21],[20,-11],[24,12],[0,12],[19,-15],[14,7],[20,23],[-13,9],[25,2],[5,28],[23,20],[52,-4],[34,10],[32,-8],[23,18],[3,17],[53,-14],[61,16],[25,-7],[12,12],[35,-9],[14,15],[23,-8],[31,16],[87,15],[80,-12],[23,11],[42,-6],[20,6],[26,19],[1,57],[42,10],[44,-3],[21,24],[41,19],[-3,32],[15,27],[14,-2],[8,12],[-1,32],[21,28],[25,-5],[20,25],[85,51],[14,-6],[62,10],[39,29],[4,41],[35,-3],[103,-37],[55,7],[39,-6],[54,-65],[2,-21],[14,-3],[32,12],[57,-3],[2,21],[-11,10],[23,60],[93,-4],[44,-45],[101,-20],[19,-10],[4,-24],[51,-14],[3,-16],[-21,-32],[-55,-3],[-32,-14],[18,-42],[-42,-16],[-10,-18],[5,-32],[-35,-41],[7,-58],[-53,-36],[-33,-8],[-16,9],[-16,-21],[-31,-17],[-15,2],[-5,-21],[-17,-3],[-10,12],[-39,-14],[2,-31],[-40,-18],[-46,-37],[-5,-24],[11,-18],[-57,13],[-11,10],[-35,-1],[-13,-21],[-40,-16],[24,-31],[-15,-8],[-26,10],[-12,-10],[2,-12],[-31,-10],[-22,12],[-2,19],[-33,3],[-32,19],[-3,16],[-21,3],[-24,-19],[-44,9],[-161,-90],[-17,-24],[-29,-9],[-9,-19],[-42,10],[-22,-4],[-27,-28],[-88,-20],[-9,-13],[37,-26],[-15,-9],[-2,-22],[-29,-13],[-3,-11],[-28,5],[-34,-10],[-4,-24],[13,-33],[-56,-28],[0,-36],[11,-1],[5,-13],[-27,-50],[-48,8],[-26,30],[-51,8],[-55,68],[1,-30],[-6,10],[-27,-28],[-57,-14],[-17,-29],[-63,-10],[-20,6],[2,14],[-38,-4],[7,-52],[-52,-30],[11,-11],[-4,-17],[17,-3],[-4,-21],[-27,-18],[-15,25],[-42,-3],[-2,-8],[12,-5],[-13,-22],[6,-13],[14,-1],[7,-25],[8,2],[3,-33],[20,-12],[-24,-39],[22,-10],[15,-23],[-3,-14],[39,-35],[-1,-15],[26,-12],[-4,-8],[15,-3],[45,-40],[7,-31],[-31,-11],[-13,-22],[-12,-5],[-33,12],[-43,-16],[11,-12],[19,0],[-24,-60],[39,-27],[-4,-56],[19,-19],[-18,-36],[29,-37],[-28,-19],[1,-10],[6,-20],[29,-12],[6,-16],[22,1],[14,-10],[-5,-63],[-54,-1],[-34,14],[-29,-29],[-35,-9],[-5,-9],[-14,2],[-3,10],[-58,-2],[-1,-28],[-27,7],[-30,-12],[-4,-12],[21,-21],[-17,-15],[-19,3],[-21,-32],[-3,6],[-2,0],[0,-20],[-41,13],[-42,-30],[7,-8],[-13,-12],[-22,25],[-18,6],[0,-88],[-22,-6],[-7,-30],[-24,-26],[-57,-6],[-41,12],[-24,-34],[-18,-1]],[[37733,33008],[58,-28],[27,-43],[7,-25],[-7,-21],[35,-31],[-23,-7],[4,-32],[-11,-8],[5,-10],[23,-1],[5,-11],[17,-4],[6,-28],[-25,-22],[18,-20],[-77,-67],[-3,-28],[-34,-33],[15,-13],[-1,-12],[-26,-6],[-16,6],[-13,-11],[-26,-55],[-54,-56],[10,-16],[-11,-9],[15,-20],[-18,-25],[2,-34],[-16,-61],[15,-5],[8,8],[31,1],[4,-36],[14,-15],[-40,-40],[-25,-6],[7,-14],[-38,-64],[3,-18],[-22,-27],[-15,8],[-24,-16],[-8,17],[-10,-2],[5,-12],[-11,-14],[18,-12],[-3,-19],[29,-14],[-4,-22],[-29,-17],[9,-77],[-19,-26],[19,-49],[-23,-45],[5,-32],[-11,-48],[-27,-10],[-30,-45],[-19,1],[-26,-18],[-15,6],[-16,-26],[24,-15],[6,-24],[33,-6],[-11,-29],[-13,-5],[18,-4],[4,-15],[-12,-4],[-61,18],[2,-20],[-31,-19],[-16,-42],[-51,-19],[-16,-21],[-35,-3],[8,-11],[-11,-21],[19,-15],[-56,-22],[22,-10],[-29,-33],[-4,-34],[-18,-8],[-19,10],[-61,-53],[-57,-11],[-45,-46],[-11,-35],[-54,-28],[4,-12],[-14,-17],[-30,-3],[-26,-18],[-2,-41],[-21,-1],[32,-16],[18,-31],[40,-27],[0,-26],[23,-15],[-6,-49],[-52,-28],[-13,-19],[11,-30],[24,-12],[-53,-46],[18,-7],[47,22],[12,-22],[22,-13],[-3,-12],[24,2],[-19,-15],[9,-12],[-5,-47],[25,-14],[-4,-39],[32,-70],[93,-55],[27,-6],[9,-18],[40,-3],[16,-15],[28,-3],[26,15],[39,-12],[1,23],[31,-4],[10,-28],[25,6],[51,-31],[15,1],[27,-30],[12,9],[-10,32],[18,7],[56,-5],[59,-49],[31,8],[44,-22],[38,6],[22,22],[25,8],[23,-1],[22,-24],[14,10],[-3,34],[24,10],[21,-11],[0,-24],[29,-5],[-6,-27],[35,-1],[0,-27],[11,2],[9,22],[13,-6],[1,-19],[23,-10],[9,14],[30,8],[18,-5],[17,12],[34,-11],[-2,-76],[50,-17],[19,7],[74,-40],[3,-49],[10,-10],[16,-2],[47,19],[29,-24],[40,-7],[4,-21],[-24,-12],[-5,-13],[142,-17],[27,-11],[26,-26],[40,-10],[34,3],[46,34],[122,-29],[51,33],[55,7],[19,-16],[9,-25],[-7,-58],[8,-36],[32,-19],[20,0],[21,22],[28,74],[0,30],[-22,33],[-64,32],[-16,38],[33,26],[64,-13],[95,-66],[158,-154],[66,-12],[52,8],[38,20],[19,-11],[17,-23],[2,-24],[-15,-34],[-56,-62],[-4,-70],[-31,-23],[-67,-17],[-6,-27],[25,-19],[177,-14],[54,-23],[32,-42],[18,-117],[33,-25],[13,-30],[42,-20],[102,-24],[42,-32],[22,-116],[52,-94],[89,-45],[77,-19],[32,2],[32,21],[58,86],[36,15],[59,1],[25,-15],[30,-44],[50,-47],[48,-23],[13,-29],[34,-23],[38,-58],[-9,-61],[28,-29],[36,0],[98,89],[78,30],[127,21],[128,-28],[88,-2],[50,26],[86,66],[65,15],[97,4],[54,-15],[62,-36],[35,-47],[11,-94],[32,-26],[67,-9],[101,13],[35,-21],[59,-11],[149,-4],[68,-37],[10,-17],[-21,-32],[9,-63],[-12,-50],[5,-51],[25,-18],[59,-12],[35,-43],[95,-46],[27,-2],[48,33],[44,49],[39,8],[36,-17],[32,-34],[7,-61],[25,-26],[224,-67],[79,-45],[102,-7],[41,5],[136,90],[157,-24],[28,16],[66,83],[42,8],[41,-45],[23,-58],[51,-32],[60,13],[52,-9],[31,-36],[4,-43],[24,-15],[22,-7],[64,7],[41,-10],[60,0],[30,-12],[47,-66],[10,-64],[-58,-101],[-66,-50],[-5,-50],[35,-32],[234,-69],[46,-28],[61,-59],[59,-154],[32,-32],[1,-35],[-37,-42],[-124,-40],[-31,-51],[7,-57],[65,-149],[35,-29],[37,-50],[79,-51],[28,-45],[0,-19],[-19,-14],[-103,-21],[-16,-26],[8,-18],[53,-30],[75,-17],[112,43],[44,-1],[101,-33],[38,1],[74,31],[132,117],[39,20],[47,14],[74,-6],[34,-23],[15,-55],[-17,-61],[-66,-51],[-3,-22],[46,-11],[81,21],[103,-3],[96,23],[89,0],[46,23],[36,1],[54,-24],[44,-37],[40,-59],[47,-136],[137,-118],[21,-56],[-10,-45],[-50,-30],[-126,-18],[-36,-30],[-8,-21],[25,-77],[7,-89],[31,-62],[47,-51],[111,-69],[29,-39],[-13,-45],[-29,-31],[-135,-26],[-30,-27],[0,-61],[44,-45],[111,-37],[132,-113],[59,-25],[112,5],[96,42],[87,10],[155,-18],[158,-101],[46,-48],[60,-30],[89,-27],[56,-3],[54,22],[67,2],[225,-46],[39,2],[48,21],[84,-1],[138,-17],[122,-40],[70,-50],[28,-51],[78,-46],[80,-65],[30,-82],[0,-104],[21,-88],[-17,-97],[-34,-43],[-67,-24],[-44,9],[-72,47],[-29,0],[-14,-14],[27,-50],[76,-42],[46,-3],[94,23],[48,1],[75,-30],[23,-23],[-3,-49],[-19,-44],[-96,-60],[-68,-22],[-121,13],[-21,-19],[5,-27],[65,-78],[120,-74],[108,-87],[29,-35],[-1,-86],[-30,-60],[-36,-26],[-79,-22],[-25,-22],[-1,-31],[30,-31],[23,-2],[28,11],[36,38],[111,77],[22,1],[91,-31],[65,-35],[36,-35],[3,-41],[-13,-44],[-26,-31],[-81,-43],[14,-23],[98,-31],[58,-5],[68,-20],[137,-75],[233,-45],[80,-36],[46,13],[10,41],[-16,29],[-56,52],[0,39],[28,36],[78,1],[33,-18],[51,-66],[-12,-133],[28,-39],[48,-21],[91,-2],[61,42],[77,132],[5,110],[15,60],[41,36],[56,-4],[45,-21],[81,-73],[28,-56],[1,-48],[-22,-35],[-140,-94],[-11,-40],[17,-19],[25,0],[92,41],[90,66],[94,36],[210,17],[103,28],[83,-15],[88,-39],[49,-37],[41,-62],[74,-72],[49,-12],[151,50],[54,-7],[14,-11],[20,-46],[-1,-28],[-35,-39],[-123,-82],[-12,-36],[-3,-97],[21,-19],[70,-27],[140,-99],[101,-50],[64,-18],[53,21],[22,47],[8,76],[27,24],[44,3],[55,-12],[38,-34],[26,-64],[17,-178],[63,-37],[71,-9],[70,20],[66,107],[37,35],[56,25],[39,7],[84,-4],[34,-11],[41,-36],[161,-218],[22,-9],[56,3],[124,51],[50,-16],[31,-45],[-6,-77],[15,-53],[23,-24],[75,-44],[53,-94],[56,-34],[73,-27],[363,-58],[268,-72],[152,-11],[138,-68],[137,-93]],[[53517,21739],[-3714,-883],[-22,54],[-29,12],[-95,-99],[-33,-16],[-33,4],[-28,13],[-11,16],[4,33],[-34,93],[2,37],[28,33],[27,81],[-28,15],[-10,20],[7,10],[-74,0],[-42,14],[-21,-10],[-35,-41],[-33,2],[-78,51],[-5,86],[-13,11],[-64,16],[-23,-59],[-20,-15],[-30,-3],[-85,40],[-2,20],[9,-4],[8,21],[-30,71],[-17,-4],[-31,-41],[-69,4],[-51,13],[-11,17],[-38,23],[-31,100],[-35,38],[-12,84],[-46,26],[-74,13],[-43,20],[-20,38],[6,50],[-15,27],[-67,42],[-134,5],[-53,26],[-12,44],[57,88],[-4,17],[-22,0],[-95,-36],[-60,-7],[-16,-23],[-52,-26],[-28,-26],[-44,-14],[-129,23],[-23,34],[-61,9],[-11,10],[-6,28],[25,33],[20,10],[15,51],[0,39],[-23,22],[-17,0],[-13,-13],[-9,4],[-48,-38],[-19,-33],[3,-27],[-14,-14],[-60,-6],[-107,26],[-10,22],[-44,42],[-22,48],[44,100],[-2,49],[-125,96],[7,30],[-33,56],[6,87],[-25,34],[-19,67],[-25,43],[-67,18],[-20,59],[0,37],[-77,51],[-47,6],[-45,-9],[-27,13],[-9,27],[-18,11],[-177,-129],[-17,-48],[-59,-75],[-32,-11],[-23,-25],[-137,14],[-49,-26],[-25,-1],[-75,43],[-60,107],[-34,4],[-18,34],[-37,-86],[-36,-12],[-31,5],[-26,27],[1,21],[-25,8],[-58,55],[-2,24],[-56,15],[-41,41],[-108,48],[-22,48],[43,63],[-20,54],[-81,17],[-69,-2],[-144,42],[-42,32],[-31,11],[-49,44],[-45,8],[-58,42],[-18,30],[2,34],[-52,33],[-53,65],[-42,12],[-34,-3],[-136,68],[-94,12],[-48,-3],[-96,49],[-72,18],[-73,51],[-25,8],[-7,19],[-53,51],[-48,-7],[-23,18],[-44,8],[-79,-25],[-29,8],[-47,-48],[-30,-15],[-28,-126],[-36,-34],[-19,-39],[-109,-80],[-64,-64],[-75,-27],[-41,-31],[-26,-7],[-180,62],[-62,2],[-53,21],[-11,24],[-85,-4],[-50,9],[-144,89],[-65,-2],[-90,-46],[-58,-9],[-56,7],[-34,25],[-83,29],[-92,18],[-60,34],[-44,11],[-46,30],[-54,83],[-53,4],[-91,47],[-120,-10],[-37,9],[-33,20],[-55,73],[-34,25],[-56,23],[-34,2],[-28,-9],[-92,18],[-102,-33],[-62,14],[-20,14],[-53,82],[45,80],[-2,62],[-41,6],[-79,-26],[-35,-2],[-30,9],[-29,22],[-24,77],[-13,10],[-19,-2],[-11,18],[-52,26],[-22,41],[-21,10],[-11,-6],[-20,-73],[-24,-25],[-31,-12],[-59,20],[-38,26],[-39,4],[-35,18],[-55,-29],[-52,-3],[-35,-13],[-60,20],[-72,-10],[-51,12],[-11,-12],[-10,12],[-96,-18],[-92,11],[-84,33],[-88,9],[-20,51],[-42,25],[-81,-36],[-49,-6],[-35,23],[-34,53],[-11,26],[10,27],[-4,33],[-17,24],[-164,140],[-64,152],[-47,10],[-41,-29],[-15,-45],[-51,-19],[-47,21],[20,77],[-17,30],[-46,8],[-71,-30],[-36,5],[-11,45],[56,52],[-8,47],[-19,16],[-51,6],[-50,32],[-22,26],[-36,17],[-24,38],[-1,40],[-28,23],[-36,15],[-66,10],[-31,-7],[-42,67],[22,38],[25,15],[-44,21],[-41,69],[-19,13],[-156,20],[-29,21],[-60,7],[-14,26],[6,28],[12,6],[97,-11],[33,3],[4,13],[-14,20],[-60,2],[-28,15],[-47,73],[23,36],[-2,37],[-48,45],[-81,8],[-45,14],[-59,-8],[-22,12],[-30,-1],[-25,37],[-17,73],[-23,36],[-38,22],[-92,13],[-39,-3],[-53,-23],[-46,-71],[-28,-23],[-38,-17],[-61,13],[-67,48],[-3,40],[21,69],[-58,132],[-28,34],[-136,50],[-43,54],[-16,-13],[-17,-41],[-47,-13],[-42,-22],[-7,-13],[-60,-4],[-89,17],[-22,24],[-5,34],[-22,11],[-82,-33],[-12,-7],[-9,-27],[-19,-2],[-31,26],[1,81],[-17,49],[-34,19],[-70,-37],[-35,2],[-29,15],[-38,36],[-3,24],[19,27],[-2,54],[-88,57],[-49,3],[-71,-75],[-36,-10],[-60,13],[-28,53],[-17,7],[-115,-104],[-33,-162],[-73,-39],[-40,-7],[-35,5],[-24,20],[-23,42],[-31,19],[-65,-11],[-133,-59],[-75,-9],[-21,0],[-8,9],[0,-792],[-37,-22],[-39,-17],[-33,5],[-7,29],[35,42],[1,17],[-22,30],[-40,14],[-78,-20],[2,-62],[-24,-28],[-192,-2],[-80,11],[-104,-28],[-59,22],[-105,88],[-53,19],[-228,-90],[-66,-73],[-18,-45],[-38,-18],[-18,4],[-29,42],[-59,12],[-23,16],[-87,134],[-70,42],[-49,-1],[-86,-61],[-27,-6],[-22,18],[16,79],[-33,26],[-27,4],[-111,-22],[-68,34],[-87,14],[-34,-17],[-32,-36],[-50,33],[-55,60],[-36,19],[-18,-7],[-37,-47],[-95,-32],[-79,-56],[0,-19],[21,-13],[66,7],[11,-37],[-12,-18],[-33,-14],[-72,-14],[-112,104],[-83,12],[-78,-20],[-28,-23],[-69,-13],[-89,-67],[-49,-24],[-28,2],[-80,40],[-85,25],[-46,3],[-50,-29],[-56,4],[-56,-13],[-42,12],[-118,65],[-56,21],[-1,17],[34,17],[12,17],[-14,22],[-24,10],[-37,-13],[-23,-24],[-45,-9],[-126,17],[-67,-17],[-44,-1],[-29,15],[-50,50],[-18,58],[-43,29],[-55,-15],[-95,-86],[-28,5],[-24,24],[-83,39],[-22,-3],[-36,-22],[-106,19],[-45,-13],[-19,16],[-9,41],[-46,32],[20,28],[34,22],[-7,36],[-98,55],[-17,51],[-56,65],[5,49],[-37,63],[-4,34]],[[41105,67107],[-34,-13],[-23,-58],[-15,-9],[-34,10],[-63,-24],[-100,2],[-80,55],[-61,61],[-33,17],[-15,29],[-28,15],[-53,6],[-4,-19],[-18,-14],[-44,-28],[-26,-5],[-2,-21],[31,-53],[-7,-19],[8,-48],[-49,-59],[-39,-10],[4,-94],[-21,-19],[24,-27],[3,-29],[25,-9],[13,-26],[-14,-24],[-15,-9],[-40,0],[-70,-62],[40,-42],[42,-23],[-52,-56],[9,-36],[-41,-49],[-1,-91],[-22,-30],[-23,-7],[-46,-40],[-69,5],[-25,-15],[-43,-3],[-26,-12],[11,-28],[-27,-27],[0,-33],[43,-21],[24,-41],[-34,-29],[-47,-15],[-17,-32],[-24,-70],[1,-64],[12,-41],[-56,-77],[-25,-20],[1,-40],[-3650,256],[-106,86],[-23,30],[-67,13],[-23,20],[-19,43],[-33,37],[7,48],[-30,48],[-46,35],[-22,5],[-10,75],[-18,10],[-24,46],[-72,24],[25,28],[-10,17],[8,50],[-61,48],[-8,44],[-55,7],[-26,20],[-13,60],[-27,32],[-29,7],[-27,-7],[-40,24],[15,41],[-63,30],[-51,142],[-37,40],[4,24],[38,64],[0,23],[-24,22],[4,19],[9,13],[42,18],[20,64],[58,58],[0,22],[-23,49],[35,54],[17,118],[16,35],[-25,84],[9,55],[-23,19],[3,74],[-32,52],[-9,47],[2,11],[59,41],[30,7],[21,105],[-21,153],[30,53],[-15,50],[52,97],[58,56],[-5,22],[15,28],[-10,31],[7,50],[24,23],[84,22],[0,44],[75,104],[30,17],[49,-6],[32,33],[-12,33],[18,19],[4,23],[-25,135],[39,10],[11,12],[-9,158],[19,104],[17,37],[-8,18],[-101,54],[35,45],[-16,28],[-27,17],[12,18],[-15,28],[10,27],[-11,51],[31,5],[8,10],[-7,21],[9,36],[-11,23],[42,3],[9,-14],[22,-8],[37,17],[-2,43],[19,37],[-14,67],[40,4],[5,9],[63,20],[92,15],[27,18],[19,198],[26,37],[74,-38],[21,1],[33,50],[95,-42],[28,21],[-9,24],[-116,93],[-25,64],[0,62],[17,58],[22,25],[30,11],[24,54],[42,53],[-5,42],[42,30],[-5,19],[30,45],[1,63],[70,39],[2,22],[33,44],[36,7],[1,53],[23,28],[-26,50],[1,20],[59,22],[45,75],[15,4],[58,65],[39,27],[21,34],[47,31],[65,25],[62,51],[38,1],[76,63],[42,4],[12,13],[46,12],[77,5],[38,23],[71,8],[23,19],[-2,21],[-54,41],[-56,93],[-19,8],[-24,-7],[-14,18],[-44,18],[-9,11],[3,30],[-40,36],[12,62],[23,41],[6,55],[20,31],[6,145],[-9,116],[-35,25],[-5,21],[-22,8],[-61,54],[-6,26],[-33,17],[-21,34],[3,26],[86,10],[10,19],[-2,46],[-145,-7],[-43,11],[-101,58],[25,15],[10,19],[28,5],[8,10],[5,56],[23,43],[-42,36],[-51,4],[-28,29],[-8,22],[25,71],[-111,31],[7,26],[-49,3],[-49,21],[-14,-4],[-6,-17],[-34,17],[-59,9],[-10,14],[-85,-20],[-79,-61],[-47,-15],[-13,64],[-24,25],[8,70],[-11,42],[-30,44],[-1,58],[-38,49],[-13,43],[-30,31],[-2,35],[-215,144],[-64,0],[-37,10],[-34,40],[3,17],[25,27],[47,34],[55,58],[74,27],[56,60],[-220,452]],[[36079,74349],[-19,83],[45,23],[116,37],[185,47],[180,68],[74,59],[36,60],[15,65],[-17,29],[135,60],[112,74],[8,16],[141,80],[8,16],[-3,50],[-8,3],[9,14],[-11,8],[26,42],[-4,19],[10,19],[-16,45],[21,14],[29,45],[4,33],[25,35],[128,80],[17,37],[116,62],[4,20],[83,53],[3,16],[86,80],[-2,36],[33,44],[-5,46],[34,56],[1,12],[-14,10],[13,36],[-5,26],[22,39],[-15,33],[-22,15],[48,74],[1,26],[-21,15],[4,27],[49,56],[4,24],[-13,52],[25,16],[209,67],[126,71],[71,57],[35,52],[6,47],[-29,48],[-49,16],[25,63],[63,40],[51,62],[23,8],[24,35],[-4,15],[72,19],[2,7],[197,36],[188,51],[220,96],[101,63],[56,51],[36,75],[-12,39],[-22,29],[-8,5],[-6,-9],[18,-13],[-27,15],[9,-19],[-25,21],[10,-22],[-14,-3],[30,-10],[-26,1],[26,-22],[-17,3],[6,-11],[-20,12],[34,-39],[-22,3],[19,-26],[-17,17],[-17,3],[-9,28],[14,77],[111,98],[1,13],[20,18],[65,21],[107,13],[34,-18],[24,-54],[140,-50],[122,-16],[174,21],[-4,-15],[-21,-2],[20,-4],[10,-16],[15,7],[7,25],[21,2],[0,-18],[6,14],[33,9],[-17,3],[51,11],[34,-5],[3,-24],[33,-13],[20,9],[19,30],[-16,5],[14,5],[114,9],[39,-20],[19,-67],[-3,-43],[-10,3],[-1,27],[-31,-29],[-35,26],[-27,1],[2,14],[-49,7],[-19,-10],[-50,-2],[-21,-10],[0,-14],[-11,3],[-38,-25],[14,-15],[-29,-1],[-1,-5],[40,-6],[-48,-24],[33,-10],[-8,-12],[33,12],[8,-8],[-11,-5],[10,-9],[8,7],[13,-9],[16,7],[3,28],[12,2],[23,-17],[29,1],[32,11],[21,22],[-2,-15],[22,-26],[12,9],[20,-8],[18,4],[-1,-17],[25,6],[48,-9],[14,14],[31,6],[9,24],[-21,5],[-3,10],[25,12],[1,-19],[23,-6],[57,17],[30,15],[27,35],[39,18],[29,30],[45,-14],[49,13],[23,-4],[39,-41],[51,-3],[29,9],[68,-4],[5,-10]],[[41702,76613],[-3,-18],[-8,5],[0,-10],[-21,-12],[-23,-69],[-16,2],[-3,-35],[-32,-36],[10,-8],[-20,-12],[33,-7],[17,-128],[9,-13],[25,-5],[-3,-42],[18,-41],[117,-48],[6,-25],[-8,-20],[8,-3],[-17,-30],[19,-58],[16,-12],[43,-2],[14,-43],[38,-9],[36,-3],[14,17],[33,11],[19,34],[20,10],[-12,25],[27,40],[18,7],[-2,14],[43,57],[18,10],[31,115],[21,-2],[6,-12],[49,10],[-2,-19],[-10,-4],[36,-21],[9,20],[23,-8],[5,11],[-12,7],[10,6],[-2,14],[22,-10],[4,11],[7,-4],[16,52],[-32,12],[-10,-10],[-12,8],[13,8],[0,14],[28,-11],[14,13],[8,34],[47,43],[20,34]],[[47147,70967],[-96,-51],[-42,10],[-29,24],[-21,-4],[10,-86],[16,-16],[54,-20],[14,-35],[-19,-18],[-55,-13],[-24,-37],[-2,-22],[-51,-33],[-18,20],[-41,10],[-4,-28],[-22,0],[-25,-15],[0,-56],[19,-72]],[[46811,70525],[-22,11],[-87,1],[-126,-13],[-18,-21],[-6,-45],[16,-45],[-5,-41],[-21,-28],[1,-10],[19,-1],[-7,-5],[19,-11],[-8,-19],[-19,-17],[-36,-7],[-9,-35],[-47,-57],[-20,-52],[-46,-34],[-7,-49],[-35,-19],[-29,-37],[-58,-14],[-18,-35],[-50,-48],[-23,-66],[-18,-14],[-102,13],[-14,13],[-64,-4],[-80,66],[-14,2],[-56,-49],[-58,-18],[-32,-22],[-89,2],[-71,-26],[-44,-66],[-29,-24],[-23,-10],[-55,-4],[-26,-13],[-18,4],[-35,-47],[-72,35],[-33,0],[-46,20],[-76,6],[-7,59],[-45,0],[-15,33],[-26,7],[-15,-53],[-27,-32],[-38,-22],[-60,-16],[-42,-42],[-28,-8],[-20,4],[-17,16],[4,42],[-25,17],[-46,-14],[-23,5],[-16,-9],[-42,-2],[-43,29],[-27,-16],[-50,-1],[-18,-14],[-39,-1],[-43,-31],[-18,-1],[-37,19],[5,9],[-13,7],[-6,32],[-49,-4],[-43,8],[-18,18],[-22,1],[-17,35],[-17,10],[-2,-12],[-47,-19],[-20,-29],[-2,-26],[-113,-62],[-3,-26],[28,-24],[42,-9],[10,-14],[-2,-19],[-35,-22],[-19,-81],[-51,-37],[-30,5],[-74,-15],[-9,-39],[-41,-2],[-31,-62],[-56,-39],[-19,-36],[11,-18],[-22,-25],[-68,-14],[-11,-25],[-39,-20],[-2,-15],[-40,-15],[-19,21],[-24,-2],[-37,-26],[-14,17],[-49,0],[-4,9],[-9,-21],[5,-32],[51,-9],[9,-13],[-4,-45],[-44,-36],[4,-66],[-15,-32],[-34,-26],[-14,-39],[6,-60],[-22,-36],[-68,-39],[-56,1],[-77,-28],[-108,-4],[-82,-29],[-21,-24],[14,-65],[-73,-16],[-14,-81],[-29,-30],[-37,-8],[-32,6],[-94,58],[-82,26]],[[42553,68448],[-42,69],[-6,38],[31,-12],[74,9],[6,11],[-7,29],[35,45],[-6,32],[-22,12],[17,6],[-10,93],[16,25],[18,1],[19,17],[-4,19],[11,7],[-18,5],[-20,33],[-2,26],[-25,-2],[5,-21],[-48,6],[-42,-43],[-75,50],[-3,22],[-46,23],[-12,-20],[-17,-3],[5,-16],[-13,-22],[-29,-14],[-30,7],[-11,-12],[-21,1],[-30,23],[-68,-12],[6,-13],[-11,-11],[0,-34],[-43,5],[-45,19],[-32,-2],[8,-15],[-58,-30],[-175,-26],[13,33],[-18,27],[14,32],[-10,30],[30,-1],[27,17],[4,17],[-20,19],[26,21],[23,50],[9,7],[23,-17],[32,13],[61,-21],[131,60],[14,-10],[-2,14],[16,13],[-22,19],[-11,-9],[10,-18],[-49,2],[-25,9],[-6,19],[-17,-20],[19,-7],[-19,-8],[0,-24],[-20,0],[12,24],[-17,-14],[-11,19],[-6,-7],[13,-23],[-13,-7],[-7,12],[-8,-19],[-45,7],[-31,-11],[-2,16],[-17,4],[-11,-1],[-4,-12],[-29,6],[0,-18],[20,1],[-10,-2],[7,-12],[-11,0],[-2,-17],[-15,1],[9,-14],[-28,-2],[7,-11],[-10,-11],[26,-19],[-3,-10],[-37,-12],[18,18],[-18,1],[-45,-48],[-14,1],[-9,-23],[-53,-12],[2,-19],[-9,-4],[-17,-3],[-6,12],[-7,-19],[8,-9],[-14,-6],[21,-2],[-7,-6],[18,-5],[6,5],[-5,-14],[-13,-2],[17,-9],[-23,-3],[-6,-25],[18,-4],[-8,-9],[16,-13],[10,5],[0,-23],[-32,8],[1,-30],[-10,-2],[11,-16],[-24,-15],[17,-22],[-11,-2],[2,-12],[-13,4],[-11,-8],[16,-22],[-5,-23],[-33,0],[2,-16],[-18,-12],[9,-14],[-11,1],[5,-10],[-12,-5],[35,-19],[-20,-13],[2,-15],[8,0],[-13,-13],[4,-19],[33,-25],[11,11],[23,-30],[-11,-16],[7,-15],[-14,-10],[-1,-24],[-11,-8],[21,-16],[2,-23],[30,-12],[5,-39],[-50,-38],[-44,-18],[1,-14],[-9,3],[-22,-14],[7,-45],[-25,-24],[18,-17],[-9,-13],[-35,-6],[-7,-13],[-14,11],[-19,-9],[-17,12],[-32,1],[-12,-12],[-55,-2],[-11,8],[-34,-20],[-20,5],[6,11],[-26,8],[-69,5],[-12,-6],[-13,-28],[-35,-33],[7,-22],[-16,-2],[-17,-26],[-2,-20],[27,-16],[4,-12],[-14,-54],[-50,-95],[-3,-31],[-72,-29],[-32,-51],[-31,-11],[-2,-36],[18,-29],[-16,-44],[2,-44],[12,-15],[15,-2],[2,-12],[-34,-64],[-25,-9],[-2,-27],[11,-31],[30,-29],[7,-28],[48,-31],[47,-14],[-10,-41],[22,-30]],[[34949,35511],[-34,22],[-7,39],[20,46],[42,48],[-46,146],[11,26],[-52,44],[-4,71],[104,62],[36,52],[74,36],[33,32]],[[38686,40682],[256,238],[18,0],[20,-17],[20,-41],[-11,-38],[17,-11],[2,-43],[23,-15],[19,-32],[28,-15],[37,-2],[18,-49],[28,4],[20,-54],[-6,-22],[24,-32],[26,-6],[35,29],[40,-7],[36,10],[39,-5],[0,-44],[63,-1],[65,-23],[8,-51],[24,-4],[15,-28],[25,-6],[33,25],[57,-3],[25,-57],[29,-2],[39,-36],[51,-18],[41,-36],[111,2],[63,15],[75,51],[132,16],[21,16],[8,24],[34,18],[6,13],[29,4],[40,70],[27,11],[26,-5],[30,13],[38,-1],[-28,50],[10,55],[28,50],[59,26],[24,1],[35,35],[43,7],[62,-5],[47,43],[74,18],[53,31],[34,45],[31,65],[1,24],[70,-25],[156,-13],[85,54],[80,-12],[59,47],[-2,37],[41,15],[81,122],[53,41],[9,46],[-14,33],[-24,20],[-78,22],[-34,79],[55,83],[55,61],[24,69],[15,13],[79,14],[40,34],[3,76],[39,43],[-47,13],[-35,50],[17,43],[25,30],[-19,46],[48,45],[10,21],[-9,36],[36,33],[-23,32],[30,25],[-11,17],[3,25],[-33,22],[11,38],[26,18],[23,55]],[[41808,42390],[0,1]],[[41808,42391],[0,-1]],[[41808,42390],[-1,0]],[[41807,42390],[1,1]],[[41808,42391],[64,39],[32,43],[31,5],[53,111],[80,57],[-9,25],[6,11],[40,23],[18,22],[-3,65],[-35,29],[7,11],[38,27],[33,15],[9,-8],[24,19],[42,-25],[35,-5],[7,-12],[58,26],[33,44],[-7,69],[39,41],[-10,11],[9,7],[-7,11],[21,17],[20,-4],[14,-15],[13,9],[20,-13],[12,5],[29,-21],[78,0],[12,11],[30,4],[33,-67],[9,17],[45,5],[18,16],[25,4],[-5,13],[29,36],[25,5],[-1,10],[26,20],[-7,19],[21,6],[6,-11],[21,-5],[6,9],[8,-7],[73,46],[43,-10],[13,6],[17,-10],[71,1],[-18,13],[3,26],[29,15],[13,18],[-18,42],[23,8],[-7,21],[23,30],[20,9],[9,-8],[23,19],[6,-8],[17,1],[2,-10],[-13,-6],[18,-13],[36,-1],[22,14],[22,-6],[18,8],[11,-19],[-11,-23],[16,12],[27,-4],[57,24],[19,23],[18,5],[-13,9],[1,26],[11,20],[17,7],[9,-25],[56,-16],[-9,-11],[12,-8],[3,-29],[43,2],[2,-29],[77,-33],[11,-13],[44,-13],[37,-35],[38,7],[20,-9],[15,-22],[50,-11],[8,-10],[-19,-13],[19,-2],[32,-35],[15,8],[0,47],[16,4],[0,15],[20,17],[-7,72],[31,30],[3,26],[95,65],[32,-21],[75,2],[-1,-27],[27,14],[48,-4],[6,-18],[-18,-55],[13,-7],[3,-62],[108,-28],[40,4],[22,-17],[14,6],[3,23],[-18,92],[6,57],[31,28],[80,6],[42,23],[15,17],[-23,15],[-6,17],[13,32],[29,16],[107,-31],[52,3],[17,13],[385,-11],[36,9],[30,-9],[60,2],[27,-18],[35,7],[19,-12],[-54,-53],[-4,-57],[84,-43],[18,-52],[-49,-5],[16,-22],[-5,-6],[-65,-2],[-41,-24],[-29,0],[-23,-13],[11,-57],[-35,-18],[36,-29],[-34,-45],[28,-54],[-12,-42],[16,-13],[-33,-66],[14,-39],[-14,-18],[-33,-6],[-15,-36],[-27,-19],[10,-7],[-7,-24],[43,-8],[19,-21],[16,15],[20,-11],[69,5],[65,-28],[13,8],[37,-6],[50,9],[54,-6],[20,-11],[15,-29],[51,-25],[56,11],[17,28],[76,13],[29,-13],[71,-4],[2,-16],[36,-14],[38,26],[32,-9],[97,33],[40,-17],[19,15],[32,3],[26,26],[34,-5],[43,9],[79,67],[16,0],[10,22],[15,1],[31,42],[19,-1],[6,24],[31,16],[-12,12],[7,14],[54,7],[20,20],[29,8],[22,24],[61,27],[-10,35],[6,24],[61,52],[27,36],[31,14],[26,37],[11,72],[10,7],[17,-4],[23,22],[20,1],[3,13],[-21,31],[11,30],[30,13],[11,19],[31,4],[4,17],[49,13],[45,31],[48,12],[58,60],[23,1],[18,16],[35,9],[2,38],[18,13],[-1,27],[-24,10],[5,17],[-10,12],[-39,14],[-62,85],[7,31],[-21,51],[26,77],[-11,16],[24,18],[18,67],[36,30],[90,10],[29,-22],[27,-1],[62,47],[35,63],[32,25],[13,60],[-49,24],[7,24],[-12,16],[-2,29],[-9,18],[-22,1],[7,49],[61,40],[26,33],[4,31],[33,30],[20,6],[34,-26],[78,31],[14,59],[-5,49],[14,37],[22,1],[30,28],[4,31],[66,54],[21,26],[6,31],[20,-4],[29,15],[28,-4],[40,49],[20,-3],[46,16],[7,-5],[16,21],[29,5],[0,13],[20,0],[44,36],[43,14],[67,77],[37,16],[35,33],[44,8],[47,39],[27,30],[3,27],[124,91],[45,42],[4,24],[23,1],[0,35],[23,19],[8,45],[46,51],[-5,39],[13,36],[24,38],[37,18],[11,25],[-16,36],[39,66],[-25,24]],[[48816,45804],[159,-53],[17,-15],[4,-27],[14,-15],[108,-35],[46,4],[36,34],[106,-30],[61,7],[22,-8],[34,-103],[-35,-35],[2,-19],[-55,-106],[-9,-45],[12,-60],[-38,-75],[21,-25],[52,-34],[88,1]],[[49461,45165],[106,63],[55,-5]],[[46114,40506],[-25,-11],[-69,-83],[-37,-24],[-21,-51],[-41,-6],[-16,-32],[-48,-16],[-28,-42],[-63,-10],[-29,-17],[-19,-40],[-32,-27],[-29,-48],[-32,-17],[-27,-43],[-14,-14],[-19,-3],[-40,-52],[-15,-31],[9,-34],[-30,-22],[-6,-37],[-64,-27],[-35,-30],[-9,-35],[-86,-71],[-19,-35],[-81,-75],[-4,-17],[-13,23],[-16,-4],[-63,-70],[-26,-16],[-12,1],[-15,23],[-30,17],[-21,-13],[-32,-4],[-71,-56],[-41,28],[-15,0],[-115,-19],[-52,-26],[-47,-96],[37,-26],[29,-2],[42,-26],[28,-5],[6,-16],[-46,-128],[-91,-68],[-14,-62],[38,-72],[4,-72],[105,-90],[-3,-32],[12,-23],[-146,-79],[0,-42],[-16,-18],[-7,-39],[-30,-13],[-3,-29],[-50,-27],[-8,-31],[-36,-55],[-23,-12],[-11,-18],[1,-16],[58,-25],[-54,-92],[-26,-7],[-68,31],[-46,-3],[-30,-16],[-48,12],[-97,6],[-6,-29],[15,-23],[-11,-13],[5,-26],[-30,-84],[-114,-130],[-37,-28],[20,-35],[-2,-14],[-60,-19],[-23,-40],[-35,-20],[-4,-30],[-13,-15],[-38,12],[-23,-11],[-14,-32],[-37,-42],[-5,-38],[10,-37],[-10,-19],[-40,-59],[-54,-22],[-15,-43],[-42,-55],[-53,-14],[-58,36],[-21,-1],[-25,-32],[-71,-169],[-30,-34],[-72,-22],[-20,8],[-25,29],[-43,-2],[-30,-40],[-84,-37],[-40,-58],[27,-49],[-42,-34],[-58,-113],[-23,-18],[6,-19],[-8,-22],[-30,-38],[20,-29],[-55,-41],[-101,-34],[-42,-66],[-5,-34],[9,-34],[22,-44],[61,-27],[3,-46],[-10,-10],[0,-39],[-50,-40],[-5,-28],[-22,-25],[-20,-53],[8,-15],[-10,-23],[-18,-16],[-53,9],[-105,-21],[-54,-38],[-70,-1],[-37,-25],[-8,-18],[-55,-27],[-97,3],[-17,-9],[-54,6],[-60,-30],[-5,-49],[-33,-29],[-8,-35],[6,-45],[-25,-33],[-45,-6],[-19,-15],[-11,-24],[2,-39],[-17,-22],[-29,-11],[-64,-77],[12,-48],[-65,-21],[-19,-17],[-15,-22],[3,-22],[-28,-15],[-10,-17],[12,-56],[-42,-25],[-48,-7],[-102,-49],[0,-52],[-60,-85],[-44,-46],[-64,-39],[-4,-48],[-39,-77],[41,-56],[0,-20],[-12,-46],[-45,-41],[-14,-35],[-30,-20],[-24,-37],[-45,0],[-57,-31],[-101,-35],[-14,-31],[-42,-16],[-28,-28],[-9,-88],[-31,-62],[-70,-44],[-48,-15],[-36,-34],[-19,-85],[12,-47],[-16,-20],[-1,-55],[-20,-25],[-51,-21],[-82,-13],[-29,-40],[-62,-15],[-23,-26],[-42,-6],[-47,12],[-35,-19],[-53,-57],[-47,12],[-47,-2],[-20,12],[-94,-36],[-47,-40],[-30,-72],[7,-13],[-23,-15],[-26,-2],[-38,19],[-32,-12],[-26,-23],[-57,-16],[-19,-14],[-68,-5],[-49,19],[-53,3],[-40,-4],[-54,-26],[-59,-46],[-1,-23],[-16,-19],[-25,-10],[-25,2],[-20,-12],[-14,-28],[-17,-7],[-2,-25],[-25,-36],[-65,-32],[-5,-37],[-71,-27],[-63,12],[-50,-19],[-14,-30],[25,-28],[4,-31],[-18,-30],[-9,-77],[-53,-22],[-35,-27],[-75,3],[-38,-32],[-9,-24],[-20,-9],[-54,-73],[-48,-20],[-26,-26],[-39,-6],[-42,15],[-63,-23],[-46,12],[-19,19],[-64,-5],[-12,-24],[-30,-17],[-45,-3],[-18,-50],[-161,-64],[-42,-28],[-22,30],[-5,48],[-84,48],[-59,6],[-43,40],[-123,32]],[[37733,33008],[-91,-81],[-29,6],[-27,-17],[-28,17],[-23,2]],[[59929,66368],[15,-18],[46,2],[64,66],[31,17],[26,72],[67,21],[-5,37],[14,58],[57,24],[15,47],[32,11],[41,53],[1,34],[-27,101],[15,39],[-10,32],[8,12],[-43,73],[90,55],[28,34],[48,83],[2,22],[-13,27],[80,23],[7,14],[67,42],[52,-4],[61,-61],[33,-2],[22,-22],[23,-6],[22,-48],[46,1],[12,15],[114,34],[55,66],[24,-23],[11,-29],[38,-25],[29,-2],[34,22],[60,5],[33,41],[30,3],[101,42],[28,45],[41,21],[76,66],[13,27],[76,64],[3,26],[33,27],[-5,18],[23,32],[4,35],[61,80],[-4,54],[-26,60],[48,29],[37,10],[11,40],[39,23],[27,2],[27,27],[44,-47],[27,10],[16,19],[46,14],[31,-2],[-22,-49],[-43,-17],[-9,-19],[66,-96],[45,-17],[-10,-21],[8,-12],[-37,-47],[5,-12],[-14,-10],[0,-23],[-25,-10],[2,-17],[-12,-8],[19,-39],[-3,-58],[-15,0],[1,-12],[36,-59],[127,70],[-11,-20],[7,-17],[-14,-16],[30,-69],[41,-40],[49,-29],[73,2],[40,-12],[21,-17],[5,-28],[25,7],[20,20],[3,34],[83,1],[30,10],[26,-11],[25,-28],[79,12],[40,31],[-5,21],[10,21],[26,2]],[[62783,67454],[-9,-13],[20,-26],[-28,-30],[8,-11],[8,4],[7,-26],[-16,-29],[2,-38],[18,-12],[-3,-10],[24,-40],[17,-51],[-8,-8],[19,-33],[-8,-13],[16,-18],[-5,-21],[14,-16],[20,-3],[3,-18],[24,-23],[-4,-12],[18,-22],[-6,-17],[12,-6],[6,-46],[-30,-109],[-16,-7],[-9,-24],[-31,-15],[-16,-42],[-30,-25],[4,-21],[-18,-10],[8,-57],[-12,-37],[-13,-3],[-10,-20],[19,-38],[1,-27],[20,-20],[78,-15],[36,-47],[-1,-16],[57,-46],[16,-82],[20,-11],[-7,-31],[15,-81],[-13,-18],[29,-51],[52,-57],[38,-12],[359,-22],[73,-20],[53,13],[18,-5],[90,-48],[41,-36],[29,-12],[7,-14],[103,27],[4,20],[25,20],[46,16],[90,-12],[20,-18],[91,-20],[30,10],[68,-29],[9,8],[19,-2],[22,37],[48,27],[48,-5],[65,26],[33,2],[69,-18],[8,-20],[20,-7],[20,5],[9,-12],[18,6],[28,-17],[4,-28],[42,-23],[5,-30],[24,-22],[18,-50],[35,-41],[24,-8],[4,-21],[23,-6],[96,-86],[-37,-57],[6,-22],[-16,-36],[-43,-52],[-24,-48],[11,-30],[-6,-26],[15,-9],[-1,-43],[-24,-16],[4,-19],[-25,-43],[26,-13],[2,-19],[832,-1212]],[[65677,63934],[-22,-11],[-33,3],[-150,48],[-93,-43],[-74,-13],[-33,-16],[-68,2],[-32,-31],[-29,17],[-37,-2],[-34,21],[-54,10],[-56,-4],[-16,36],[-30,3],[1,31],[-85,25],[-28,22],[-42,-18],[-23,8],[-39,-43],[-31,-8],[-23,-21],[4,-51],[-45,-51],[9,-64],[20,-3],[4,-26],[-82,-32],[-50,-61],[-4,-27],[-73,-14],[-16,-22],[-33,2],[-36,-15],[-76,40],[17,94],[14,22],[-5,13],[-39,15],[-66,1],[-29,18],[-35,0],[-43,-24],[-29,-54],[-44,-52],[-20,-59],[-34,-52],[1,-35],[-18,-49],[-14,-10],[1,-27],[-50,-95],[-35,-19],[-19,-32],[-33,-11],[-77,-75],[-78,-45],[-6,-41],[-24,-7],[-48,14],[-56,-29],[-10,5],[-19,-20],[-50,-18],[-4,-19],[-27,-15],[-4,-14],[-45,-15],[-58,2],[-19,10],[-16,-8],[-111,50],[-18,-5],[-49,12],[-8,12],[-34,8],[-13,32],[-71,16],[-17,16],[-76,23],[-60,59],[-97,70],[-34,-2],[-26,-15],[-3,-31],[-25,-25],[6,-11],[-21,-9]],[[62590,63195],[-62,-26],[-12,-23],[1,-65],[-28,10],[1,-10],[-22,13],[-29,-22],[-33,1],[-7,-12],[-51,28],[-59,-20],[0,40],[-19,20],[15,26],[-7,30],[-28,18],[-1,16],[15,15],[-10,43],[69,77],[3,33],[-20,80],[-65,74],[8,108],[-62,66],[-81,12],[-32,-17],[-68,-6],[-19,-27],[-49,-20],[-22,12],[-80,10],[-41,-31],[-48,7],[-32,-13],[-16,13],[-30,5],[-53,39],[-26,1],[-32,-29],[-15,-1],[3,-39],[-53,-47],[7,-28],[-32,-35],[-17,38],[-14,85],[-35,56],[6,61],[-30,-6],[-17,15],[-55,-9],[-49,-40],[-64,24],[-86,0],[-33,-74],[-50,-29],[-49,54],[-16,88],[-17,33],[-38,39],[6,64],[-19,6],[-21,24],[-2,41],[48,61],[-152,6],[-32,-17],[-17,-23],[-49,-25],[-31,16],[-20,67],[-42,56],[-78,13],[-43,-21],[-14,7],[-15,23],[24,74],[-49,25],[-49,2],[-16,10],[-9,19],[5,20],[23,25],[-20,14],[-6,42],[-30,21],[8,8],[-9,13],[10,8],[-31,14],[-30,74],[-38,25],[0,22],[-30,23],[23,2],[30,25],[9,21],[43,13],[-6,21],[12,3],[10,20],[-12,35],[13,24],[-10,27],[11,1],[-4,11],[15,0],[-18,13],[12,17],[12,-8],[10,22],[39,7],[-12,24],[4,23],[-64,-9],[-55,45],[-44,17],[-13,29],[9,26],[-58,41],[-7,30],[15,27],[-8,26],[-21,20],[4,33],[-55,32],[0,22],[37,28],[-1,28],[55,36],[46,4],[68,61],[43,19],[38,34],[-28,19],[-34,44],[24,34],[-11,28],[11,28],[-1,63],[-13,11],[33,64],[-25,34],[-66,-8],[-39,15],[36,68],[-146,72],[-25,48],[-9,58],[-99,77],[-8,36],[-19,7],[-31,34],[-6,79],[10,43],[31,51],[-2,20]],[[32642,31632],[-2,-55],[38,-17],[12,-28],[24,1],[16,-30],[24,-10],[-56,-34],[-7,-23],[-73,-44],[-40,-37],[-14,-55],[-25,-25],[15,-16],[-12,-25],[-32,-16],[-88,21],[-28,-1],[-34,-15],[-14,24],[22,31],[-59,22],[-15,34],[-51,-36],[-5,-23],[13,-20],[-35,-28],[0,-35],[53,-48],[1,-14],[28,-31],[-14,-12],[-3,-37],[-33,-55],[3,-34],[-9,-17],[-96,-47],[-66,-18],[-15,-41],[-50,4],[-31,-21],[-22,-36],[-130,31],[-24,-17],[-104,-28],[-69,-51],[-131,-8],[-6,-14],[21,-43],[-73,-48],[-2,-46],[-19,-16],[11,-21],[-20,-40],[12,-28],[-8,-15],[34,-32],[29,-79],[-2,-31],[-31,-39],[20,-32],[1,-50],[-12,-39],[14,-42],[58,-73],[27,8],[57,-30],[25,10],[8,-38],[19,-14],[-16,-49],[36,-7],[2,-22],[16,-14],[33,-6],[116,77],[-17,-37],[3,-22],[62,-82],[21,-51],[-18,-52],[9,-52],[-13,-8],[-61,-3],[-19,-42],[-41,-46],[-85,-8],[-91,-36],[-34,-56],[5,-22],[30,-27],[6,-51],[-48,-9],[2,-18],[-23,-18],[-11,-33],[-27,-28],[-3,-31],[-16,-23],[-76,-16],[-39,-39],[-63,-22],[-25,-42],[-10,-71],[39,-19],[7,-15],[-13,-92],[24,-49],[50,-41],[33,-50],[-105,-39],[-58,-8],[-26,-17],[-38,5],[-25,-10],[-323,-1081],[76,-82],[62,-32],[63,-27],[141,-16],[16,-19],[-5,-14],[8,-9],[42,3],[-5,23],[9,8],[33,-45],[22,0],[9,-15],[-13,-25],[13,-30],[-20,-42],[9,-37],[25,-21],[1,-12],[-5,-8],[-19,8],[-48,-32],[-31,-3],[8,-45],[-16,-46],[8,-82],[15,-37],[37,-22],[12,-18],[4,-19],[-30,-14],[11,-25],[27,-20],[24,-84],[26,-20],[49,-17],[16,-33],[6,-37],[-46,-78],[3,-46],[17,-31],[-1,-25],[27,-31],[33,23],[50,-38],[-11,-36],[-25,-25],[-28,-10],[-4,-12],[35,-8],[8,-21],[-20,-15],[38,-12],[14,-27],[-10,-9],[-48,5],[-6,-68],[-16,-19],[-32,18],[-19,-29],[-16,32],[-16,1],[-4,-59]],[[31340,26112],[-58,19],[-31,21],[-44,-7],[-26,-22],[-92,7],[-22,19],[-55,20],[-11,21],[-26,17],[-32,-13],[-53,15],[-47,-14],[-4,-31],[-49,-22],[-10,-15],[-28,-5],[-15,-35],[-41,-6],[-41,-22],[-35,-2],[-29,12],[-53,-20],[-50,26],[-50,-27],[-21,19],[-40,-3],[-29,24],[-35,11],[-33,-12],[-4,-16],[-15,-9],[-45,7],[-24,-12],[-19,9],[-22,-7],[-28,14],[-35,-5],[-22,19],[-23,-7],[-7,19],[-40,18],[-15,38],[-37,-6],[-6,22],[-29,9],[-12,16],[-164,17],[-53,31],[-10,-12],[-18,-1],[-6,16],[-61,26],[-22,-19],[-58,-9],[33,-34],[-4,-23],[-14,-4],[-62,20],[-20,19],[7,22],[-26,8],[-15,22],[-64,20],[-73,-54],[-41,-19],[-79,4],[-36,20],[-12,-6],[-29,8],[-36,-4],[-263,46],[-82,-3],[-72,11],[-91,-30],[-17,55],[16,1],[0,17],[34,14],[17,33],[-17,55],[11,5],[-7,17],[18,15],[-22,34],[28,50],[-12,14],[6,20],[-25,42],[-17,10],[12,42],[-8,10],[41,95],[16,7],[-9,86],[-19,13],[-17,47],[18,27],[-10,37],[31,22],[-7,19],[27,43],[0,20],[19,5],[5,39],[11,10],[-9,33],[28,2],[22,16],[2,41],[24,21],[73,32],[5,55],[10,8],[-5,21],[25,20],[20,35],[-7,13],[12,8],[-10,14],[11,29],[-9,35],[12,27],[-1,52],[-25,24],[-5,27],[12,3],[10,38],[-32,-6],[-45,38],[-38,-22],[-42,-2],[-19,-16],[-101,12],[-9,-12],[-30,1],[-33,-19],[-30,1],[-74,-21],[-24,9],[-35,-7],[-54,13],[-31,34],[-50,13],[-33,34],[-46,20],[-9,23],[-38,-3],[-23,13],[-22,-1],[-45,64],[-74,25],[-41,29],[-29,-2],[-13,12],[-39,8],[-15,20],[-50,3],[-37,16],[-43,-11],[-53,7],[-29,35],[-26,56],[4,62],[-11,29],[-152,23],[11,46],[18,8],[-26,21],[38,27],[21,55],[20,10],[19,29],[78,25],[66,55],[-103,11],[-1,29],[15,11],[1,14],[23,14],[18,0],[31,39],[2,21],[-14,10],[7,10],[-34,1],[-11,10],[11,8],[-20,14],[-37,-3],[-5,-10],[-28,26],[-13,-6],[-1,29],[-7,-7],[-6,10],[-40,14],[-3,22],[-18,7],[6,13],[-22,-7],[-10,12],[-27,0],[-32,40],[-23,0],[-17,15],[-5,-12],[-15,0],[-3,9],[-20,-3],[-12,-19],[-21,3],[-25,-30],[-32,-10],[-15,-18],[-35,-3],[-16,-13],[-13,4],[-3,-12],[-36,26],[-33,-1],[-57,26],[-20,-17],[-49,13],[-19,-25],[-44,-15],[-36,10],[-57,-16],[-5,-15],[-40,4],[-4,-20],[-14,-2],[-31,-40],[-14,-3],[5,-20],[-16,-1],[-32,-45],[-45,-15],[-29,9],[-77,-25],[-110,-5],[-34,6],[-21,-7],[-46,22],[-20,-5],[-29,18],[-71,16],[-96,9],[-36,-7],[-74,21],[-51,27],[-26,-14],[-28,-1],[-44,26],[-156,23],[-3,33],[-23,17],[-28,0],[-73,59],[-35,41],[-19,3],[-31,30],[-42,11],[-56,39],[-5,16],[-48,10],[-10,22],[-23,-3],[-12,15],[-44,16],[-49,0],[-35,11],[-54,40],[-27,1],[-13,-9],[-40,14],[0,20],[-38,23],[-16,-10],[-36,14],[-42,-11],[-27,5],[-26,29],[-42,18],[-2,20],[-39,15],[-13,94],[-32,24],[-51,9],[-12,13],[-88,-1],[-52,-29],[-17,-26],[-63,-13],[-30,7],[-105,56],[-18,0],[-6,13],[-21,-5],[-34,9],[-58,43],[-15,-5],[-4,12],[-15,0],[11,11],[-21,7],[7,22],[34,9],[21,31],[-18,33],[12,17],[-22,34],[-10,1],[10,6],[2,42],[-26,12],[0,13],[-26,17],[1,30],[-9,-1],[-17,29],[-29,20],[-19,-4],[-41,28],[-16,-4],[-9,12],[-79,24],[-24,20],[10,14],[-12,7],[14,3],[-23,23],[-23,12],[-7,-6],[-47,4],[-17,16],[1,27],[-28,4],[-1,19],[-49,6],[-19,28],[-18,0],[-36,37],[-39,17],[0,11],[35,24],[-24,33],[20,27],[25,14],[18,-2],[56,42],[29,-12],[19,2],[11,-16],[12,8],[2,24],[14,4],[-7,16],[-17,10],[-17,-13],[-2,15],[24,26],[8,33],[-12,11],[-9,-21],[-29,-3],[-21,13],[-23,1],[-18,28],[31,15],[-16,25],[-53,13],[-23,-31],[-36,14],[16,22],[-8,17],[9,10],[-21,3],[2,16],[-18,1],[-24,19],[6,18],[-22,19],[1,25],[-19,47],[-38,20],[17,4],[-13,36],[20,11],[-20,11],[18,6],[-7,16],[11,6],[-3,36],[-16,6],[-15,-11],[-34,14],[12,14],[-11,19],[-26,6],[-17,20],[1,45],[-22,-4],[-29,21],[-32,-16],[7,16],[-18,6],[-17,-32],[4,-23],[-69,-19],[-1,-20],[-24,-1],[-1,16],[-16,9],[-73,-16],[-17,10],[-4,-26],[-17,-15],[-22,15],[-15,-18],[-18,10],[-44,-7],[-44,-25],[5,-17],[-17,-28],[2,-17],[-31,-3],[-55,-37],[-52,3],[0,23],[-31,18],[-70,-1],[-53,-40],[56,-25],[6,-54],[-77,-1],[-32,18],[-11,55],[-28,38],[21,6],[1,21],[17,25],[-5,22],[42,-4],[-6,28],[15,16],[-26,19],[-8,35],[-49,16],[-2,18],[-12,-1],[-18,-28],[-4,-31],[-23,-7],[-12,11],[-17,-1],[-28,-42],[-14,9],[-37,-9],[-12,30],[-33,-5],[-10,16],[4,31],[-32,7],[-25,18],[-61,-42],[-17,-2],[-29,37],[18,25],[-24,9],[-47,-17],[-25,11],[-20,-45],[-54,-9],[-7,10],[33,36],[7,41],[-4,7],[-24,-1],[9,51],[-39,-3],[-13,13],[2,35],[-45,-4],[-8,21],[-42,8],[-26,22],[-39,-19],[-13,3],[-1,15],[43,31],[-20,29],[8,13],[-12,14],[-29,-8],[-255,1],[-45,-26],[-75,49],[-75,-6],[-43,24],[-27,28],[-11,35],[-38,-1],[21,21],[-39,18],[-32,-21],[13,19],[-27,6],[-44,47],[0,36],[19,30],[-46,14],[-17,57],[-12,5],[-4,17],[-12,-1],[10,10],[-20,21],[9,11],[-15,-4],[-4,12],[12,32],[-14,9],[-45,-8],[-15,20],[-20,-7],[-13,25],[-18,-1],[-4,17],[-36,21],[-35,7],[0,-15],[-31,-9],[-3,27],[-16,9],[-17,-3],[-5,23],[-12,-12],[-4,45],[-11,8],[7,13],[-18,7],[-22,48],[-52,22],[-19,35],[-53,-4],[-7,9],[-15,-11],[-61,50],[-23,-5],[-33,29],[-24,43],[-39,19],[1,11],[-21,8],[-39,-3],[-5,-20],[-11,-2],[-66,8],[-2,25],[22,17],[-8,2],[8,15],[-10,2],[11,17],[-13,-3],[3,10],[-8,-3],[-13,17],[-84,-6],[0,15],[16,9],[-19,-1],[-35,85],[-57,19],[-30,-5],[-16,8],[-11,10],[5,23],[-19,7],[2,14],[6,-3],[-7,14],[-15,9],[-38,2],[42,3],[13,21],[57,37],[-16,-2],[-7,10],[-26,1],[-1,10],[-13,2],[-9,-8],[13,-16],[-20,-28],[-94,2],[3,45],[35,11],[47,32],[63,16],[6,20],[52,49],[16,-7],[14,7],[2,20],[-30,2],[-107,-68],[-143,34],[-32,-10],[1,8],[-34,-18],[-15,9],[3,7],[-35,13],[-2,15],[-37,24],[-5,17],[-18,3],[-32,46],[-31,88],[7,47],[12,8],[34,-3],[5,13],[-14,16],[-11,48],[-35,23],[5,39],[19,4],[38,-24],[17,34],[-26,18],[-73,9],[-77,-35],[-7,-21],[-18,-11],[-64,-4],[-77,104],[-41,-28],[-78,38],[-79,104],[-63,56],[0,11],[-81,25],[-7,24],[-25,0],[-60,-22],[4,-27],[27,-12],[-56,15],[-88,88],[-62,108],[-26,27],[-17,-7],[0,14],[38,16],[10,-9],[17,3],[13,15],[0,32],[-14,-3],[-15,-20],[-15,28],[-26,16],[15,57],[104,62],[123,42],[78,69],[36,10],[-28,-38],[16,-10],[23,12],[14,17],[-18,3],[8,1],[-5,35],[13,34],[150,194],[82,74],[3,15],[27,8],[171,122],[164,174],[49,32],[33,-10],[30,25],[28,5],[116,63],[119,32],[51,-4],[2,-10],[-14,-4],[13,-9],[45,18],[69,1],[22,13],[15,-32],[-35,-31],[-20,-7],[-37,5],[-43,-20],[-53,-70],[-6,-32],[-31,-30],[-9,-20],[13,-8],[30,33],[11,-17],[-5,-10],[19,-5],[-6,57],[65,54],[26,3],[0,-20],[17,-15],[52,2],[3,6],[2,0],[1,1],[-1,0],[0,1],[-3,0],[1,1],[-6,-2],[-14,22],[53,4],[40,19],[29,30],[15,0],[-15,31],[-8,0],[4,-9],[-13,7],[3,-13],[-12,7],[-3,-2],[-2,-27],[17,2],[3,-3],[-1,-2],[-16,-1],[-33,18],[-20,-8],[65,37],[41,8],[8,-20],[45,-10],[59,23],[46,32],[54,12],[50,-40],[-24,-16],[-15,5],[-20,-22],[-15,3],[4,-10],[-17,-9],[-12,-32],[-15,5],[-8,20],[0,-12],[-31,-1],[-1,4],[7,1],[6,7],[-1,1],[-16,-10],[6,-5],[28,-4],[-4,-18],[-13,4],[6,11],[-11,-16],[-14,1],[-9,20],[5,-23],[-11,7],[-1,-9],[-14,-2],[-22,5],[-6,12],[-2,24],[15,27],[-41,12],[-8,-23],[-14,6],[6,-27],[-13,1],[20,-9],[-7,-30],[-18,-9],[-106,-5],[-1,-3],[0,-1],[-1,-1],[0,-3],[-1,0],[1,-5],[-2,0],[2,-2],[-3,-5],[-13,4],[8,-5],[-15,-1],[-4,-2],[31,2],[13,-15],[-7,-18],[-35,10],[10,-12],[14,3],[-8,-18],[29,11],[29,-27],[45,-11],[-12,15],[-47,19],[7,16],[26,2],[14,-29],[41,-13],[35,-26],[5,-11],[-12,-13],[7,-7],[32,15],[-16,34],[-31,19],[-5,14],[25,8],[-6,11],[18,24],[29,9],[35,-8],[3,-32],[-52,-13],[54,5],[1,-28],[7,-11],[5,60],[14,17],[18,-12],[-1,-50],[18,-35],[32,-26],[35,-82],[-34,7],[-27,30],[-18,9],[-15,-4],[2,-20],[-42,17],[-7,-6],[-3,-19],[17,0],[0,-22],[5,-6],[-4,30],[-16,1],[8,19],[44,-18],[4,23],[18,-4],[17,-21],[45,-31],[4,-37],[-26,-26],[-111,-16],[-76,21],[-44,-41],[8,-6],[38,35],[55,-26],[75,12],[65,-21],[11,-30],[-13,-13],[3,-9],[17,27],[-5,13],[48,47],[22,0],[17,-13],[-4,13],[-30,13],[14,99],[-21,123],[18,23],[30,-17],[15,-40],[36,-39],[32,-9],[1,-15],[-17,10],[-14,-9],[12,5],[25,-20],[31,27],[-10,56],[12,18],[9,-2],[5,18],[11,-85],[64,-68],[11,-26],[-49,-42],[-7,-13],[10,-4],[22,8],[19,-4],[29,32],[7,39],[-76,84],[-10,30],[40,17],[1,12],[30,16],[120,-23],[22,-51],[14,-9],[-7,48],[12,4],[-12,13],[27,41],[82,-15],[150,7],[78,13],[55,-11],[22,-19],[-23,-12],[-15,-30],[1,-47],[37,-11],[51,35],[44,2],[25,-23],[56,-132],[-20,-29],[-62,-19],[-15,-7],[6,-5],[78,21],[68,62],[45,16],[-5,7],[-29,-4],[-27,15],[16,136],[-25,41],[45,24],[53,4],[48,29],[-13,19],[-35,-1],[-6,7],[11,77],[-14,88],[36,17],[10,25],[-5,14],[-1,-17],[-2,22],[11,-11],[-3,12],[22,20],[-18,5],[34,28],[-41,8],[-15,138],[-27,88],[-8,10],[-16,-11],[-16,18],[-103,3],[-63,-18],[-38,-21],[-27,-6],[-18,9],[-24,-2],[4,11],[-16,16],[-4,23],[6,69],[-9,24],[10,10],[-1,37],[-16,8],[-13,103],[14,-1],[11,18],[35,4],[1,27],[12,3],[-5,16],[17,1],[2,-14],[17,12],[-15,9],[15,-2],[20,20],[-44,18],[14,1],[5,17],[21,16],[-25,8],[-29,27],[-19,3],[-23,35],[4,8],[-19,9],[-8,28],[-16,1],[-7,15],[-57,6],[-18,-7],[-12,18],[-3,-12],[-14,-3],[1,17],[-26,4],[-20,57],[-10,3],[-7,-22],[-9,-1],[-29,27],[11,-56],[-33,-42],[-58,-40],[13,-50],[-32,-10],[-48,13],[-19,-13],[3,-9],[-53,-15],[-17,5],[5,9],[-16,9],[7,7],[-23,15],[36,60],[2,120],[-16,102],[-33,110],[38,19],[27,-36],[41,-13],[38,0],[34,15],[-1,18],[-99,-4],[-29,27],[-67,18],[-11,11],[-34,149],[-26,50],[-4,100],[-47,15],[-24,-9],[-23,33],[-63,256],[6,59],[39,79],[33,139],[16,23],[40,22],[-9,35],[-23,33],[36,-6],[30,11],[43,74],[15,0],[16,-21],[26,-11],[79,115],[-26,56],[27,80],[78,66],[82,95],[27,-5],[17,11],[24,33],[3,21],[28,15],[-15,-3],[3,24],[-36,8],[-2,11],[22,68],[15,128],[19,47],[154,150],[229,296],[8,1],[5,-18],[-42,-56],[33,-41],[9,0],[2,-15],[16,-6],[-9,19],[20,0],[17,18],[3,44],[34,9],[22,41],[-54,1],[-2,7],[40,174],[-6,14],[-33,3],[-3,12],[85,18],[117,65],[24,-5],[-17,-33],[12,-4],[75,53],[-6,-44],[47,44],[-12,36],[4,30],[41,57],[99,100],[91,47],[21,3],[14,-8],[22,24],[-5,17],[44,70],[24,11],[17,-5],[21,38],[-41,36],[34,5],[10,22],[-25,12],[-4,13],[44,-6],[69,6],[89,18],[17,15],[47,-18],[8,6],[-24,16],[25,6],[19,-10],[109,-3],[103,142],[62,52],[146,68],[115,41],[183,14],[87,-15],[67,2],[23,-8],[16,11],[9,-9],[22,1],[83,36],[83,3],[39,16],[26,-6],[221,35],[39,-5],[83,9],[115,27],[23,-1],[-3,-20],[9,-4],[49,61],[36,8],[57,-4],[21,-13],[22,-34],[-29,-2],[19,-33],[45,-42],[-29,-24],[10,-74],[47,-2],[7,-15],[26,-3],[148,40],[46,-1],[93,-61],[9,-44],[34,-24],[9,-47],[19,-29],[55,4],[41,24],[98,123],[74,67],[10,-16],[49,-17],[28,0],[57,45],[63,2],[5,-6],[26,19],[40,0],[13,25],[31,-10],[42,15],[-7,3],[14,9],[18,-9],[18,3],[31,-42],[-8,-7],[34,-11],[-8,-18],[9,-41],[26,-6],[12,-20],[29,-3],[59,-49],[18,-6],[60,13],[-3,61],[43,14]],[[19343,32564],[20,-8],[13,6],[1,-2],[-11,-5],[-7,0],[-35,11],[19,-2]],[[38821,55589],[10,-26],[37,-20],[-1,-39],[23,-63],[74,-24],[0,-50],[32,-52],[94,-38],[40,-3],[29,-40],[38,24],[155,-2],[-2,-17],[32,-26],[27,-49],[22,-3],[19,-21],[49,-9],[28,-40],[92,21],[53,-1],[58,40],[48,-1]],[[39778,55150],[0,-38],[25,-95],[-3,-123],[47,-39],[-11,-23],[3,-37],[19,1],[13,-14],[0,-20],[13,-16],[-6,-27],[18,-10],[-20,-18],[5,-16],[-9,-4],[16,-18],[-24,-47],[11,-29],[-38,-22],[12,-13],[-3,-30],[-18,-34],[48,14],[43,-27],[56,2],[39,-50],[7,19],[26,17],[22,-18],[47,-9],[31,14],[16,-16],[14,-1],[95,34],[21,-14],[24,7],[-6,6],[12,13],[33,4],[0,16],[42,12],[39,37],[26,2],[3,14],[23,10],[11,-6],[12,9],[19,-3],[16,-15],[34,13],[16,-5],[-1,-11],[35,0],[-10,48],[29,31],[60,-14],[36,11],[29,-11],[57,-51],[39,13],[13,-11],[44,7],[19,-26],[-15,-39],[54,-29],[68,-89],[11,-7],[80,-1],[-2,-89],[20,-37],[14,-6],[-6,-29],[21,-25],[-4,-13],[61,-28],[19,-41],[-25,-5],[-23,-50],[-46,-39],[-5,-50],[-27,-27],[13,-28],[-13,-23],[-175,-72],[-10,24],[-32,12],[-47,1],[-1,-9],[-15,-2],[-43,18],[-34,-8],[-70,24],[-34,-8],[-13,13],[-3,24],[-21,0],[-5,11],[-18,0],[-17,13],[-20,54],[-38,-9],[-57,-54],[-74,3],[-40,18],[-48,44],[-35,-19],[-18,9],[-24,-17],[-35,5],[-19,-17],[-11,3],[-4,-15],[-12,1],[-26,-28],[-65,-6],[-10,-61],[11,-2],[13,-34],[7,-53],[29,-16],[20,-30],[40,6],[17,-9],[8,-78],[-30,-80],[29,-18],[11,-21],[-43,-67],[-39,-3],[6,-9],[-14,-16],[9,-18],[-21,-13],[7,-15],[-39,-18],[-11,-28],[7,-13],[-24,-18],[6,-13],[-15,-31],[-43,-24],[22,-25],[-15,-10],[2,-38],[-13,-32],[-25,-23],[19,-22],[-11,-15],[10,-13],[-7,-21],[-13,-14],[-18,0],[-32,-38],[-18,21],[-32,8],[-56,38],[-25,34],[-31,12],[-32,36],[-17,5],[-33,-16],[-37,12],[-32,-7],[1,-26],[15,-18],[-9,-3],[18,-34],[-77,9]],[[39563,53039],[5,-28],[-15,4],[-9,-16],[24,-25],[-69,-93],[-43,-24],[-13,-42],[35,-29],[-14,-51],[-23,-22],[-33,-90],[11,-33],[30,-12],[24,-46],[60,-27],[10,-21],[2,-44],[-17,-34],[11,-47],[-8,-15],[24,-56],[13,-16],[11,1],[2,-56],[37,-30],[-8,-5],[0,-16],[10,-3],[-10,-3],[9,-3],[-5,-7],[14,-10],[19,2],[3,-10],[47,-1],[0,-39],[41,-6],[6,7],[15,-28],[11,4],[36,-31],[21,2],[-19,-24],[-21,14],[15,-30],[-18,-10],[45,8],[29,-25],[23,8],[50,-19],[47,5],[44,-25],[24,3],[48,-29],[44,-5],[56,55],[26,42],[68,3],[30,70],[-31,31],[-6,40],[-17,25],[37,49],[-16,30],[45,22],[-2,22],[10,12],[38,8],[9,12],[-32,0],[-17,14],[37,40],[-9,40],[18,1],[12,-23],[44,7],[2,14],[-25,27],[11,30],[29,19],[41,8],[17,23],[7,51],[79,51],[21,-24],[-1,-20],[17,-12],[6,-33],[51,-48],[-17,-14],[6,-13],[35,-26],[4,-19],[10,-2],[-9,-11],[16,-8],[-1,-24],[23,-14],[4,-24],[18,-14],[-1,-54],[22,-6],[14,-32],[-14,-16],[20,-39],[0,-61],[51,-16],[25,-27],[0,-17],[29,-10],[53,8],[56,-14],[34,17],[76,-18],[44,26],[28,-8],[7,26],[12,2],[-11,40],[53,21],[5,28],[44,13],[-19,14],[10,7],[-5,11],[12,4],[20,-21],[91,-2],[-13,-22],[11,-19],[26,-6],[1,-37],[14,-4],[6,-19],[3,-63],[-16,-39],[9,-16],[3,7],[49,8],[32,-16],[45,-7],[21,-21],[31,38],[19,9],[12,-7],[74,-2],[18,19],[18,4],[13,-7],[21,12],[22,-21],[25,-56],[42,0],[55,24],[9,-46],[29,-22],[53,4],[51,31],[77,9],[53,-16],[16,6],[16,-13],[30,0],[63,-21],[32,-1],[-27,-32],[33,-33],[34,-7],[-7,-34],[14,-38],[36,-17],[61,2],[17,-8],[13,-14],[-6,-34],[23,-52],[41,-33],[12,-23],[36,-24],[8,-41],[-17,-17],[16,-34],[51,-24],[-1,-59],[23,-45],[75,-35],[32,-6],[40,-30],[38,22],[28,-6],[29,-27],[37,-13],[70,17]],[[43117,51249],[-8,-98],[-22,-50],[1,-25],[13,-15],[-16,-36],[8,-12],[-25,-10],[-36,-67],[31,-51],[1,-19],[36,-32],[-39,-27],[-27,-30],[-7,-23]],[[43027,50754],[-48,0],[-41,-31],[-21,3],[-22,-17],[0,-15],[-25,-34],[-60,-15],[-20,-18],[-53,20],[-49,-7],[3,-26],[-16,-53],[-49,-13],[-45,8],[-33,-11],[-35,4],[-52,-42],[-11,-25],[-26,-6],[-11,-19],[-40,20],[-62,7],[-21,30],[-23,14],[-2,18],[-40,46],[-43,7],[-2,29],[-31,-1],[-29,11],[-35,-11],[-60,25],[-19,-1],[-44,24],[-44,-1],[-14,8],[-45,-19],[-146,46],[-71,-28],[-39,29],[-18,-3],[-9,11],[-7,-8],[-19,10],[-8,-18],[-20,-1],[-26,-28],[-48,-1],[-32,20],[-24,-6],[-35,7],[-25,-9],[-3,16],[-15,-2],[-38,22],[-3,-11],[-37,-6],[-25,-34],[-18,-4],[-54,13],[-17,25],[-46,13],[-3,10],[-45,24],[-30,-3],[-32,30],[-21,-5],[-12,14],[-17,-7],[-20,8],[-15,-18],[-20,-3],[-1,-9],[-23,4],[-12,-17]],[[40825,50744],[-15,-8],[-26,2],[-9,-11],[-8,7],[-21,-3],[-31,-20],[-10,14],[-5,-14],[-8,10],[-9,-10],[-5,11],[-59,4],[-21,6],[2,7],[-17,-8],[-9,5],[-10,-12],[-12,5],[-1,-7],[-25,5],[-3,8],[-17,-5],[-23,23],[-42,-7],[-6,23],[-10,-2],[-6,11],[-3,-7],[-15,19],[-22,-2],[0,-10],[-38,12],[-8,-21],[-30,-10],[-15,14],[-25,0],[2,8],[-25,5],[6,13],[-15,3],[6,10],[-17,15],[-21,-1],[-5,-8],[-15,12],[-16,-9],[-1,12],[-6,-7],[-6,8],[-10,-4],[-30,22],[0,10],[-8,-7],[-19,3],[-55,23],[-44,-25],[-26,-30],[-11,5],[-5,-8],[-49,36],[-4,-15],[-30,-20],[-1,23],[52,38],[14,54],[-2,46],[15,20],[-23,95],[-27,13],[-81,-32],[-41,-2],[2,16],[-9,4],[-20,-27],[8,-27],[-19,15],[-18,-3],[2,-22],[-11,-17],[-63,-42],[-63,24],[-50,-36],[-19,-2],[-59,26],[27,24],[-14,16],[-36,-20],[-20,0],[-7,19],[30,30],[-19,9],[-24,-16],[-17,2],[9,50],[-10,14],[28,1],[17,-11],[4,10],[-16,19],[-27,4],[0,21],[14,12],[44,3],[14,27],[-40,46],[-42,-12],[-13,10],[5,18],[-35,11],[11,15],[60,18],[30,24],[30,-21],[39,17],[7,65],[49,55],[-25,57],[37,10],[-1,18],[-69,45],[-22,73],[-31,-11],[4,-12],[-18,5],[-33,-20],[-13,-26],[-27,-4],[-19,7],[-30,-10],[-26,-25],[-90,47],[-79,-29],[-46,7],[-93,76],[-10,49],[14,18],[-10,9],[2,25],[21,62],[-13,47],[-12,9],[-32,-2],[-10,18],[-36,15],[-6,16],[-20,2],[-47,26],[-13,27],[-15,-1],[-29,28],[-52,16],[1,25],[-23,36],[6,24],[-26,18],[4,59],[-12,5],[-50,92],[-23,11],[11,51],[-26,20],[-6,47],[-29,8],[-30,31],[-44,9],[-13,42],[-84,80],[-10,26],[23,37],[-2,37],[30,39],[-1,58],[24,17],[-12,40],[7,75],[55,42],[-4,45],[23,35],[-1,38],[-15,30],[3,49],[-18,13],[-31,-1],[-62,41],[1,36],[-45,13],[-12,28],[-33,5],[-41,24],[-49,-10],[-53,35],[-39,-9],[-51,29],[-13,24],[-40,35]],[[25810,38979],[84,-2],[65,33],[-7,42],[-46,62],[48,96],[56,24],[77,4],[98,65],[48,-5],[31,7],[39,-33],[68,-3],[11,9],[-15,33],[9,23],[56,8],[22,-8],[18,-24],[40,-6],[51,-32],[47,-7],[10,-17],[-10,-11],[9,-5],[72,13],[82,30],[-48,40],[-14,38],[25,54],[-5,25],[19,39],[-4,16],[-51,-22],[-19,15],[21,106],[23,50],[31,26],[36,11],[7,-3],[-9,-23],[27,3],[9,-7],[99,43],[57,-25],[39,21],[6,35],[50,38],[43,59],[-131,30],[-39,-11],[-20,33],[38,43],[142,106],[112,11],[15,15],[0,15],[18,6],[-2,14],[15,7],[29,64],[19,58],[0,34],[31,1],[56,141],[-29,14],[-1,43],[21,23],[59,13],[-26,10],[-12,45],[89,117],[27,3],[5,-7],[18,16],[33,134],[-10,12],[8,8],[-19,3],[-6,13],[27,40],[2,62],[-38,16],[-44,-7],[-3,26],[-16,7],[-53,-30],[-74,-87],[-12,11],[43,87],[73,36],[-33,-5],[-11,19],[5,21],[155,243],[75,56],[24,65],[66,23],[81,44],[37,5],[-3,11],[41,34],[139,156],[25,16],[107,130],[50,32],[107,178],[35,135],[59,76],[24,4],[-3,-17],[40,-19],[-5,-11],[21,-10],[2,-16],[30,-3],[39,-20],[29,-24],[15,-29],[70,-1],[18,17],[34,3],[16,59],[-32,13],[-17,40],[30,34]],[[28730,42248],[47,1],[68,-44],[59,15],[42,36],[-27,29],[4,11],[41,1],[7,9],[-9,18],[-30,3],[-22,15],[3,22],[40,8],[65,-28],[2,22],[24,35],[30,5],[18,21],[34,-5],[50,37],[19,0],[17,-22],[73,-41],[-3,-43],[17,-25],[43,-29],[26,-70],[31,-6],[42,11],[73,-60],[7,-29],[-16,-28],[6,-55],[-9,-39],[50,-32],[47,-7],[28,-23],[6,-14],[-19,-58],[10,-38],[72,-8],[61,-28],[36,54],[42,7],[17,15],[11,16],[-2,40],[33,-11],[39,17],[-10,38],[13,17],[18,0],[65,-26],[44,-41],[56,-26],[47,-9],[27,20],[14,-2],[12,-58],[-68,-9],[-17,-28],[15,-23],[25,-7],[40,12],[-1,-32],[12,-17],[13,6],[20,51],[13,-3],[19,-41],[40,11],[19,-36],[36,-36],[1,-33],[10,-9],[18,12],[6,43],[22,11],[11,-15],[-12,-34],[8,-18],[65,-38],[14,16],[-21,14],[5,13],[35,0],[13,-24],[55,46],[23,5],[-2,14],[-24,7],[9,23],[20,16],[-9,28],[32,-7],[27,5],[11,-12],[28,3],[16,19],[5,39],[15,-21],[34,0],[-4,28],[16,25],[35,-6],[23,13],[26,33],[35,10],[2,38],[16,2],[15,-13],[34,17],[29,-8],[5,26],[-20,9],[12,18],[28,-3],[8,13],[8,-34],[39,2],[13,-12],[17,20],[22,0],[25,-11],[8,-33],[33,-17],[86,46],[42,40],[6,20],[34,5],[26,26],[18,4],[44,-17],[35,16],[-6,-29],[27,7],[13,-12],[11,3],[73,-50],[40,-14],[73,3],[104,-32],[47,17],[91,-68],[83,-12],[54,11],[42,-39],[-2,-18],[21,-36],[72,-23],[-13,-41],[29,-17],[20,-31],[79,0],[41,-17],[103,-11],[16,17],[18,4],[-2,11],[19,5],[35,42],[-2,14],[9,3],[-15,51],[9,17],[23,5],[28,31],[22,5],[14,42],[-11,32],[24,52],[-13,37],[30,83],[3,45],[77,18],[37,-12],[61,38],[49,9],[36,-7],[40,19],[32,-1],[20,-16],[27,2],[8,-14],[14,-2],[8,8],[16,-6],[15,16],[55,-8],[29,14],[61,-10],[29,5],[59,-17],[8,13],[13,-1],[84,56],[35,-7],[26,33],[10,38]],[[33574,42329],[40,1],[29,16],[26,-14],[29,-49],[46,-36],[-9,-15],[45,-23],[-20,-11],[19,-18],[-42,-14],[2,-7],[65,-19],[31,-26],[-9,-12],[-13,2],[1,-11],[21,-13],[37,-4],[-4,-19],[-32,-5],[26,-21],[-7,-32],[9,-21],[-17,-8],[-1,-18],[-22,-22],[-13,-4],[1,-21],[-15,-11],[8,-9],[-4,-40],[21,-14],[17,-43],[59,-35],[13,-25],[72,-41],[21,-4],[11,8],[40,2],[4,9],[20,-10],[43,14],[18,-4],[6,-18],[21,3],[-5,-17],[8,-9],[23,-8],[19,5],[19,-22],[15,-3],[15,-32],[38,-17],[5,8],[48,11],[14,-28],[31,25],[12,-17],[35,8],[5,13],[14,-9],[10,4],[25,19],[13,26],[28,6],[1,19],[-20,7],[4,16],[25,3],[3,16],[16,-6],[23,37],[23,6],[25,-26],[6,-37],[22,-8],[-20,-19],[3,-13],[-15,-1],[20,-9],[-6,-34],[23,-7],[-3,-9],[22,-1],[19,-14],[2,-16],[35,-17],[32,7],[11,26],[34,-28],[39,8],[8,22],[-47,27],[-1,17],[28,6],[27,-22],[22,26],[-26,35],[9,19],[34,0],[29,18],[16,-6],[10,-20],[16,2],[1,16],[-27,24],[-2,15],[45,21],[20,-24],[-6,-28],[40,-18],[-11,-21],[11,-25],[15,-10],[36,4],[-9,-32],[16,-12],[23,45],[41,-9],[31,30],[12,-14],[14,1],[15,21],[-7,26],[38,37],[21,-5],[-4,-24],[9,-16],[27,6],[17,20],[30,-12],[17,12],[-14,24],[-30,-10],[-13,5],[-3,39],[-29,21],[-32,-18],[-9,25],[26,9],[75,-16],[4,22],[-24,30],[42,4],[4,8],[-49,9],[-3,9],[13,6],[37,-9],[48,11],[26,-33],[17,-2],[0,35],[-33,18],[-15,20],[40,17],[1,39],[44,-3],[-12,29],[6,24],[26,4],[19,-35],[15,11],[-1,21],[-39,35],[22,34],[-9,23],[5,28],[-14,12],[-37,-9],[0,27],[7,12],[31,13],[12,62],[15,0],[11,-22],[14,-2],[30,18],[-8,26],[18,8],[13,-6],[13,-29],[13,-1],[12,57],[42,8],[-8,15],[-18,3],[-19,-11],[-36,22],[38,29],[-26,29],[4,11],[16,0],[24,-26],[17,-2],[9,26],[-37,11],[-3,12],[19,6],[40,-21],[3,20],[-59,32],[-30,5],[-3,11],[53,2],[30,-33],[18,8],[6,17],[-27,28],[20,27],[-27,17],[-48,8],[6,25],[-22,31],[-54,-14],[-18,5],[-16,19],[10,15],[30,9],[41,-13],[1,19],[-25,11],[-88,-5],[-16,23],[27,28],[-7,26],[11,15],[32,-12],[19,-53],[33,4],[-1,37],[28,26],[-35,79],[15,8],[17,-5],[7,-31],[28,-21],[6,57],[27,-24],[18,3],[-4,28],[19,17],[-11,23]],[[35762,42886],[22,-2],[0,-17],[23,-9],[42,-40],[105,-24],[72,-2],[28,-12],[20,-29],[46,-19],[12,-20],[40,-5],[74,-31],[58,-5],[49,-17],[64,-4],[29,12],[23,-3],[83,-33],[5,-15],[30,12],[24,-11],[33,12],[25,-1],[7,-11],[7,6],[12,-9],[57,14],[19,-12],[11,14],[21,6],[-8,4],[5,7],[22,-4],[8,8],[9,-9],[29,9],[21,-10],[11,11],[5,-9],[24,-4],[12,-16],[12,11],[16,-9],[15,7],[13,-22],[9,1],[2,-17],[2,6],[22,-8],[8,9],[23,-3],[37,27],[25,-11],[5,6],[1,-10],[49,-6],[2,6],[31,-18],[38,7],[18,-12],[32,12],[28,-4],[83,-48],[27,-33],[45,-24],[27,-68],[-2,-23],[77,-86],[19,0],[17,12],[14,-6],[8,19],[20,11],[-2,-12],[86,-7],[10,27],[15,4],[22,-13],[28,16],[30,-12],[6,-45],[22,0],[12,-19],[18,8],[25,-6],[19,12],[27,-16],[30,16],[25,-14],[12,8],[40,-9],[31,24],[26,5],[27,-22],[115,-25],[135,-50],[43,15],[41,58]],[[38507,42287],[3,-19],[21,-9],[-24,-48],[-34,-42],[-43,-24],[-12,-17],[-44,34],[-64,14],[-48,-31],[9,-35],[-15,-27],[10,-11],[-8,-49],[9,-10],[55,-16],[33,-43],[-56,-55],[12,-13],[44,-11],[11,-31],[23,-25],[-9,-31],[-16,-13],[20,-57],[-30,-31],[-35,-3],[-11,-23],[-35,6],[-13,-15],[-35,4],[-38,-16],[-21,-15],[2,-35],[17,-25],[37,8],[35,-4],[32,-29],[36,-7],[21,-38],[41,-37],[0,-27],[20,-32],[-3,-43],[-15,-13],[-1,-42],[39,-21],[39,3],[22,-24],[13,11],[25,-10],[39,9],[14,-5],[2,-60],[30,-21],[7,-22],[-16,-50],[38,-15],[14,-24],[88,-30],[-6,-23],[10,-27],[-41,-43],[-19,-54],[-1,-35],[21,-21],[7,-26],[-3,-28],[-22,-23],[-2,-80]],[[38686,40682],[907,-483],[109,-123],[67,2],[100,44],[61,7],[29,-16],[28,5],[62,-22],[17,6],[24,-18],[11,-23],[27,-9],[-7,-22],[23,-22],[50,-4],[8,-13],[-13,-44],[17,-17],[-21,-36],[-5,-72],[-12,-10],[-9,-46],[38,-44],[7,-22],[14,7],[16,-20],[20,0],[17,-16],[27,-4],[10,-18],[24,9],[17,19],[20,-7],[25,-44],[38,2],[51,-13],[88,-58],[-21,-34],[43,-97],[-24,-11],[-5,-20],[-15,-8],[9,-22],[-18,-36],[14,-7],[7,-19],[-19,6],[-13,-16],[0,-77],[-8,-10],[-35,-3],[-11,-14],[-45,-2],[-19,-32],[0,-26],[-41,-41],[-14,-10],[-17,7],[-27,-5],[4,-30],[-18,-13],[11,-13],[-13,-44],[17,-32],[-14,-4],[1,-22],[-39,-8],[14,-15],[-25,-17],[-15,0],[-19,-41],[5,-9],[-37,-38],[11,-16],[-19,-4],[-8,-26],[-33,-27],[-31,6],[1,-10],[-33,-20],[7,-12],[-14,-11],[-1,-23],[10,-9],[-18,-32],[-35,-27],[-27,-3],[6,-8],[-16,-9],[-2,-31],[-14,-12],[14,-21],[11,3],[3,-19],[16,-5],[-3,-46],[-23,-21],[12,-16],[36,-17],[5,-15],[14,0],[19,-17],[-8,-12],[16,-29],[28,-11],[2,-45],[-21,-41],[-4,-55],[58,-64],[-28,-7],[-14,11],[-19,-5],[-9,-40],[-12,-1],[-1,22],[-16,0],[-1,-33],[-21,-1],[-9,-16],[-65,-26],[2,-22],[17,-2],[25,12],[0,-20],[-7,-7],[-57,3],[-20,-9],[-3,-15],[27,-20],[-6,-8],[-30,-2],[-2,28],[-13,-2],[-7,-15],[17,-26],[-62,-41],[5,-9],[26,-4],[2,-14],[-6,-17],[-34,-30],[-18,-10],[-20,10],[-48,-10],[9,32],[-39,-8],[-17,-15],[-22,10],[-19,-25],[-10,11],[10,17],[-31,8],[22,7],[-1,9],[-41,-5],[2,20],[-32,15],[-19,21],[-28,-5],[-7,19],[-22,4],[-13,50],[-37,11],[1,58],[12,22],[-9,16],[-32,2],[-16,40],[-23,-10],[-13,12],[-13,-20],[-41,35],[1,21],[-35,0],[-30,-11],[-39,5],[-11,17],[-27,1],[-30,48],[-38,4],[-3,10],[-30,0],[-18,16],[-25,-2],[-12,-32],[-31,-28],[-22,-80],[-37,-10],[-19,-32],[-13,-5],[4,-21],[-38,-21],[7,-8],[-15,-20],[-76,-45],[-35,-38],[4,-57],[-18,-50],[-23,-15],[-36,-111],[-56,-11],[-35,22],[-74,11],[-41,23],[-148,31],[-31,-1],[-27,-33],[-30,0],[-7,-25],[-32,1],[-36,-54],[-76,-32],[-16,-45],[-25,-15],[-138,-488],[172,-393],[-103,-22],[-25,-68],[-59,-46],[-62,-16],[-142,0],[-120,-15],[-44,17],[-43,0],[-20,38],[-50,15],[-10,30],[-33,37],[-45,36],[-41,11],[-22,21],[-51,64],[-1,23],[-42,18],[-69,62],[-32,9],[-35,48],[-51,18],[-37,1],[-86,51],[-113,-17],[-35,5],[-127,-48],[-93,-12],[-32,0],[-31,44],[-59,4],[-78,-62],[-41,-122],[15,-11],[0,-15],[-56,-62],[-50,-174],[-90,-48],[-83,-13],[-27,-14],[-7,-44],[-10,-9],[34,-36],[-35,-30],[-4,-29],[45,-113],[45,-54],[-7,-22],[-38,-42],[-80,-7],[-38,-16],[-41,-23],[-64,-61],[-25,-9],[-36,16],[-12,36],[-41,10],[-20,71],[-26,32],[-107,-16],[-29,37],[-40,14],[-193,-7],[-74,32],[-10,-3]],[[35126,36135],[-15,35],[16,85],[-15,57],[21,41],[-28,43],[18,38],[-8,17],[41,26],[-2,59],[15,34],[38,5],[38,31],[27,3],[7,14],[-27,25],[-42,12],[-12,17],[-1,14],[18,9],[-6,37],[9,12],[-12,11],[7,24],[-17,14],[-2,23],[8,9],[7,-9],[0,10],[-18,47],[22,43],[-6,9],[18,9],[-1,20],[35,28],[-4,11],[30,0],[21,17],[-2,35],[9,13],[-33,56],[-21,-7],[-14,16],[-38,11],[5,16],[25,17],[23,56],[-37,47],[0,42],[-27,13],[-9,17],[16,24],[-19,54],[12,26],[-14,18],[8,10],[-26,5],[-10,38],[-23,14],[8,20],[-16,-2],[-4,22],[-17,3],[11,4],[-7,17],[-12,-4],[-5,13],[-17,2],[-19,18],[-12,-4],[-21,18],[-20,7],[-37,-7],[-15,21],[-16,-14],[-3,21],[-23,8],[-15,-3],[4,-7],[-36,10],[-3,-12],[-16,-7],[-5,7],[-12,-16],[-6,9],[-27,4],[-4,13],[-13,-3],[-16,15],[-8,-6],[-9,19],[-7,-7],[-15,3],[-7,13],[-20,-9],[-31,6],[-14,21],[-9,-20],[-82,4],[-20,-36],[-54,9],[8,-4],[-5,-50],[-15,-14],[-2,-35],[-17,-16],[54,-109],[-99,-44],[16,-92],[16,-9],[26,-63],[-19,-20],[-4,-37],[33,-37],[-9,-31],[16,9],[5,-28],[-41,-33],[-22,-5],[-8,9],[-11,-22],[-14,-4],[9,-11],[-11,-1],[4,-11],[-7,3],[-2,-8],[-16,11],[-26,-3],[-4,15],[-18,-9],[-9,8],[1,26],[-15,-4],[-34,12],[-5,-9],[-25,-5],[-7,17],[-25,15],[-16,-3],[-18,-24],[-33,10],[-3,-36],[-19,-40],[-35,-21],[-44,-12],[9,-2],[4,-23],[33,-8],[-1,-58],[68,-25],[33,-31],[32,-9],[40,-31],[25,3],[12,-15],[57,-2],[1,-8],[20,1],[17,-16],[13,2],[14,-29],[32,-15],[10,-32],[-11,-30],[19,-22],[4,-26],[-14,-90],[38,-58],[-7,-36],[34,-36],[-5,-51],[-19,-38],[8,-37],[-20,-30],[0,-19],[41,-41],[25,-54],[-62,16],[-75,36],[-43,-9],[-42,-28],[-48,7],[-55,-12],[-9,11],[-30,-5],[-50,36],[-57,0],[0,-6],[30,-29],[96,-58],[0,-49],[38,-37],[1,-39],[19,-27],[-6,-26],[30,-52],[-5,-37],[11,-14],[19,-3],[-25,-32],[-3,-26],[21,-13],[23,-46],[29,-28],[-6,-23],[27,-15],[24,-1],[12,-15],[32,0],[9,-13],[29,2],[3,23],[21,-6],[27,8],[65,-15],[4,-11],[15,1],[2,-11],[26,-11],[3,8],[13,-8],[14,9],[19,-5],[18,-30],[20,-9],[10,11],[33,5],[19,22],[72,-25],[25,0],[32,-19],[31,4]],[[34949,35511],[44,4],[9,-50],[-45,-61],[3,-46],[-59,-10],[-13,29],[-21,0],[-52,-46],[-72,-14],[-16,-37],[-79,-95],[26,-86],[71,-56],[-25,-36],[0,-17],[-34,-33],[-2,-27],[53,-5],[57,-30],[55,-4],[21,-36],[39,-27],[15,-42],[36,-15],[-28,-33],[-8,-35],[-55,-30],[12,-76],[70,-32],[15,-18],[58,-20],[4,-34],[62,-33],[17,-29],[27,-2],[34,14],[26,-10],[73,-57],[20,-32],[61,8],[-6,19],[41,24],[34,6],[35,-29],[27,6],[36,-24],[49,5],[100,-55],[40,-8],[112,-68],[23,-31],[94,-33],[50,-89],[46,-112],[-18,-55],[-41,-21],[-4,-18],[22,-34],[2,-39],[56,-56],[28,1],[49,76],[166,92],[73,-24],[5,-10],[-16,-36],[25,-11],[-35,-87],[8,-57],[-26,-44],[15,-25],[0,-61],[-28,-19],[9,-29],[-28,-38],[38,-29],[40,2],[16,24],[34,8],[67,-20],[39,-27],[44,17],[107,-9],[56,117],[83,36],[23,1],[68,-26],[33,-3],[23,-42],[75,-18],[53,15],[77,-18],[46,45],[27,7],[6,-28],[32,-28],[12,-29],[21,-12],[23,6],[10,-6],[-6,-26],[8,-22],[103,-96],[-2,-16],[-21,-13],[43,-55],[-6,-36],[8,-34],[-25,-40],[17,-38],[60,-44],[7,-30],[-21,-42],[26,-24]],[[37535,32935],[-67,-40],[-25,-37],[-30,-21],[40,-156],[-50,-131],[19,-21],[35,-13],[5,-13],[-18,-19],[-30,-4],[-75,-77],[-43,-19],[-28,4],[-20,-9],[-25,-60],[-61,-41],[-24,-48],[0,-66],[82,-28],[44,-60],[-6,-31],[-29,-48],[3,-88],[-25,-49],[-83,-44],[-67,-51],[-52,-69],[-13,-55],[-19,-21],[-182,-95],[-23,6],[-47,-14],[-15,-30],[-29,-7],[-15,-45],[33,-118],[-53,-46],[-48,-23],[-41,-47],[-28,-12],[-6,-40],[-45,-6],[-28,-35],[-45,-32],[-18,-35],[-46,-16],[-10,-26],[30,-37],[-15,-32],[0,-47],[-43,-62],[-37,-33],[-29,-69],[-13,-3],[-50,30],[-37,9],[-17,-15],[-76,-8],[-30,-15],[-49,-96],[-139,-61],[52,-30],[11,-23],[-3,-31],[-23,-31],[-15,0],[-18,-14],[3,-34],[-35,-28],[-3,-36],[-46,-32],[-32,-44],[8,-24],[-9,-11],[-43,-18],[-85,-8],[-48,-30],[-89,-16],[-39,-48],[-84,1],[-78,23],[-62,-3],[-61,54],[-69,-9],[-16,-29],[-7,2],[-1,36],[47,31],[-44,53],[57,18],[6,28],[36,5],[-4,37],[34,23],[-11,40],[27,12],[-30,53],[10,55],[17,32],[23,18],[-7,28],[10,37],[-10,33],[19,22],[-2,57],[17,49],[-6,21],[22,32],[-42,74],[-28,7],[-43,31],[-55,24],[-24,26],[14,57],[-41,12],[-9,23],[-20,14],[14,40],[-2,46],[-17,20],[7,36],[-85,106],[11,43],[62,62],[2,25],[27,24],[-7,17],[-40,16],[-42,40],[1,31],[33,4],[12,11],[-21,18],[14,14],[12,56],[-20,56],[34,38],[4,28],[-48,27],[-72,3],[6,32],[-22,6],[-12,21],[-41,19],[-3,15],[16,19],[-9,15],[-70,41],[-12,16],[-38,-8],[-39,4],[-9,32],[-44,8],[-23,28],[10,38],[-34,14],[-14,31],[-28,11],[-1,24],[-24,0],[-29,18],[-51,4],[-16,30],[-20,11],[-69,-2],[-40,-47],[-17,1],[-33,-16],[-3,-16],[-35,-21],[-14,-28],[-63,-4],[-79,-23],[-37,-33],[-20,-1],[-10,-10],[-84,-9],[-69,-55],[-102,-13],[-21,-21],[-65,-15],[-6,-9],[-73,14],[-14,-16],[-58,-8],[-10,-19],[-29,-20],[-34,-10],[-37,5],[-7,-12],[-70,-39],[-44,-5],[-87,-35],[-40,-4],[-28,-17],[-24,-31],[-46,0],[-28,-24],[-14,6],[-13,-13],[-3,10],[-13,-2],[-9,10],[-45,-5],[-59,-57],[2,-14],[-21,-2],[-15,-19],[-19,-6],[-64,-65],[-14,-8],[-40,21]],[[32642,31632],[3,25],[-33,37],[-13,51],[6,58],[-28,26],[-11,31],[-1,77],[29,13],[27,48],[37,109],[-37,70],[11,58],[-26,81],[9,41],[-27,52],[14,68],[-16,34],[69,-6],[40,6],[44,57],[70,29],[57,42],[31,3],[66,-19],[85,4],[14,9],[13,30],[36,38],[-12,37],[-23,13],[-6,119],[37,29],[37,56],[34,31],[11,73],[41,56],[-4,45],[-42,26],[-27,39],[-47,19],[-18,42],[-24,3],[-22,-9],[-26,7],[-168,105],[-6,18],[-27,23],[-51,-6],[-16,40],[-38,45],[-45,138],[-48,23],[-16,37],[2,35],[-70,60],[-70,-12],[-42,-27],[-54,0],[-53,-56],[-84,2],[-55,12],[-44,-17],[-18,-25],[-79,13],[-44,30],[-42,-12],[-27,7],[-21,-20],[-30,-1],[-38,-18],[-41,-53],[-33,17],[-44,-10],[-15,-23],[0,-21],[-60,-70],[-30,-57],[-49,-15],[-52,0],[-23,-23],[-90,-12],[-55,7],[-14,-8],[-106,-4],[-50,-24],[-48,58],[-4,23],[19,26],[-2,17],[-44,16],[-12,34],[-48,-20],[1,-13],[-21,-4],[-10,-19],[-20,6],[-45,-5],[-7,9],[-58,-17],[-21,2],[-14,15],[-22,-6],[-14,6],[-7,-13],[-17,2],[-3,-12],[-38,-13],[-54,-5],[-12,6],[-5,-11],[-27,-9],[-17,8],[-57,-35],[-4,-16],[-17,-4],[-4,10],[-12,0],[-46,-23],[-14,11],[-15,-11],[-13,4],[-23,33],[-20,4],[-5,16],[-23,-8],[-5,28],[-41,-4],[-12,-23],[-14,6],[-25,-13],[1,-11],[-27,5],[-11,-9],[-28,10],[-1,33],[-21,-2],[8,24],[-27,-10],[-3,-21],[-55,12],[-10,21],[-13,-25],[-9,20],[-17,-5],[-4,9],[-38,6],[-42,21],[-40,-4],[-28,13],[-24,-2],[-10,12],[-14,-3],[40,90],[53,74],[4,30],[56,65],[0,36],[22,46],[36,27],[-5,16],[16,28],[-16,5],[-2,10],[41,53],[-40,82],[-17,9],[-14,27],[-21,2],[31,60],[-10,15],[-26,0],[-7,23],[38,14],[-2,21],[24,30],[39,14],[4,78],[51,80],[-13,16],[14,9],[48,2],[-5,51],[16,13],[145,38],[31,26],[0,19],[35,19],[5,21],[22,22],[-9,52],[10,23],[-18,27],[4,34],[28,22],[70,7],[31,20],[53,-20],[21,32],[-25,29],[-6,36],[19,15],[44,-6],[50,92],[-29,40],[-7,33],[-14,8],[8,30],[-18,29],[-21,6],[-36,61],[-47,14],[-60,1],[-10,11],[-27,5],[-34,-12],[-85,14],[-50,42],[-11,21],[-38,10],[-33,50],[-5,28],[-108,34],[-51,2],[-14,16],[5,18],[-13,18],[-72,41],[-55,17],[-15,17],[-36,2],[-9,12],[-3,45],[101,72],[-1,39],[28,48],[-2,38],[35,16],[19,57],[1,99],[-28,21],[18,49],[-14,27],[19,19],[20,2],[-16,49],[-44,64],[-26,92],[23,19],[16,42],[31,19],[-19,18],[0,13],[-42,-4],[-16,57],[-29,30],[2,34],[-35,19],[-23,32],[-56,32],[-18,29],[-39,27],[-18,50],[-54,40],[-108,11],[-43,-44],[-31,-3],[-106,42],[-41,39],[-69,17],[-100,49],[-43,3],[-32,17],[-109,4],[-55,-61],[-61,-1],[-17,-9],[-7,-42],[10,-13],[34,-8],[12,-35],[-9,-31],[6,-54],[-43,-29],[-2,-38],[-60,-76],[20,-32],[1,-48],[-22,-39],[-87,-11],[-44,23],[-88,15],[-63,-24],[-58,9],[-43,-5],[-80,35],[-24,-28],[-37,-21],[-56,-72],[-54,-13],[-41,-23],[-33,-4],[-76,-54],[-285,22],[-39,-11],[-90,-50],[-99,1],[-44,-19],[-86,-6],[-219,-104],[-58,-10],[-32,9],[-48,33],[-200,42],[-29,37],[-92,51],[-18,36],[-42,21],[-96,25],[-62,-12],[-55,12],[-67,71],[-31,83],[1,52],[39,97],[-23,61],[19,103],[-9,12],[-88,41],[-24,42],[-4,35],[-48,62],[-7,39],[-27,18],[-5,49],[-30,36],[22,86],[-20,66],[0,37],[-49,37],[-24,36],[-9,55],[-26,43],[-8,61],[-97,69],[-28,62],[8,82],[-10,42],[11,91],[-23,37],[-29,118],[-3,161],[11,46],[42,48],[21,96],[-6,283],[-12,75],[-49,83],[-26,107]],[[29056,46912],[-49,46],[-193,272],[-42,27],[-113,35],[-19,41],[-99,78],[-9,106],[19,113],[-13,110],[10,38],[-23,41],[-17,1],[-6,12],[37,189],[7,134],[68,121],[109,81],[95,2],[19,-30],[-46,-93],[-64,-30],[-14,-15],[9,-14],[17,12],[0,-8],[23,-1],[1,-25],[51,5],[2,10],[29,7],[56,41],[39,-13],[1,13],[27,2],[-4,8],[23,15],[16,6],[7,-7],[-2,14],[28,12],[-11,9],[17,20],[24,5],[31,-7],[0,10],[31,9],[60,-16],[45,20],[3,24],[60,13],[3,36],[-28,18],[-129,41],[-60,11],[-39,-6],[-32,15],[32,2],[-2,11],[11,-6],[-2,20],[11,-17],[8,8],[9,-9],[30,4],[32,-12],[82,40],[138,190],[77,56],[117,144],[20,-4],[0,-21],[-30,-37],[-36,-18],[-26,-36],[23,-5],[11,15],[20,6],[48,2],[19,-16],[14,6],[-14,26],[-8,56],[32,65],[0,13],[-12,9],[-4,16],[1,9],[5,11],[13,17],[-18,-34],[11,-13],[51,32],[26,52],[52,-1],[-1,8],[-14,2],[14,9],[19,49],[45,11],[-13,16],[-33,-1],[-45,-27],[-3,-31],[-12,36],[25,62],[51,367],[17,56],[32,25],[-3,-25],[19,-4],[7,16],[59,39],[-14,59],[-65,1],[-13,16],[29,146],[7,18],[25,5],[10,21],[-8,19],[13,107],[1,412],[26,63],[1,79],[-51,6],[-13,28],[32,54],[-19,185],[8,39],[33,24],[122,-46],[31,38],[-24,17],[-19,60],[-48,80],[0,10],[35,13],[-7,18],[-14,-14],[-59,9],[-48,-33],[-54,13],[-39,-23],[-19,6],[-18,-15],[-16,0],[17,29],[-9,33],[90,54],[30,32],[-70,43],[-25,-11],[-29,27],[-87,349],[7,32],[46,27],[-13,35],[-53,31],[19,66],[-10,59],[-68,159],[-33,38],[62,-18],[-12,38],[-41,36],[-10,79],[10,48],[-42,530],[8,77],[-20,109],[-45,9],[3,9],[28,9],[7,25],[-15,148],[4,45],[10,10],[-29,30],[-31,-1],[-29,67],[35,202],[8,194],[-10,154],[17,19],[-2,77],[16,31],[-35,173],[-57,18],[-14,18],[9,62],[38,22],[-7,54],[-30,26],[-17,40],[-35,175],[-25,63],[7,35],[15,12],[38,-28],[-7,-16],[48,6],[26,-13],[15,-31],[33,-29],[-40,79],[44,18],[38,-5],[2,7],[-28,5],[-68,-10],[-11,62],[10,5],[27,-8],[2,-8],[56,23],[-49,-1],[-22,27],[26,39],[-3,62],[-22,-4],[-12,12],[-3,-22],[-48,1],[-11,8],[2,29],[26,24],[-27,-1],[-28,11],[-89,-56],[11,-6],[-11,-12],[10,-27],[-29,-4],[-32,11],[-8,16],[2,98],[4,16],[18,1],[-26,24],[1,21],[-54,52],[-27,13],[-5,-22],[-6,26],[-71,47],[-19,-11],[-47,19],[-12,-7],[4,-16],[-14,-3],[-10,21],[-32,3],[-11,-36],[-21,11],[-66,-39],[2,-14],[-35,-43],[-10,36],[-33,22],[-31,2],[-46,22],[-37,0],[-63,-19],[-46,11],[-50,-6],[-2,43],[30,10],[10,31],[47,18],[25,43],[7,40],[38,21],[61,67],[-17,57],[2,31],[12,9],[16,53],[-9,13],[6,35],[-15,26],[35,14],[7,26],[-10,5],[7,15],[-10,35],[17,9],[9,30],[15,2],[6,37],[15,2],[2,21],[30,27],[13,6],[5,-12],[16,-1],[5,-38],[20,-10],[29,15],[-9,-12],[36,-14],[40,-5],[43,8],[117,49],[88,72],[11,27],[11,-7],[18,21],[51,3],[18,28],[4,-13],[66,14],[5,-19],[33,4],[22,-7],[12,13],[10,-6],[19,12],[16,-29],[17,-7],[-15,-21],[16,-3],[36,-45],[52,-18],[45,-4],[52,11],[89,37],[37,23],[55,64],[25,54],[-22,22],[16,13],[2,21],[13,7],[-2,-9],[29,-1],[13,23],[15,-1],[6,28],[-20,16],[25,-1],[-9,43],[21,-5],[20,-25],[32,7],[45,26],[109,127],[40,82],[27,-8],[69,72],[48,99],[6,124],[-21,120],[16,29],[28,-3],[0,-31],[27,-58],[30,0],[-27,34],[30,14],[9,24],[-20,22],[9,10],[12,-6],[1,14],[-25,6],[-13,22],[-3,21],[23,36],[-32,20],[0,28],[-13,-19],[28,-33],[-32,-38],[-11,-24],[14,-6],[-10,-3],[-39,44],[-10,43],[-42,70],[-17,14],[-11,-5],[-22,31],[21,3],[-2,21],[18,17],[-24,-16],[-2,-17],[-28,11],[1,60],[-23,43],[9,4],[16,-18],[-11,22],[-63,0],[-19,-24],[-12,6],[12,46],[-15,11],[8,14],[-16,12],[-23,-8],[7,11],[-12,-2],[3,21],[17,29],[-12,14],[-19,-4],[5,16],[16,-2],[4,12],[-29,19],[-23,-1],[-5,-24],[-29,8],[9,17],[19,9],[-7,64],[-35,44],[-5,49],[-15,26],[37,20],[-9,17],[7,13],[-18,34],[-10,-1],[0,16],[-19,15],[-3,18],[-29,21],[-14,-9],[-16,34],[22,-2],[5,24],[-22,38],[-12,0],[6,25],[-22,23],[4,20],[-15,7],[2,21],[-13,3],[-8,57],[-25,44],[13,18],[-3,25],[-16,15],[7,7],[-52,40],[-22,43],[-27,8],[6,39],[12,5],[-6,28],[10,10],[-16,21],[4,28],[-29,36],[3,8],[-27,-4],[-9,16],[-17,4],[1,45],[-11,12],[-20,2],[11,-57],[19,-25],[30,-91],[4,-115],[12,-54],[-41,7],[-5,9],[-24,-5],[-7,-10],[1,26],[10,-8],[15,22],[-18,29],[-9,-1],[-1,17],[-26,21],[18,-3],[-4,8],[9,-3],[8,19],[-18,3],[-5,14],[-13,-7],[-12,14],[14,15],[-17,23],[5,12],[-12,-5],[-6,11],[15,1],[2,9],[-23,12],[4,16],[-11,6],[12,5],[-139,134],[-154,108],[-104,87],[-11,13],[-4,37],[-44,48],[-32,0],[-1,25],[-16,7],[2,12],[-16,0],[15,9],[1,14],[-12,-10],[-11,17],[-14,4],[-1,-8],[-16,12],[6,8],[-12,5],[9,5],[-24,10],[16,19],[-3,10],[-42,14],[13,6],[-18,-1],[7,29],[-9,-3],[-25,17],[13,8],[-9,22],[-13,8],[-15,-7],[7,13],[-18,30],[-7,-1],[-5,3],[18,14],[-20,27],[-2,23],[-15,7],[11,15],[-27,12],[-17,-7],[-6,45],[14,18],[-2,35],[14,19],[4,38],[29,44],[-3,58],[15,23],[-7,8],[15,14],[21,65],[-12,79],[12,9],[-4,33],[14,20],[-18,27],[-7,78],[-27,28],[18,-10],[13,15],[12,-18],[-4,-30],[50,-46],[-4,-11],[17,-13],[-7,-16],[8,-10],[88,-20],[46,6],[10,9],[26,-10],[1,-17],[33,-26],[25,-70],[109,-131],[69,10],[24,36],[2,68],[-12,18],[-25,2],[133,152],[-4,25],[-26,25],[17,23],[-4,37],[34,86],[10,98],[-12,4],[12,14],[-13,15],[32,7],[16,21],[5,35],[11,1],[-2,50],[-18,34],[-11,0],[-30,38],[-49,5],[-6,-21],[-18,-3],[-7,-12],[-9,7],[7,20],[-17,5],[-15,34],[-45,38],[-20,2],[-16,-28],[-18,26],[-20,2],[11,12],[-6,6],[11,1],[3,28],[35,22],[29,-7],[3,-10],[47,-1],[33,-16],[36,20],[14,37],[24,-11],[2,-14],[15,-3],[18,-30],[15,0],[72,26],[26,41],[-32,28],[6,24],[-14,11],[-8,-9],[-11,6],[3,21],[-29,46],[-20,-8],[-2,23],[-27,-4],[-6,10],[16,31],[9,-12],[12,13],[22,-15],[10,3],[17,14],[10,36],[11,4],[1,20],[-26,36],[12,14],[-1,27],[31,14],[29,-8],[19,52],[-7,39],[-25,13],[-5,15],[-24,7],[3,16],[-12,4],[12,7],[-7,24],[20,18],[15,-7],[46,31],[16,16],[3,30],[44,15],[15,44],[-8,6],[10,18],[-6,12],[10,4],[5,27],[-10,17],[11,-4],[19,20],[1,28],[-9,9],[17,-1],[8,24],[21,1],[10,10],[1,33],[-37,80],[-30,12],[1,18],[-30,31],[-18,3],[-4,17],[-39,19],[-32,4],[-27,-19],[-38,28],[-15,-17],[-27,7],[-13,26],[-29,18],[-4,16],[1,7],[31,4],[0,42],[-24,2],[3,11],[-17,5],[-26,31],[-64,27],[-25,30],[-47,5],[13,8],[1,20],[-29,18],[33,4],[1,33],[-19,24],[-36,5],[11,6],[-11,6],[10,22],[-19,17],[18,-6],[15,14],[31,-1],[16,37],[-21,44],[-20,-5],[-30,11],[0,25],[15,6],[-3,8],[35,6],[-3,22],[-44,51],[-82,26],[-15,-21],[-24,1],[-8,-20],[-13,-1],[-22,17],[13,46],[-57,35],[-72,24],[-66,4],[-105,-13],[-13,-7],[18,-2],[-188,-71],[-44,-35],[5,-37],[-12,-13],[5,-12],[-28,-32],[10,-29],[-15,-4],[-1,-12],[9,-10],[17,3],[5,-13],[25,3],[-13,-8],[3,-23],[-78,31],[-17,24],[-52,-26],[17,-35],[-15,-2],[-4,-11],[-3,21],[-16,7],[2,13],[10,1],[-22,22],[-22,5],[-11,-24],[-8,2],[6,19],[22,13],[-19,16],[-14,33],[20,6],[0,21],[-13,4],[12,20],[-18,34],[-23,6],[23,8],[-7,8],[14,4],[8,23],[25,-5],[3,8],[-22,11],[9,12],[-22,36],[-1,22],[-14,12],[2,13],[-15,18],[-22,7],[-26,42],[13,43],[-20,24],[2,22],[-11,0],[6,21],[-12,8],[-4,21],[-26,18],[-18,-1],[9,12],[-25,12],[5,20],[-32,17],[18,14],[-7,19],[10,12],[-8,13],[-23,-2],[-6,29],[-6,-12],[-6,-2],[-2,19],[14,3],[-6,25],[14,2],[-14,38],[-39,39],[-19,-3],[-15,37],[-17,-5],[-10,45],[-22,9],[-17,-5],[-1,9],[15,4],[-9,26],[-35,26],[-30,5],[-10,-8],[-5,23],[-11,-7],[10,12],[-6,11],[-21,4],[-21,25],[-52,26],[-11,19],[-88,37],[-10,13],[-75,18],[-15,-5],[-48,32],[-27,-10],[-7,-21],[-16,3],[-9,20],[9,14],[-15,5],[-1,29],[-29,27],[11,4],[-2,10],[-28,12],[-50,5],[-70,-33],[7,-49],[-19,-16],[2,-28],[-12,-2],[4,-19],[-12,-8],[12,-19],[-16,3],[-6,-8],[18,-15],[-11,-40],[-38,1],[-14,38],[-10,6],[-24,-5],[9,39],[-14,8],[10,15],[-17,6],[1,14],[-10,4],[11,8],[3,39],[-15,10],[-9,39],[-34,21],[-1,38],[29,37],[-12,13],[17,7],[0,15],[-11,4],[21,30],[-13,6],[12,12],[1,23],[35,18],[0,-12],[9,1],[27,36],[-7,26],[-17,-5],[21,26],[-14,11],[-6,25],[20,12],[-3,16],[-19,8],[43,1],[47,39],[28,0],[16,46],[33,13],[-7,-25],[10,-17],[29,-5],[47,22],[57,82],[-13,4],[-3,59],[-24,87],[7,9],[-99,125],[10,11],[-29,6],[-21,20],[5,40],[-12,17],[-64,9],[-181,155],[-178,121],[-7,29],[-23,14],[-34,4],[-142,118],[-14,16],[-1,29],[-27,35],[-22,8],[25,29],[-19,-7],[-25,24],[-13,-1],[8,13],[-29,9],[5,10],[-28,14],[-9,23],[-10,6],[-35,9],[42,-18],[-5,-14],[-65,23],[-14,-4],[-4,-21],[-16,25],[-14,-32],[-16,13],[9,15],[-15,0],[-1,7],[-17,-8],[-3,16],[-12,6],[-5,-26],[-37,37],[10,11],[-22,-9],[3,23],[-21,4],[17,7],[-5,20],[-30,11],[-6,-9],[-7,9],[-3,17],[16,13],[-21,20],[11,21],[-14,5],[-22,-8],[4,25],[-23,18],[-28,-7],[-7,7],[-28,-29],[-13,0],[-7,8],[21,6],[5,10],[-8,3],[9,6],[-8,-1],[0,1],[13,3],[-23,11],[14,20],[-24,15],[-49,-16],[-8,9],[7,7],[-20,2],[15,16],[-18,10],[20,10],[-20,16],[4,7],[-52,5],[-9,17],[14,17],[-16,6],[-4,-10],[-28,-4],[-8,25],[-15,8],[619,1384],[46,19],[8,-10],[51,-12],[17,6],[9,-13],[15,13],[31,2],[14,-20],[14,-3],[76,55],[10,1],[15,-17],[48,5],[2,31],[56,15],[29,38],[19,8],[19,33],[41,28],[10,29],[21,6],[47,40],[25,4],[-21,54],[3,22],[-47,45],[-6,40],[-28,15],[-3,21],[-17,19],[2,16],[-15,9],[-36,87],[-37,15],[-14,18],[-2,33],[-21,23],[-10,39],[13,27],[-12,30],[10,28],[-36,19],[-36,2],[3,39],[-14,5],[20,63],[24,15],[6,15],[-13,24],[9,44],[-37,33],[14,57],[13,5],[-18,34],[24,35],[-8,21],[12,14],[-8,13],[34,14],[8,22],[37,-1],[23,9],[-9,50],[54,5],[21,-13],[21,4],[33,-15],[26,8],[59,-3],[28,-22],[13,-26],[34,11],[1,-28],[15,-5],[23,14],[12,-21],[25,-8],[25,-57],[51,-25],[13,3],[42,-17],[28,-36],[41,-18],[12,-16],[-12,-14],[6,-67],[30,-25],[-8,-12],[31,-57],[-2,-34],[17,-6],[0,-11],[27,-23],[-1,-57],[18,-7],[20,-34],[9,-51],[33,-26],[50,-67],[17,-6],[-12,-71],[27,-15],[3,-31],[39,-6],[8,-17],[42,-4],[1,-16],[21,-10],[-3,-19],[-13,-7],[15,-5],[11,-37],[27,-26],[29,-8],[30,9],[22,-18],[15,-1],[15,-22],[34,-2],[9,31],[15,5],[26,37],[49,18],[10,43],[21,22],[37,32],[34,14],[14,38],[24,27],[-2,14],[25,13],[-22,40],[24,32],[17,1],[22,20],[54,-14],[54,-31],[8,6],[63,-7],[22,12],[11,49],[-17,0],[-17,26],[23,46],[-6,7],[51,68],[22,63],[23,14],[18,34],[33,13],[6,42],[14,6],[-1,45],[-32,52],[14,5],[7,17],[105,9],[37,-10],[24,9],[-5,35],[20,16],[21,71],[-4,15],[17,17],[2,19],[46,28],[24,0],[0,23],[43,14],[10,65],[-11,41],[26,15],[10,21],[44,-10],[13,2],[2,12],[36,-1],[-2,27],[19,6],[-9,33],[23,36],[-13,19],[14,11],[-9,14],[23,20],[9,36],[60,-14],[27,19],[21,2],[-25,46],[31,2],[4,9],[29,-8],[4,-10],[59,-1],[104,-32],[37,21],[-5,29],[-18,17],[26,6],[14,42],[-8,-2],[-1,13],[-17,7],[-10,29],[-20,3],[0,18],[-23,12],[-1,42],[-50,12],[7,21],[-15,7],[-11,46],[19,2],[-1,10],[-17,17],[-34,5],[-12,18],[-21,1],[4,9],[15,1],[9,24],[41,-1],[22,14],[-2,16],[17,17],[32,-7],[22,34],[-16,13],[29,-3],[11,13],[-10,10],[21,6],[4,15],[14,1],[4,10],[-28,17],[-2,14],[12,9],[-8,14],[35,44],[22,4],[26,35],[35,7],[-5,31],[-11,7],[5,29],[37,3],[18,15],[28,-10],[26,10],[4,10],[18,-5],[9,15],[17,-4],[26,21],[17,29],[42,-17],[46,7],[44,-6],[41,35],[85,33],[71,-4],[20,-9],[27,1],[12,18],[20,-8],[36,6],[42,-22],[35,-2],[24,1],[23,17],[4,15],[97,-16],[33,17],[105,-31],[51,26],[21,30],[47,31],[-46,28],[-37,-3],[-4,50],[-31,32],[-11,0],[2,11],[-23,2],[-9,10],[31,12],[18,22],[18,-1],[49,45],[18,0],[-23,30],[-33,23],[-20,-3],[-62,31],[-31,35],[-35,-1],[-43,54],[-32,8],[-33,35],[-31,13],[-27,42],[12,27],[-24,9],[-19,23],[-44,-24],[-23,3],[-16,13],[42,21],[23,27],[-2,31],[-13,21],[-18,5],[10,18],[-18,43],[22,12],[-5,19],[11,28],[-22,18],[15,4],[4,13],[46,11],[15,86],[-53,70],[2,24],[-16,30],[-33,27],[-6,61],[-12,15],[20,33],[20,-9],[15,4],[0,20],[-50,37],[-25,4],[-61,33],[-36,4],[0,26],[-35,18],[18,3],[13,19],[27,3],[-2,59],[8,12],[-23,72],[-11,10],[-25,1],[-29,26],[2,48],[11,9],[-11,35],[-29,14],[-31,-6],[-48,31],[-28,1],[1,66],[-48,41],[-18,41],[6,38],[23,-1],[10,18],[-18,26],[-42,15],[-13,34],[-32,14],[-12,18],[26,34],[-13,21],[-22,-2],[-5,10],[-18,1],[-21,-23],[-2,-20],[-13,-7],[6,-13],[-16,-9],[-40,21],[-93,-5],[-7,20],[11,26],[-41,20],[-13,31],[-68,38],[-36,114],[18,73],[23,24],[-1,72],[23,31],[-31,52],[-48,20],[-26,67],[44,62],[-25,75],[-22,21],[-53,17],[-42,49],[-19,45],[-41,38],[-8,54],[-58,63],[5,20],[-19,15],[-6,22],[-41,25],[3,26],[16,16],[-7,17],[-109,10],[-135,-43],[-68,15],[-3,15],[16,22],[-22,68],[11,17],[-13,33],[-36,30],[-9,20],[76,26],[30,49],[23,99],[-16,16],[11,31],[-16,43],[12,25],[11,16],[11,0],[43,-29],[16,0],[17,11],[3,20],[30,8],[9,11],[56,-3],[-15,22],[6,36],[-23,30],[-34,16],[9,20],[30,4],[59,-25],[28,9],[23,-11],[46,3],[-1,16],[-16,5],[-1,39],[-34,18],[-22,45],[-18,15],[3,29],[26,20],[-37,79],[-25,20],[7,58],[44,25],[58,8],[18,-18],[24,-7],[12,-24],[31,7],[51,-36],[55,21],[-18,19],[-1,26],[-14,20],[-5,52],[16,21],[27,8],[1,17],[-8,9],[-15,-2],[-14,18],[4,9],[-15,8],[19,1],[0,-20],[14,-6],[20,2],[10,13],[25,-2],[7,-11],[-17,-13],[-2,-40],[-14,-17],[-21,6],[-1,-37],[15,-1],[24,15],[31,0],[10,-19],[59,-46],[-16,-63],[33,-37],[-4,-22],[74,-22],[8,-11],[24,13],[2,-6],[7,11],[-1,-23],[-19,-15],[34,-19],[17,-61],[58,-26],[7,-15],[10,6],[11,-46],[19,-11],[19,8],[58,-55],[0,-23],[20,0],[4,16],[17,-3],[-5,-14],[26,-20],[-5,-30],[24,-9],[37,-48],[9,-38],[-12,-14],[10,-11],[-13,-19],[6,-21],[32,-17],[-5,-19],[25,-16],[-13,-24],[12,-29],[-13,4],[-12,-9],[-16,-53],[28,-29],[120,-56],[1,-31],[17,-26],[-9,-5],[22,-51],[401,-195],[140,-26],[28,8],[5,18],[13,-21],[-11,-15],[19,-25],[32,-18],[9,-22],[37,7],[12,-22],[55,-12],[24,7],[14,-27],[23,2],[20,-47],[0,-37],[17,-18],[19,-3],[17,-30],[35,-2],[7,-26],[20,-20],[-6,-5],[-12,10],[-18,-9],[-15,-17],[4,-25],[30,-30],[30,-14],[7,-29],[28,-29],[37,-13],[26,-23],[5,-38],[45,-63],[73,-24],[10,-26],[-22,-15],[-4,-14],[45,-38],[-18,-5],[1,-22],[64,-41],[0,-27],[66,-30],[5,-21],[17,-13],[-2,-16],[20,-3],[8,-18],[29,-13],[-14,-18],[27,-22],[11,-45],[27,-23],[138,-14],[167,12],[77,15]],[[32238,70839],[13,-157],[81,-206],[70,-54],[45,-54],[-30,-124],[-12,-157],[32,-92],[-2,-47],[49,-22],[13,-24],[6,-75],[19,-48],[-5,-32],[-57,-74],[-84,-73],[-68,-28],[-110,-3],[-36,-24],[-29,-35],[-51,-133],[-16,-87],[-1,-59],[35,-54],[3,-22],[-25,-32],[-47,-12],[-50,0],[-24,-15],[57,-50],[4,-41],[-64,-131],[-36,-121],[-49,-66],[-98,-68],[-63,-71],[-37,-17],[-77,-6],[-37,-13],[-59,-84],[-48,-34],[-62,-3],[-102,49],[-16,1],[-21,-14],[-12,-26],[28,-97],[7,-109],[23,-22],[22,-4],[522,-453],[243,-189],[288,-173],[77,-181],[26,-92],[18,-23],[48,-27],[249,-14],[501,0],[30,-18],[133,-37],[952,-703],[290,-755],[12,0],[11,-19],[66,10],[10,-10],[-3,-21],[34,-7],[22,-19],[-3,-12],[40,-3],[-7,13],[7,4],[26,-11],[5,-22],[19,3],[-1,26],[27,6],[40,-40],[25,-41],[15,-57],[30,-36],[40,-30],[17,0],[27,-31],[16,-1],[8,-21],[22,-8],[16,13],[33,-27],[8,8],[-5,32],[38,-41],[45,-108],[-2,-38],[41,-26],[5,-47],[31,-49],[-7,-12],[36,-24],[-3,-19],[21,-6],[8,-14],[-16,-8],[7,-21],[-15,-9],[-4,-21],[15,-8],[0,-16],[13,-8],[-5,-26],[14,-4],[4,-17],[17,-10],[0,-31],[25,-30],[-19,-14],[3,-15],[20,-32],[27,-13],[50,-64],[-57,-9],[-22,9],[-12,22],[-36,1],[-24,13],[-12,-5],[-11,-102],[-28,-54],[-72,-26],[2,-35],[11,-9],[-38,-6],[-18,-22],[-3,-52],[10,-29],[-59,-60],[7,-18],[13,-1],[35,-32],[-11,-34],[-27,-24],[6,-63],[-17,-14],[-6,-28],[-26,-26],[-17,-36],[-30,-21],[25,-37],[-11,-41],[-39,-47],[-50,-29],[-22,-2],[-5,-18],[-20,-7],[-26,-29],[-16,11],[-24,-3],[-47,12],[-5,43],[-32,47],[-7,51],[-17,21],[-12,3],[-12,-9],[-9,-27],[-34,-31],[-19,44],[-20,4],[-17,29],[-29,16],[-40,-19],[-45,15],[-10,-8],[-56,-3],[-53,-33],[-42,13],[-22,33],[-28,17],[-76,22],[-15,28],[-20,9],[-23,-29],[-32,-19],[-156,20],[-800,-111],[-67,-35],[-54,-62],[30,-6],[44,10],[20,-55],[-11,-39],[55,31],[22,-16],[-26,-57],[-39,-37],[0,-16],[21,-3],[50,44],[35,3],[18,-17],[13,-58],[26,-11],[31,0],[3,-44],[18,-35],[-11,-49],[16,-98],[-3,-44],[22,-35],[35,-21],[19,-66],[-4,-16],[-44,-58],[-32,-24],[-54,5],[-92,-24],[-61,6],[-20,-6],[-9,-14],[5,-12],[40,-12],[42,-32],[9,-44],[-6,-15],[-15,-3],[-42,19],[-45,1],[-17,-15],[6,-43],[-98,36],[-17,49],[-19,15],[-40,0],[-13,-12],[-27,4],[-73,42],[-52,-30],[-36,-48],[-32,-5],[-3,-18],[-27,-31],[-16,17],[19,11],[-11,8],[4,8],[-17,-2],[-66,38],[-18,-7],[12,29],[-21,-8],[-44,-46],[-41,-78],[-14,-55],[-20,-14],[-64,23],[-73,7],[-39,-2],[-69,-21],[-17,-35],[4,-48],[29,-16],[55,-2],[14,-14],[-51,-69],[22,-99],[-35,-112],[39,-40],[28,-64],[16,-8],[68,7],[32,-8],[31,-29],[14,-41],[-64,-33],[-24,-43],[-32,-32],[-77,-19],[-10,-43],[32,-28],[48,-5],[45,19],[35,44],[11,1],[-8,-59],[18,-121],[23,-23],[62,-21],[28,12],[25,68],[52,52],[43,12],[34,-23],[20,-27],[-7,-25],[-23,-29],[-67,-48],[-20,-32],[0,-27],[29,-40],[44,-18],[187,31],[80,-26],[28,-34],[-7,-38],[-27,-23],[-32,-8],[-96,10],[-52,-23],[-64,-112],[4,-38],[27,-50],[53,-50],[28,-7],[52,57],[34,13],[28,-1],[96,-62],[17,-39],[22,-128],[32,-59],[17,-11],[75,34],[46,4],[11,-7],[-28,-90],[22,-124],[35,10],[66,97],[32,11],[18,-10],[39,-57],[100,-41],[63,-62],[8,-37],[-26,-38],[-32,3],[-18,48],[-13,8],[-16,-4],[3,-67],[-20,-25],[-58,-40],[-17,-43],[4,-39],[36,-21],[41,-2],[102,42],[25,-9],[23,-37],[-21,-40],[-41,-24],[-33,0],[-84,22],[-25,-3],[-23,-24],[0,-32],[22,-29],[150,-66],[20,-17],[12,-30],[-7,-32],[-20,-22],[-84,16],[-22,-6],[-18,-20],[2,-22],[16,-11],[78,-19],[13,-32],[-18,-24],[-68,-21],[-34,-30],[-12,-64],[64,-20],[25,-41],[-12,-11],[-54,1],[-16,-11],[-4,-20],[47,-58],[-8,-86],[24,-42],[59,-17],[113,1],[46,-31],[-5,-32],[-68,-77],[22,-47],[59,-42],[103,-43],[64,-1],[-27,-66],[14,-19],[41,-18],[10,-17],[-28,-75],[10,-33],[31,-14],[12,-16],[-5,-16],[-32,-28],[-6,-21],[1,-21],[21,-28],[91,-14],[62,-32],[32,15],[11,-25],[21,6],[8,24],[19,13],[-23,12],[21,-1],[25,13],[29,-16],[4,22],[27,-27],[13,12],[22,-7],[59,15],[24,-16],[47,-12],[15,8],[15,28],[29,2],[27,28],[17,-2],[17,21],[42,-2],[16,23],[36,3],[71,29],[38,-32],[33,13],[19,-8],[39,32],[11,-6],[-8,-16],[18,-13],[61,-4],[54,-29],[70,-17],[173,-5],[54,14],[76,-35],[62,2],[64,-28],[42,-32],[7,-18],[47,-2],[-1,62],[16,19],[31,12],[124,-44],[84,5],[48,-17],[75,-5],[33,11],[43,31],[1,40],[17,27],[113,38],[90,11],[91,-6],[70,19],[91,7],[41,-6],[43,37],[62,-3],[51,-13],[96,5],[71,-41],[53,22],[23,26],[97,44],[24,-3],[14,-20],[25,-8],[29,2],[57,22],[34,-44],[45,-35],[3,-28],[11,-9],[68,0],[29,-18],[-4,-43],[-18,-2],[-12,-18],[9,-38],[72,-23],[11,-19],[-32,-70],[36,-40],[-19,-37],[9,-73],[41,-87],[-11,-43],[4,-101],[34,-80],[7,-47],[43,-34],[14,-24],[48,-18],[18,-33],[2,-48],[15,-19],[-16,-53],[31,-22],[20,-36],[37,-20],[26,6],[22,-11],[17,4],[42,-33],[20,10],[64,4],[17,39],[31,29],[4,35],[12,10],[57,7],[26,-16],[33,0],[51,-83],[56,-20],[22,-73],[36,6],[61,-21],[6,-23],[26,-15],[-3,-95],[80,-33],[29,-24],[-33,-40],[15,-73],[-49,-41],[18,-55],[15,-16],[-11,-48],[10,-45],[-23,-22],[-8,-30],[-21,9],[-69,0],[-50,-28],[-11,-52],[-33,-48],[-29,-21],[-46,-72],[4,-108],[72,-36],[14,-23],[30,-20],[-13,-13],[16,-35],[-3,-44],[-33,-32],[49,-44],[55,-31],[-32,-45],[-34,-22],[-2,-13],[48,-29],[57,22],[4,-22],[25,-19],[-13,-39],[-17,-5],[-36,-39],[31,-36],[23,-55],[-50,-36],[-13,-36],[-51,-32],[-2,-31],[-46,-85],[34,-32],[43,-16],[24,-31],[38,-14],[-1,-29],[85,-32],[71,-45],[53,-12],[64,-47],[28,-43],[72,-29],[9,-26],[34,-23],[2,-23],[-17,-34],[38,-63],[-64,-35],[-7,-12],[29,-29],[11,-35],[-19,-77]],[[38821,55589],[-77,-24],[-31,0],[-19,12],[-62,10],[-56,-52],[-39,-13],[-18,-19],[-124,-22],[-19,-11],[-73,-75],[11,-27],[31,-23],[26,-142],[-27,-39],[-6,-44],[18,-75],[-44,-75],[-7,-50],[-40,-26],[-47,21],[-29,-8],[-16,-23],[-39,-15],[-24,-64],[-40,-49],[-48,5],[-79,-27],[-40,-1],[-35,-25],[-19,-27],[-33,27],[-73,-10],[-67,-53],[-47,81],[-42,-5],[4,-96],[-29,-32],[-3,-51],[-27,-41],[15,-33],[-48,-25],[21,-30],[-11,-28]],[[37509,54385],[1,0],[-1,-1],[0,1]],[[37509,54385],[-27,-37],[-32,-1],[28,-27],[20,7],[20,-43],[-14,-37],[11,-10],[25,0],[-22,-45],[28,-12],[10,-25],[19,-9],[14,-53],[91,-88],[3,-74],[29,-32],[-6,-54],[56,-18],[21,-58],[41,-25],[37,-4],[29,-35],[30,-12],[-6,-28],[15,-59],[-12,-68],[28,-19],[1,-23],[39,-87]],[[37985,53409],[-67,-9],[-118,20],[-9,-38],[-33,-32],[-161,-7],[-55,14],[-41,-8],[-13,-25],[-34,-26],[-4,-37],[-75,7],[-70,-6],[-26,-13],[-5,-16],[-36,-33],[-26,-73],[-57,-21],[2,-31],[-15,-26],[-20,0],[-50,27],[-84,-1],[-21,16],[-48,-6],[-28,14],[-56,4],[-48,-13],[-104,16],[-24,-10],[-17,-20],[-20,-4],[-89,-73],[-193,3],[-104,-40],[-38,-33],[-16,10],[-45,3],[-20,14],[-52,7],[-33,22],[-9,-4],[-5,-37],[-28,-27],[-22,-8],[21,-100],[17,-29],[4,-35],[-8,-14],[15,-18],[2,-25],[-69,-98],[-57,-31],[-15,-40],[96,-45],[1,-10],[-19,-14],[6,-38],[43,-41],[-66,-74],[4,-21],[29,-24],[26,-41],[2,-38],[14,-32],[24,-21],[1,-29],[-69,-62],[-77,-17],[-31,4],[-85,-31],[-83,-10],[-9,-13],[-14,-74],[27,-27],[0,-23],[-33,-54],[0,-70],[-18,-27],[-37,-24],[-53,-9],[-67,-43],[8,-44],[-8,-62],[-40,-86],[8,-76],[-37,-55],[11,-76],[15,-10],[13,-33],[16,-4],[29,-34],[26,-8],[24,-57],[23,-9],[41,-41],[54,0],[25,-40],[27,-9],[21,-23],[65,21],[21,-7],[28,6],[16,-14],[25,7],[61,-4],[63,14],[80,-30],[44,4],[49,25],[60,-7],[40,-22],[44,21],[117,-4],[34,35],[37,5],[80,-38],[78,8],[104,-24],[9,-33],[58,-44],[19,-32],[13,-3],[55,-91],[-20,-55],[-43,-8],[-17,-12],[-2,-72],[9,-7],[-34,-44],[16,-19],[-29,-45],[3,-36],[19,-29],[-70,-109],[4,-31],[-24,-5],[-45,-54],[13,-39],[-8,-28],[-14,-20],[-48,-13],[3,-17],[-42,-75],[-26,-18],[-38,-8],[-4,-58],[23,-20],[-10,-20],[-16,-15],[-109,-30],[-29,15],[-110,4],[-19,-14],[-6,-60],[-127,-66],[61,-31],[29,-43],[30,-9],[40,-28],[-2,-21],[50,-77],[55,-32],[-4,-7],[-30,-11],[-87,20],[-25,-20],[0,-49],[-34,-29],[-29,-12],[-45,3],[-21,-30],[-32,-17],[11,-33],[-15,-18],[-24,1],[-15,-9],[-15,-23],[3,-20],[-55,-5],[-30,10],[-24,-38],[-97,-9],[-27,-39],[-30,-5],[-6,-10],[-95,-36],[-68,-59],[-135,-5],[-90,-56],[-76,3],[-61,-18],[-9,-19],[-19,-6],[-39,4],[-8,21],[-20,9],[-22,-2],[-17,-15],[1,-42],[-21,-30],[-8,-59],[-18,-37],[30,-46],[34,-23],[29,-37],[-6,-79],[46,-14],[37,-20],[10,-21],[51,-22],[-3,-30],[20,-51],[-28,-40],[1,-39],[22,-43],[31,-27],[44,-68],[42,-17],[23,-67],[-7,-19],[39,-26],[67,-23],[22,-20],[4,-29],[56,-7],[48,-22],[43,13],[66,-14],[11,-60],[19,-23],[-1,-33],[32,-30],[15,-86],[-17,-140],[-41,-112],[-67,-83],[-66,-152],[-119,-126],[-29,-67],[-37,-37],[-64,-1],[-34,18],[-64,10],[-10,-33],[-29,-9],[-30,-25],[-24,-62],[-27,-7],[-3,-19],[11,-59],[-11,-29],[32,-50],[-43,-28],[-39,4],[-72,-21],[15,-63],[-10,-34],[-36,-20],[-65,-17],[-30,-33],[-26,-1],[-27,-33],[-33,-16],[-18,14],[40,45],[-10,78],[-52,48],[-29,-11],[-21,5],[-45,33],[-96,43],[-59,-45],[-108,-58],[-26,-30],[-12,-33],[-29,-20],[-18,-27],[-88,-32],[-47,-39],[-69,23],[-64,57],[-43,1],[-43,13],[-143,2],[-47,17],[-21,-3],[-33,45],[-39,-3],[-21,11],[-55,-28],[-49,48],[-89,40],[-42,41],[-33,-11],[-19,-17],[-20,3],[-35,-11],[-38,12],[-6,14],[-28,9],[-11,40],[-23,20],[5,22],[13,5],[-9,10],[10,10],[-8,5],[5,9],[-28,1],[-10,14],[-84,13],[-41,-8],[-21,8],[-21,-14],[-4,-17],[-36,-13],[-6,9],[-49,6],[-36,37],[-2,47],[-67,37],[1,43],[-38,37],[-17,32],[-25,-12],[-43,9],[-11,25],[11,27],[-24,2],[-13,14],[-47,-17],[-11,32],[2,58],[-30,-4],[-40,23],[-26,28],[-40,-5],[-20,19],[-30,1],[3,23],[-50,7],[-36,38],[-51,-2],[-26,-10],[-25,5],[-17,-11],[-28,27],[-16,-20],[-16,0],[-33,-25],[-14,5],[-6,17],[-15,-2],[-28,15],[-18,-10],[-7,-39],[-17,-17],[-24,-57],[-18,-1],[-15,-15],[-70,30],[-19,-7],[-36,-39],[-15,9],[-18,-4],[-1,-8],[-12,5],[-8,-13],[-16,35],[-62,3],[-19,-18],[-50,44],[-18,0],[-23,-14],[-10,-20],[-19,-3],[-28,23],[-6,37],[-65,21],[-23,35],[9,12],[-9,23],[-70,-32],[-55,-53],[-21,17],[-48,15],[-4,12],[-29,4],[-21,28],[-2,23],[45,46],[-89,65],[-14,27],[6,14],[-12,12],[5,14],[-18,5],[-13,-10],[-17,18],[-28,7],[0,16],[-36,33],[-36,55],[-42,31],[-51,0],[-148,-63],[-109,1],[-40,-77],[-28,-19],[-46,3],[-144,117],[-36,42],[-12,30],[-2,58],[11,156],[-16,31],[-46,10],[-75,-23],[-68,-45],[-55,-89],[14,-81],[-12,-53],[-19,-27],[-107,-69],[-38,4],[-50,32],[-68,77],[-44,35],[-50,20],[-65,9],[-95,-43],[-59,-52],[-17,-60],[-82,-47],[-7,-16],[16,-33],[-8,-24],[-32,-12],[-62,0],[-123,-22],[-100,15],[-43,-52],[-8,-50],[15,-41],[73,-86],[11,-67],[-15,-45],[-93,-169],[-33,-99]],[[55324,87886],[290,-49],[37,18],[76,-4],[13,12],[35,3],[11,12],[118,8],[6,11],[26,9],[322,-33],[84,10],[48,20],[174,-6],[241,6],[89,14],[33,25],[266,45],[165,52],[59,27],[16,25],[75,41],[10,32],[208,93],[17,24],[128,71],[54,64],[13,72],[209,115],[50,46],[16,41],[38,35],[187,41],[149,67],[215,179],[91,91],[135,103],[250,117],[128,28],[66,25],[99,64],[64,22],[14,16],[45,13],[14,14],[15,-1],[85,44],[201,60],[38,30],[53,90],[68,70],[114,88],[78,108],[57,35],[131,56],[40,35],[75,43],[67,74],[49,24],[242,80],[82,45],[79,14],[91,0],[85,16],[179,74],[96,-7],[137,23],[43,23],[50,48],[46,23],[29,28],[45,22],[60,3],[93,-25],[58,12],[47,27],[59,19],[-8,9],[100,83],[118,43],[115,-9],[82,17],[187,-4],[97,13],[30,33],[184,37],[188,119],[33,32],[239,71],[36,40],[86,22],[46,39],[152,43],[142,95],[202,103],[-37,-64],[14,-11],[37,-2],[48,43],[60,19],[19,24],[1,38],[-65,-44],[-25,-1],[-20,11],[-33,-10],[33,16],[28,35],[87,70],[26,48],[42,47],[46,93],[13,63],[42,106],[111,128],[34,113],[106,155],[16,52],[108,182],[37,87],[-2,55],[-17,42],[5,109],[-18,49],[13,67],[-17,11],[7,76],[-17,26],[-16,113],[-16,25],[-24,11],[-98,5],[-38,-10],[-18,13],[-21,-2],[0,19],[19,25],[-11,13],[28,15],[7,-6],[58,14],[-1,28],[43,13],[15,22],[87,11],[4,31],[97,-3],[109,-26],[47,1],[31,-9],[110,2],[10,-14],[27,16],[179,20],[29,14],[36,0],[86,20],[65,-8],[68,5],[172,43],[8,11],[93,26],[21,-15],[46,21],[-8,-30],[21,-7],[2,19],[15,-34],[-14,-44],[-25,-17],[-11,-54],[-22,-10],[-16,-40],[-72,-18],[-56,-36],[5,-66],[-20,-11],[-14,18],[-19,3],[9,-9],[-22,-27],[11,-16],[-18,-5],[-15,-21],[57,-4],[1,-7],[30,-6],[-13,-11],[7,-6],[11,11],[32,-7],[-7,-18],[5,-8],[11,3],[13,-22],[0,-15],[-23,-26],[10,-1],[-10,-30],[-24,-37],[-2,-37],[36,15],[14,-3],[6,16],[18,0],[2,-8],[1,13],[-5,3],[11,11],[-10,-3],[18,8],[36,-35],[-9,-5],[22,-15],[-19,54],[9,-10],[-2,11],[14,5],[-1,12],[-2,-10],[-18,-5],[-13,30],[40,13],[-7,6],[-16,-7],[3,10],[25,2],[-13,3],[16,23],[-10,13],[25,0],[-16,15],[-13,-1],[20,22],[17,-2],[-6,-28],[8,5],[2,-6],[-28,-47],[21,11],[9,-12],[-17,-1],[-13,-17],[11,-20],[-22,-28],[13,-2],[1,-25],[24,2],[31,14],[11,15],[44,13],[1,-8],[-22,-2],[19,-22],[35,16],[15,-4],[-17,-9],[26,6],[-8,6],[6,12],[-16,-3],[-25,28],[48,-27],[16,5],[0,-26],[38,-6],[20,15],[-2,25],[-17,3],[32,5],[-2,24],[10,-7],[25,9],[-11,4],[3,12],[13,-8],[10,4],[-35,55],[11,25],[-24,20],[69,-11],[31,17],[5,18],[59,8],[5,25],[34,9],[42,-18],[-12,11],[3,16],[11,3],[16,-10],[-14,-17],[29,-9],[35,16],[41,-21],[23,0],[48,33],[-19,12],[-15,43],[7,-4],[3,17],[12,-30],[17,12],[8,30],[-20,29],[12,10],[-65,40],[-2,17],[16,3],[1,4],[-31,-2],[-30,21],[-14,23],[14,0],[17,19],[-9,24],[50,-5],[-6,28],[-74,33],[-12,-2],[-13,-33],[-37,23],[8,35],[-18,31],[37,26],[-11,23],[-17,1],[-4,20],[-54,15],[-29,-12],[-30,8],[-42,-9],[15,-15],[-13,-6],[-28,20],[-106,-12],[-43,15],[-37,-31],[16,-48],[-7,-15],[-14,39],[-32,-2],[-11,31],[-25,1],[1,8],[94,44],[94,96],[121,59],[44,32],[29,8],[12,29],[72,42],[200,172],[14,-12],[21,1],[16,-19],[51,-9],[41,35],[73,31],[7,42],[13,11],[66,3],[31,-10],[11,-26],[-44,-23],[-7,-16],[-77,-26],[-9,-19],[-37,-21],[-2,-10],[-35,-2],[-13,-34],[30,-68],[58,-66],[61,-40],[88,-21],[39,15],[-7,9],[19,25],[-15,23],[39,61],[36,1],[15,12],[85,-11],[86,8],[55,29],[65,56],[40,76],[-6,75],[-42,36],[-59,9],[-56,-9],[-3,15],[64,14],[122,58],[31,34],[13,58],[60,16],[9,-5],[12,-10],[9,-10],[-17,14],[3,-25],[9,11],[-2,-35],[30,-10],[-21,-18],[17,-6],[-3,-13],[-39,-21],[-23,2],[-5,-11],[-24,-8],[10,-57],[17,-20],[-3,-18],[11,-1],[-1,23],[15,15],[49,-21],[1,-10],[-17,11],[-3,-10],[28,-15],[26,32],[-30,-5],[52,17],[36,-27],[9,-18],[19,-3],[-48,-28],[-4,-8],[17,2],[-9,-9],[53,23],[6,18],[40,27],[-38,31],[-63,19],[71,39],[-5,13],[-35,9],[42,3],[27,-12],[75,-8],[64,40],[48,8],[41,33],[18,-4],[-6,15],[24,10],[-11,4],[6,4],[20,-4],[-1,-19],[38,12],[4,-5],[-21,-10],[17,-11],[78,32],[-12,16],[4,14],[-21,15],[-21,0],[-21,-15],[-45,-7],[-83,-1],[-2,-18],[-42,3],[33,-19],[-50,1],[-37,-13],[4,-8],[-44,17],[0,16],[54,20],[29,38],[24,-7],[4,17],[80,24],[-44,-1],[-19,9],[11,12],[63,13],[-4,12],[-26,7],[-53,2],[-11,-11],[-21,-2],[-24,-32],[-42,6],[26,22],[-1,9],[-14,-2],[-32,-33],[-37,-19],[-119,-29],[-15,14],[15,20],[112,75],[-7,35],[-51,-37],[-62,-13],[-6,-19],[-20,-8],[-8,-40],[-38,-28],[-101,-31],[-28,-19],[-30,2],[6,20],[-13,7],[43,53],[-3,21],[67,55],[48,20],[138,32],[77,51],[40,6],[35,21],[55,-1],[123,-33],[137,-75],[40,4],[51,-22],[42,2],[16,10],[170,-19],[23,26],[-10,14],[8,8],[5,-10],[112,-43],[30,4],[9,12],[-5,11],[38,-6],[28,10],[78,-30],[23,3],[8,10],[105,-50],[222,-60],[58,-49],[60,-11],[23,-16],[40,-66],[98,-70],[22,-2],[39,35],[84,-31],[86,17],[25,-8],[6,-14],[65,-15],[34,5],[175,-59],[39,0],[75,-55],[115,-58],[53,3],[19,13],[4,16],[-10,15],[12,3],[17,-13],[63,-10],[90,-50],[32,-4],[97,-55],[56,-37],[26,-46],[70,-19],[79,-75],[43,-14],[34,-42],[-20,-27],[13,-45],[-9,-34],[37,-77],[130,-167],[62,-110],[110,-143],[15,-7],[66,-126],[22,-20],[32,-57],[211,-259],[61,-99],[-12,-103],[26,-106],[-21,-83],[-18,-6],[-19,-52],[-99,-123],[-52,-26],[-58,6],[-29,-30],[-14,8],[-25,-7],[-42,-41],[-20,14],[-23,0],[-37,-52],[-28,10],[-41,-4],[-164,-93],[-29,-4],[-70,-67],[-48,-2],[-42,-44],[-78,-47],[-82,-81],[-11,-43],[-39,-11],[-58,-34],[-47,22],[5,19],[-11,16],[-34,13],[-44,-2],[-14,28],[-50,33],[-26,-10],[13,-33],[29,-2],[23,13],[9,-5],[-11,-22],[-36,4],[-7,-24],[-103,35],[4,-46],[-26,-9],[20,-5],[0,-9],[-18,-9],[-16,3],[11,-25],[22,-10],[41,9],[41,-5],[17,24],[46,13],[4,22],[23,2],[11,19],[36,4],[35,-18],[-60,-48],[-17,-39],[-4,-60],[-67,-46],[-31,-52],[-5,-39],[-34,-26],[-13,-150],[-45,74],[-1,-12],[-25,2],[13,7],[-4,28],[-57,-8],[-21,-28],[-18,-2],[11,-4],[-6,-12],[12,-6],[-5,8],[27,-1],[2,12],[22,-9],[-48,-24],[-61,1],[-37,-14],[-14,32],[-24,-4],[21,-35],[-20,-7],[-4,-14],[25,-8],[-2,-10],[-51,6],[4,22],[-53,-5],[-15,8],[-17,-15],[-27,3],[6,-8],[-25,-6],[8,-72],[61,-18],[-534,-145],[-1043,-228],[-1296,-376],[-273,-35],[-602,-119],[-272,-38],[-359,-559],[-1525,-2311],[-37,2],[-42,-14],[-76,0],[-98,28],[-85,10],[-110,-5],[-54,16],[-34,-15],[-32,1],[-11,4],[10,15],[-78,21],[-31,-1],[-59,-28],[-13,-23],[-40,-17],[-148,-31],[-137,-43],[-105,-3],[-14,-22],[-27,3],[-58,-41],[-10,3],[-21,43],[1,23],[-8,2],[-86,-46],[-24,-31],[-33,-4],[-88,-63],[-48,-18],[-25,-26],[-9,-26],[-54,-23],[0,-18],[48,-25],[34,-90],[28,-17],[-117,-104],[-43,-18],[-16,-21],[-9,-66],[-60,-20],[-11,-31],[-45,-9],[1,-25],[49,-35],[-29,-31],[-26,2],[-19,-13],[-45,-48],[-16,-35],[8,-27],[-88,-128],[-23,-44],[-1,-24],[-49,-37],[-16,-32],[-56,-28],[-21,-42],[-33,-26],[-92,-32],[-72,-44],[-25,-50],[-34,-36],[-57,25],[-70,-14],[-50,3],[-64,-26],[-10,-17],[7,-29],[-9,-33],[-38,-50],[-23,-2],[5,-36],[-16,-48],[-20,-24],[10,-41],[-50,-49],[-43,-12],[-5,-19],[13,-20],[-7,-39],[-49,-59],[30,-70],[-20,-31],[-11,-47],[2,-22],[19,-9],[-67,-43],[-46,10],[-56,-1],[-26,-12],[-20,-25],[-18,-61],[-25,-12],[25,-31],[-36,-71],[24,-84],[-11,-14],[-82,-42],[-31,-107],[-36,-42],[-5,-54],[17,-19],[-6,-18],[-10,-13],[-54,2],[-13,-7],[8,-61],[-13,-14],[4,-22],[-210,-120],[-60,-51],[-9,-77],[-47,-36],[-88,-43],[-76,-50],[-23,-109],[-35,-13],[-28,-37],[-54,-4],[22,-25],[-3,-12],[12,-5],[-1,-23],[28,-52],[-14,-10],[-6,-34],[-44,-19],[9,-50],[-28,-28],[14,-47],[-28,-5],[-33,-20],[-57,-93],[-31,-12],[-7,-13],[-56,-17],[-1,-18],[-29,9],[-36,-6],[-18,-18],[-22,0],[-8,-42],[-16,-3],[-38,-40]],[[50638,57104],[-29,113],[4,32],[-31,23],[6,10],[-11,14],[14,21],[54,40],[46,23],[17,0],[-4,14],[30,41],[37,9],[23,18],[26,-4],[8,21],[28,21],[19,3],[-6,14],[23,16],[2,39],[18,12],[8,23],[-13,11],[5,15],[-11,17],[-19,0],[-18,12],[-17,-3],[-17,19],[-8,45],[19,14],[4,27],[56,44],[34,52],[-24,36],[-18,7],[0,10],[-33,27],[-21,5],[-38,50],[-40,19],[-15,30],[-36,11],[3,21],[-35,37],[-4,17],[11,11],[-8,18],[13,13],[-23,14],[-16,34],[13,36],[-10,31],[21,43],[-8,9],[-21,-7],[-5,15],[35,14],[16,25],[-4,28],[-19,12],[-23,0],[-20,19],[-22,-9],[0,17],[-16,9],[-29,-2],[15,39],[-31,-13],[-42,23],[-16,-15],[-64,26],[-13,-14],[-15,0],[-9,-41],[-18,-13],[-3,19],[-14,8],[-45,-52],[-27,17],[-12,-21],[-29,9],[-28,-24],[-53,3],[8,-11],[-14,-5],[2,-19],[-20,-14],[-6,-19],[-16,-4],[7,-9],[-12,-46],[-16,-9],[-3,-14],[-43,17],[-10,-22],[-50,13],[-14,13],[-3,22],[-11,4],[-32,-15],[-13,4],[-4,-12],[-27,-8],[-2,-9],[-31,3],[-5,20],[17,11],[0,18],[-21,-4],[-12,30],[-18,3],[-10,18],[-49,17],[-30,35],[16,41],[-9,31],[-43,26],[-5,16],[-32,12],[-47,-9],[-6,-13],[-19,12],[-15,-7],[-7,19],[-25,-13],[-14,23],[-17,-12],[-16,20],[-38,4],[-14,18],[-47,19],[13,55],[-5,18],[-17,12],[-11,59],[-14,17],[28,45],[-93,75],[-17,29],[-27,10],[-12,-5],[-22,10],[-11,17],[1,18],[24,17],[16,51],[4,34],[-12,48],[10,35],[22,9],[2,25],[-44,16],[-20,-19],[-26,-6],[-25,11],[-3,17],[-23,1],[-24,18],[0,13],[-17,10],[-61,9],[-21,17],[-12,28],[-20,14],[14,36],[-72,64],[10,5],[-15,9],[15,10],[-8,52],[-28,34],[-22,10],[16,61]],[[48872,59595],[89,57],[72,22],[38,44],[70,50],[28,17],[69,20],[139,110],[33,48],[15,102],[23,39],[8,44],[114,107],[52,21],[84,-5],[90,7],[80,40],[37,29],[24,34],[4,33],[-35,63],[-114,82],[-42,47],[-19,55],[-33,53],[0,32],[62,80],[12,56],[-88,239],[3,52],[23,79],[-35,69],[-6,43],[15,34],[50,35],[81,34],[57,79],[77,30],[56,57],[110,9],[88,-27],[122,140],[129,19],[60,27],[52,6],[64,40],[73,26],[43,48],[46,77],[83,75],[85,42],[75,24],[47,3],[52,-13],[105,27],[48,44],[86,27],[109,112],[58,-11],[121,58],[6,36],[32,28]],[[51699,62450],[25,-25],[-4,-33],[47,-13],[-2,-9],[-50,-15],[3,-55],[-55,-21],[1,-24],[17,-5],[35,24],[38,5],[34,-29],[36,-9],[8,-16],[-27,-11],[-48,10],[-30,-4],[-46,-57],[16,-10],[53,-3],[10,-16],[-15,-26],[5,-14],[75,-17],[3,-25],[-47,-19],[-8,-22],[15,-15],[59,-25],[-5,-14],[-35,-4],[-12,-14],[6,-21],[43,-48],[-9,-22],[-37,-34],[11,-41],[-25,-7],[-35,17],[-19,-12],[-2,-12],[18,-24],[58,-17],[6,40],[49,-22],[73,42],[39,-6],[-6,-26],[31,-38],[-2,-32],[14,-24],[-14,-32],[6,-61],[-16,-9],[-61,13],[-19,-21],[13,-11],[35,1],[29,-13],[33,-77],[14,0],[5,10],[24,-17],[24,29],[24,-2],[0,-14],[12,8],[14,-4],[28,-20],[21,13],[10,-15],[30,1],[14,15],[30,-8],[53,12],[12,-6],[-2,-13],[70,-8],[12,6],[12,-11],[17,2],[22,-24],[57,-25],[30,9],[29,-7],[43,-22],[15,-26],[9,9],[1,-8],[45,2],[3,-8],[17,-1],[3,-13],[24,10],[29,-32],[-1,-7],[-14,2],[11,-26],[17,-5],[17,9],[16,-13],[24,-3],[-4,-8],[12,-3],[5,-18],[-9,-38],[44,-43],[14,14],[14,-3],[-3,-10],[19,2],[27,29],[30,-1],[-7,7],[45,-4],[78,48],[22,-14],[23,-1],[-3,-11],[21,-1],[3,11],[13,3],[28,-33],[46,-9],[-1,-7],[42,7],[15,-36],[-12,-9],[-4,-46],[18,-43],[-19,-50],[23,-21],[33,35],[41,12],[37,-22],[24,9],[13,-4],[1,-20],[32,-11],[82,79],[16,32],[24,10],[94,82],[-1,28],[30,41],[71,10],[57,-15],[63,-46],[63,-10],[10,-12],[29,38],[25,-10],[59,73],[-28,3],[-50,39],[-66,7],[-32,-11],[-45,16],[-7,31],[-38,-15],[-21,4],[12,28],[-9,29],[-9,16],[-42,27],[121,51],[25,52],[-23,10],[15,35],[-10,18],[-19,2],[-35,-51],[-9,17],[11,58],[-50,34],[-36,-15],[-50,10],[-7,-35],[-61,-16],[-17,13],[-5,22],[-54,10],[-17,12],[9,45],[-36,46],[33,29],[-40,65],[-71,9],[-23,17],[21,34],[30,10],[8,13],[-6,8],[-29,-1],[-18,18],[27,54],[-46,1],[-3,27],[-14,15],[-37,-12],[-2,32],[-13,14],[29,0],[7,10],[-55,1],[-33,21],[16,22],[14,3],[25,-11],[3,15],[-20,10],[-42,0],[-10,39],[-15,-9],[3,-29],[-21,10],[-8,20],[14,55],[-10,8],[-18,-2],[-28,-25],[-24,18],[-32,-29],[-8,31],[-26,14],[10,30],[-60,16],[5,25],[-53,31],[-12,33],[-53,2],[-7,18],[-40,9],[-3,15],[-44,2],[-3,19],[-22,16],[3,27],[-28,-22],[-17,9],[-7,30],[36,4],[1,14],[-17,7],[-32,-20],[-9,16],[7,25],[-16,24],[18,26],[-42,-4],[-11,8],[42,22],[-2,14],[19,-1],[-2,16],[-29,24],[0,11],[37,7],[1,-28],[29,62],[16,-10],[27,6],[-3,11],[-22,4],[18,34],[-37,-16],[18,34],[-2,39],[17,-6],[10,18],[26,-7],[11,6],[-13,22],[9,17],[-33,14],[25,22],[-23,7],[10,40],[-7,11],[-18,-5],[-12,14],[35,47],[-30,-9],[-50,57],[470,-30],[21,15],[16,0],[16,-10],[11,-31],[2,-64],[26,11],[12,-10],[20,48],[43,54],[2,52],[20,59],[42,44],[21,7],[15,-22],[-5,-34],[23,-34],[-22,-32],[-30,5],[-6,-7],[17,-17],[20,1],[1,-30],[16,7],[39,-6],[1,12],[22,10],[15,-17],[21,-2],[6,21],[27,-5],[19,-18],[5,19],[26,6],[25,23],[24,-20],[12,21],[13,0],[9,-10],[-36,-22],[-8,-28],[29,8],[-1,-24],[26,-5],[13,-36],[11,13],[16,-17],[36,14],[29,-3],[3,-21],[52,-58],[50,-30],[36,20],[60,-3],[16,23],[14,-9],[2,-27],[-41,0],[9,-31],[-51,-23],[14,-37],[-2,-29],[-6,-10],[-13,10],[5,-26],[-12,-12],[18,-7],[7,-23],[-12,-19],[-5,21],[-38,-40],[23,-24],[-13,-7],[17,-26],[13,5],[2,14],[22,1],[16,-15],[17,14],[1,-10],[12,-1],[-2,-20],[22,-12],[-21,2],[22,-21],[-30,-22],[76,-28],[6,-17],[35,-20],[-8,-11],[-21,6],[-2,-11],[46,-4],[9,-10],[-5,-11],[-21,-6],[27,-39],[-21,-3],[-3,-16],[28,-16],[-33,-5],[8,-20],[-16,-13],[-11,5],[-11,-7],[16,-1],[-19,-15],[20,-1],[10,-10],[-29,-13],[31,-9],[23,-31],[-26,-21],[42,4],[-10,-14],[9,-32],[-10,-7],[17,-9],[-23,-15],[17,-9],[-15,-3],[-5,-26],[-51,18],[-19,-38],[17,-23],[-18,-2],[21,-16],[-16,-31],[26,6],[8,-6],[-36,-29],[7,-25],[28,1],[-15,-18],[19,-6],[-14,-13],[15,-41],[-11,11],[-7,-16],[26,1],[7,-17],[-10,-49],[13,-6],[-14,-20],[0,-22],[25,7],[-2,-16],[32,5],[21,-8],[-3,-16],[-23,1],[-10,-14],[19,-5],[-1,-14],[30,-9],[-4,-28],[-33,-10],[-18,15],[-13,-22],[-16,-4],[17,-20],[-12,-17],[15,-34],[-14,-39],[16,-21],[13,-4],[10,13],[21,0],[-10,-9],[4,-23],[13,-6],[27,6],[5,-16],[17,-2],[-6,-29],[4,-10],[16,2],[3,-16],[42,14],[35,-14],[32,7],[-7,23],[13,10],[29,-30],[2,-53],[37,-9],[17,11],[25,-23],[12,16],[13,-15],[28,-1],[6,-16],[-12,-4],[10,-7],[-23,-4],[1,-29],[-44,-66],[1,-24],[17,6],[17,-9],[6,-37],[35,-10],[48,15],[5,-14],[20,-5],[6,13],[25,-6],[5,8],[10,-11],[34,-7],[48,2],[41,14],[38,-17],[30,-31],[18,23],[66,33],[56,-22],[104,-3],[46,-27],[66,-10],[62,-33],[53,15],[21,-42],[-1,-35],[23,-14],[-5,-37],[-13,-18],[25,-21],[47,-3],[33,20],[48,3],[21,36],[82,4],[31,-12],[48,4],[22,-7],[75,44],[24,2],[32,48],[132,-57],[64,-3],[98,12],[-3,55],[-20,34],[20,46],[24,11],[16,33],[26,18],[-9,17],[9,30],[-11,69],[36,46],[44,19],[5,65],[21,41],[34,29],[25,7],[-9,27],[27,56],[25,16],[30,57],[47,27],[38,48],[18,80],[-15,47],[1,50],[21,52],[-28,20],[53,39],[67,99],[-3,21],[-41,39],[18,7],[9,19],[-19,71],[17,57],[-3,26],[57,56],[4,27],[74,-5],[84,-42],[-2,-23],[-24,-18],[6,-57],[70,-37],[30,-2],[31,-15],[19,10],[87,-38],[27,-57],[-5,-37],[59,-74],[36,-13],[7,-39],[83,-33],[12,-16],[91,-5],[4,38],[18,9],[3,38],[51,29],[77,17],[36,46],[27,11],[57,79],[10,64],[47,93],[78,-7],[6,-20],[17,-11],[36,-1],[39,-32],[41,-7],[20,-60],[28,-44],[104,-29],[180,-19],[60,10],[52,-8],[37,-24],[24,9],[33,41],[160,-7],[58,33],[16,35],[44,24],[3,26],[30,27],[60,13],[57,65],[69,47],[-4,21],[18,73],[47,37],[9,28],[43,51],[2,26],[25,16],[31,-22],[6,-20],[85,-34],[15,-26],[-7,-39],[25,-34],[-22,-18],[3,-25],[-16,-22],[12,-28],[61,-52],[-32,-31],[-15,-50],[19,-13],[56,-10],[24,-27],[-17,-29],[3,-29],[-13,-43],[80,-50],[54,-8],[116,-74],[-20,-67],[5,-15],[57,-17],[30,-31],[27,-3],[54,-29],[35,3],[71,-20],[18,-33],[66,-46],[13,-20],[-1,-31],[16,-24],[24,-11],[-3,-28],[32,-23],[9,-54],[30,-25],[-4,-25],[14,-35],[33,-16],[16,-19],[100,-37],[31,-33],[7,-48],[36,-54],[-6,-35],[6,-31],[15,-14],[4,-38],[16,-10],[11,-25],[39,-5],[15,-16],[29,-10],[20,8]],[[46267,82181],[18,-5],[34,124],[53,115],[102,131],[129,193],[-9,64],[-23,52],[27,76],[38,48],[62,47],[76,40],[60,6],[62,77],[39,99],[15,187],[79,119],[108,108],[104,73],[154,57],[37,23],[21,54],[-16,172],[15,11],[31,70],[36,28],[13,42],[-6,63],[-20,36],[-38,37],[-42,10],[-45,57],[-4,27],[35,39],[124,62],[2,9],[3,48],[-16,66],[-5,102],[0,166],[-12,74],[2,64],[16,65],[-16,55],[-60,107],[-36,244],[28,100],[-5,111],[14,54],[18,28],[83,52],[20,29],[-18,21],[-128,59],[-40,41],[-55,32],[-24,55],[10,138],[-21,82],[-23,48],[-59,68],[-93,74],[-58,29],[-56,49],[-185,91],[-69,61],[-42,71],[-21,129],[-23,65]],[[46667,87010],[36,0],[65,-40],[21,-1],[9,8],[171,-74],[91,-7],[88,-32],[67,-13],[353,-134],[444,-147],[378,-110],[348,-82],[355,-65],[323,-37],[170,-7],[477,7],[324,53],[269,126],[86,57],[39,37],[6,49],[14,20],[81,72],[7,24],[93,91],[5,36],[-24,38],[3,35],[-16,19],[-10,43],[-26,42],[-26,11],[-18,21],[3,15],[-15,10],[15,39],[-12,14],[26,27],[18,76],[-24,116],[-41,58],[-34,4],[10,30],[58,65],[21,73],[-30,23],[-23,-4],[0,12],[19,13],[-2,15],[-17,9],[-10,-4],[-29,24],[29,6],[33,35],[49,8],[51,52],[3,11],[-12,2],[-2,2],[0,5],[3,6],[3,3],[4,1],[-9,-14],[18,-5],[4,7],[-11,5],[1,4],[7,-6],[10,9],[4,24],[-13,5],[9,18],[-13,11],[-17,-23],[-10,2],[-4,12],[9,8],[43,10],[6,10],[21,-12],[18,15],[46,7],[8,17],[25,-3],[28,15],[-10,26],[-30,-5],[6,14],[-8,7],[-47,-6],[-14,20],[52,30],[12,25],[12,2],[-3,35],[34,8],[-24,67],[37,-2],[0,-15],[23,-11],[23,29],[14,5],[18,-11],[7,19],[20,9],[16,-17],[26,5],[3,-10],[-19,-22],[4,-21],[15,-6],[39,26],[25,-21],[38,2],[29,17],[4,15],[-15,5],[-7,19],[-27,10],[-3,34],[-13,21],[-23,13],[-7,25],[64,7],[5,34],[41,6],[-9,14],[6,10],[11,-3],[9,-22],[20,3],[6,-7],[-29,-22],[0,-13],[15,0],[-3,6],[13,-9],[27,4],[-2,-58],[32,18],[36,5],[-18,25],[13,27],[-15,6],[13,12],[-3,11],[16,3],[18,-14],[32,-7],[-8,-12],[21,-7],[-11,-12],[7,-9],[34,-2],[5,-26],[24,-2],[17,38],[-24,26],[3,26],[-31,27],[-2,18],[5,20],[36,12],[4,-43],[33,-1],[8,-15],[23,10],[-15,-31],[18,-7],[-2,-9],[-23,-9],[8,-12],[-11,-5],[-5,-22],[22,-16],[27,-4],[23,15],[11,-12],[11,4],[2,-22],[25,-4],[38,21],[1,19],[-14,9],[9,21],[-18,13],[-3,16],[23,17],[5,28],[45,6],[32,19],[5,-10],[-17,-22],[26,-10],[-4,-8],[17,-13],[-15,-21],[31,-4],[8,-10],[52,20],[-9,24],[-21,13],[18,31],[-5,10],[43,20],[31,-6],[5,-20],[-9,-15],[33,-10],[2,-8],[18,14],[14,-3],[-8,24],[17,11],[8,-7],[40,3],[14,-19],[58,5],[16,-26],[33,23],[84,-10],[32,-21],[61,14],[34,-9],[-7,-23],[16,-13],[41,-3],[32,-22],[13,8],[-3,-22],[39,-15],[4,-15],[50,-31],[13,5],[59,-20],[17,6],[59,-29],[41,1],[79,-37],[89,-14],[134,-90],[65,-21],[49,-29],[78,-8],[114,-35],[264,-58],[98,7],[19,7],[12,20],[73,16],[310,-64],[44,4],[18,17],[51,18],[248,-49],[88,19],[159,17],[84,0],[136,28],[124,-21]],[[55324,87886],[46,-8],[18,-18],[-21,-43],[3,-85],[-6,-7],[-22,5],[-14,-15],[-27,1],[5,-11],[23,-4],[10,-12],[-42,0],[-3,-9],[23,-6],[10,-22],[-11,-5],[-20,7],[-21,-13],[7,-35],[-19,-28],[11,-58],[-12,-34],[-22,14],[-29,-17],[20,-21],[-19,-38],[-44,8],[-24,-12],[-14,-27],[-34,1],[-13,-8],[-15,-22],[26,-12],[2,-14],[-34,14],[-12,-25],[-30,4],[20,-47],[-10,-16],[-24,-1],[-39,-51],[-21,25],[-26,2],[3,-26],[-72,16],[-1,-40],[-41,6],[-18,-6],[9,-25],[14,-7],[-13,-26],[24,-11],[-8,-10],[9,-6],[34,5],[2,-41],[38,-42],[-14,-18],[2,-14],[-64,-35],[19,-34],[-19,-14],[-16,0],[17,-16],[5,-29],[36,-4],[10,-9],[-11,-17],[-34,0],[18,-20],[27,-7],[-33,-19],[-29,-38],[36,-12],[-4,-23],[29,0],[38,-73],[-56,-12],[-5,-19],[-35,-17],[0,-14],[-23,1],[8,-36],[24,-25],[-2,-23],[-17,-28],[-49,-32],[-18,-43],[-16,-8],[-11,-36],[22,-52],[17,0],[21,-18],[24,-6],[51,-50],[17,-4],[-9,-63],[45,-56],[4,-30],[-23,-39],[-3,-28],[34,-76],[-8,-33],[20,-32],[1,-23],[59,-69],[68,-38],[24,-118],[20,-26],[3,-23],[21,-14],[38,-55],[4,-21]],[[53339,74704],[13,76],[-33,62],[-50,27],[-40,6],[-68,64],[-41,16],[-96,-18],[-45,4],[-47,22],[-79,17],[-65,43],[-41,4],[-19,14],[-63,-8],[-72,-60],[-91,71],[-34,3],[-39,-9],[-22,44],[19,38],[38,8],[75,-19],[3,17],[-89,53],[-33,54],[-24,12],[-36,-3],[-44,-34],[-59,5],[-25,16],[-20,29],[-12,58],[-33,-7],[-18,-14],[-26,-96],[-68,-30],[-58,9],[-59,33],[-22,3],[-36,-15],[-52,-45],[-52,0],[-47,42],[-52,101],[-45,-7],[-18,-40],[-39,-27],[-48,-1],[-30,11],[-21,26],[12,38],[47,18],[92,-6],[18,16],[-2,16],[-92,39],[-22,50],[-102,-44],[-54,5],[-7,37],[10,34],[-9,10],[-93,11],[-35,18],[-5,26],[19,26],[-8,18],[-88,27],[-75,35],[-88,113],[-69,6],[-30,14],[-7,25],[18,18],[44,15],[0,13],[-64,32],[-44,34],[-34,49],[-50,47],[-26,13],[-66,4],[-31,11],[-118,-69],[-97,13],[-11,18],[2,42],[30,82],[28,42],[-30,54],[-226,102],[-77,56],[-50,19],[-63,-2],[-248,-103],[-66,-4],[-38,36],[-46,81],[-35,24],[-28,37],[-46,87],[2,59],[-25,19],[-32,-1],[-56,-29],[-111,13],[-74,-40],[-14,-23],[-66,-56],[-162,-92],[-47,6],[-43,42],[-39,-5],[-15,84],[-22,44],[-82,59],[-57,81],[-35,26],[-16,69],[7,4],[-19,43],[-65,32],[-121,24],[-154,98],[14,105],[-9,33],[-24,33],[-29,26],[-48,20],[-157,19],[-51,19],[-61,85],[-21,69],[-126,34],[-57,45],[-91,-41],[-54,-13],[-79,8],[-45,36],[0,77],[-28,51],[-77,71],[-60,20],[-73,0],[-25,-8],[-92,-58],[-64,-57],[-34,30],[-21,52],[14,50],[51,25],[63,49],[88,99],[9,27],[-22,58],[-59,89],[-57,55],[-66,41],[-9,22],[10,36],[65,34],[103,79],[43,56],[9,39],[4,109],[-30,94],[-59,112],[-110,104],[-26,64],[2,17],[24,28],[62,18],[21,17],[15,20],[-1,21],[-81,73],[-51,75],[-56,47],[3,33],[66,141],[-66,129],[-5,30],[-81,48],[-155,128],[-35,38],[-26,62],[-34,40],[-61,18],[-51,93],[-9,48],[21,100],[51,60],[-1,56],[9,13],[-21,92],[7,38],[46,17],[34,42],[53,41],[62,21],[40,-1],[119,53],[46,55],[97,73],[79,104],[-11,29],[-38,45],[-48,43],[-100,66],[-25,32],[-40,89],[-91,96],[-134,71],[-132,39],[-93,46],[-188,3],[-44,8],[-67,35],[-47,57],[-17,46],[1,72],[17,44],[36,48],[7,37],[38,70],[-2,102],[20,87],[25,60],[60,51],[-7,4],[45,116]],[[42424,76467],[-20,7],[5,16],[-15,10],[6,11],[-33,4],[-9,-8],[-14,27],[-44,19],[-10,-21],[-16,5],[40,75],[21,5],[-25,7],[9,9],[-9,7],[-25,3],[17,24],[-5,14],[-4,-5],[-10,8],[-22,-14],[-8,-22],[-34,-32],[2,-31],[9,-5],[-22,-16],[-2,-22],[-17,-13],[-26,23],[0,13],[-89,-31],[-14,7],[-42,0],[-5,-10],[-35,12],[-4,-12],[-29,7],[-55,31],[-12,35],[-75,47],[-65,-34],[-36,-4]],[[41702,76613],[-7,19],[-5,-6],[-22,20],[-137,13],[-4,11],[14,5],[27,49],[6,39],[32,17],[25,-22],[-7,-8],[33,-3],[21,34],[-30,19],[-45,59],[8,11],[-14,41],[-34,13],[-17,-5],[-29,24],[-15,1],[-8,37],[-32,15],[-37,37],[-6,35],[-57,-3],[-19,-23],[-26,2],[-33,24],[-20,53],[-24,-18],[-59,11],[1,-18],[-72,-85],[-43,25],[-9,-18],[3,21],[-22,11],[-2,32],[-24,-5],[-12,7],[-13,51],[-58,38],[-43,3],[20,137],[-29,19],[5,34],[-9,7],[40,15],[2,13]],[[40916,77401],[75,-5],[10,-18],[45,-21],[33,-3],[89,42],[73,57],[18,-12],[31,7],[78,59],[18,29],[13,-3],[0,17],[26,17],[90,115],[100,163],[4,15],[-19,7],[20,-2],[7,9],[90,221],[6,22],[-8,2],[15,9],[35,112],[23,141],[-6,144],[11,-5],[1,52],[-20,-1],[-48,138],[-103,95],[-50,115],[-63,86],[-10,-7],[-28,18],[-88,-25],[-100,72],[-53,14],[-158,-16],[-107,5],[-36,-12],[-34,-31],[-8,6],[20,33],[65,36],[19,23],[9,49],[59,15],[3,46],[47,12],[50,41],[110,55],[38,33],[12,25],[-19,37],[-13,6],[-1,16],[101,80],[20,36],[-5,23],[35,39],[-1,29],[28,68],[-19,26],[20,69],[23,28],[13,38],[-21,48],[-32,34],[3,62],[28,14],[22,44],[55,33],[51,75],[35,96],[-19,79],[93,80],[40,114],[4,90],[-18,35],[-39,32],[17,29],[47,23],[19,56],[1,69],[-33,138],[2,14],[16,4],[-7,19],[33,71],[-19,67],[6,10],[-12,1]],[[41774,81229],[516,335],[-321,-562],[10,-36],[24,-12],[43,2],[28,-38],[61,-34],[25,-3],[42,0],[53,54],[82,20],[22,-8],[-2,-16],[78,-87],[-41,-34],[-16,-33],[96,-17],[-19,-14],[-28,-49],[9,-12],[-9,-14],[4,-27],[-23,-28],[18,-28],[53,-7],[1,-25],[35,-38],[-23,-23],[10,-18],[-38,-31],[-10,-52],[-12,0],[-19,-24],[59,-59],[-15,-8],[-23,27],[-50,11],[10,-22],[49,-21],[-20,-30],[85,-64],[-34,-45],[22,-35],[21,-9],[7,21],[79,5],[9,15],[-36,12],[32,45],[18,8],[2,25],[19,5],[52,-15],[32,7],[-15,-88],[37,-24],[0,9],[67,-10],[143,6],[-4,-19],[-145,0],[-1,-11],[-13,2],[-9,-9],[8,-4],[-6,-12],[84,2],[107,-23],[21,-23],[-9,-15],[40,-24],[12,8],[10,-55],[13,-13],[12,5],[15,-61],[76,-23],[25,4],[21,-41],[43,-2],[96,-58],[-17,-47],[35,-46],[-45,-125],[-24,-31],[-8,-63],[-20,-48],[-18,-13],[-30,-62],[-20,-80],[-28,5],[-13,-67],[-43,6],[-6,-32],[-32,-9],[6,-27],[37,-4],[-2,-20],[-15,1],[0,-18],[-19,-27],[5,-10],[33,-11],[8,-43],[-10,-16],[-25,4],[-6,-37],[-18,6],[-13,-15],[18,-11],[-13,-14],[8,-8],[50,-10],[-27,-46],[4,-48],[-42,-3],[-17,-39],[62,-31],[-17,-8],[19,-36],[3,-43],[31,9],[7,-8],[4,8],[15,-4],[1,10],[17,-10],[-11,26],[24,10],[-21,39],[6,18],[28,-7],[18,8],[9,-12],[29,-1],[21,-14],[23,5],[53,-64],[36,-1],[-4,-46],[-19,-16],[1,-11],[14,-13],[33,-1],[25,76],[56,101],[3,27],[96,26],[1,23],[-10,10],[15,40],[126,82],[32,10],[63,-15],[-29,-36],[7,-42],[37,8],[17,-32],[14,1],[21,-23],[42,-16],[25,11],[24,-12],[38,-23],[4,-17],[29,-11],[5,-17],[12,2],[9,23],[88,-6],[21,-13],[19,24],[71,0],[17,-38],[59,0],[59,-36],[38,17],[14,-2],[33,27],[21,0],[-19,-40],[-22,-20],[-55,-25],[-16,-21],[-55,9],[12,-34],[35,-34],[-22,-40],[31,-47],[25,7],[61,57],[19,0],[24,-14],[-8,-25],[61,-34],[68,-4],[73,-18],[10,-94],[12,3],[22,-15],[25,-3],[8,-21],[23,3],[45,-39],[58,-8],[0,-19],[19,-20],[22,-18],[22,-1],[7,-22],[44,-21],[13,-16],[-8,-21],[6,-18],[48,-32],[62,18],[34,-1],[50,-18],[95,45],[17,0],[37,-35],[49,-17],[1,-13],[83,7],[16,-11],[-52,-15],[-10,-18],[3,-26],[-38,-22],[-1,-15],[-14,-8],[10,-47],[-7,-5],[17,-34],[-21,-18],[-18,-52],[-18,-6],[2,-12],[-16,-13],[5,-26],[14,-7],[10,-27],[41,-14],[32,-27],[28,19],[24,-34],[115,-56],[37,6],[31,-8],[7,-12],[30,7],[17,-5],[1,-11],[80,-47],[50,-4],[21,8],[12,-7],[60,18],[45,55],[24,8],[6,-7],[42,2],[21,-18],[74,-19],[39,-46],[50,6],[25,-17],[28,-3]],[[46384,77505],[-1,0],[0,1],[1,0],[0,-1]],[[46384,77505],[19,5],[3,-15],[26,-18],[-36,-24],[-35,0],[-123,-40],[-7,-39],[-31,-25],[-25,-61],[16,-29],[-50,-49],[-4,-33],[-19,-35],[-50,-40],[-13,-44],[-57,-17],[7,-34],[34,-37],[78,-42],[-7,-62],[-31,-25],[8,-24],[-35,-30],[3,-28],[-17,-16],[24,-6],[0,-17],[65,0],[13,-22],[-4,-26],[30,-25],[-6,-37],[17,-23],[-44,-34],[-3,-43],[25,-25],[49,3],[57,-27],[31,-78],[17,-16],[-12,-9],[10,-16],[-6,-55],[-28,-32],[10,-52],[42,-42],[-29,-98],[24,-71],[22,1],[10,-15],[34,8],[-1,-10],[20,-16],[18,16],[49,-2],[42,-17],[-1,-12],[29,-23],[47,-15],[20,-66],[12,-2],[9,-23],[38,-12],[17,-42],[18,-7],[11,-48],[-8,-17],[52,-55],[-3,-10],[12,-11],[-14,-3],[5,-13],[63,-43],[-20,-41],[25,-37],[3,-66],[28,-21],[46,-11],[36,-33],[28,5],[50,-9],[13,9],[46,-21],[39,0],[8,-44],[18,-8],[85,-1],[95,40],[33,-12],[33,-27],[-11,-7],[10,-16],[-13,-7],[-3,-23],[36,-18],[40,-53],[72,-2],[67,-29],[77,-14],[144,21],[34,-27],[51,-2],[14,-9],[-8,-32],[26,-32],[41,-21],[57,-6],[89,-67],[9,-46],[25,-21],[17,-58],[25,-27],[3,-23],[26,-41],[1,-48],[119,1],[6,-9],[-24,-23],[-2,-29],[22,-44],[44,-50],[29,-13],[-13,-43],[32,-37],[2,-34],[16,-21],[-1,-33],[33,-14],[17,25],[19,-7],[-9,-49],[9,-18],[-19,-73],[-25,-21],[-2,-15],[145,-24],[19,-56],[42,-15],[54,-68],[37,-21],[20,-28],[-9,-23],[-66,10],[-35,-11],[-4,-11],[-58,-14],[-72,-54],[-7,-19],[1,-27],[34,-4],[1,-18],[-16,-8],[-20,15],[-39,-20],[-25,-2],[-16,-23],[3,-27],[-17,-6],[-39,14],[-73,-4],[-28,-39],[73,-64],[-2,-27],[-50,-46],[-10,-35],[20,-56],[11,5],[25,-27],[42,-100],[1,-34],[-18,-59],[42,-39],[2,-16],[-57,-73],[13,-43],[50,-47],[21,-49],[-22,-79],[16,-38],[-38,-30],[-15,-27],[4,-43],[5,-9],[50,-8],[68,-32],[88,-69],[8,-16],[-15,-54],[5,-59],[-30,-11],[-25,3],[-30,-20],[18,-25],[-2,-55],[13,-4],[0,-22],[39,-57],[1,-20],[-21,-8],[5,-17],[35,-9],[18,13],[31,2],[12,-33],[58,-41],[72,-84],[18,-141],[-33,-52],[0,-73],[-10,-34],[-45,-49],[-67,-43],[-33,-63],[-4,-59],[-39,-2],[-72,-24],[-48,1],[-16,-9],[1,11],[-32,26],[-9,20],[-16,-3],[11,24],[-25,22],[3,8],[-60,11],[-14,10],[-47,-2],[28,-32],[-10,-48],[-28,-40],[35,-56],[-28,-76],[-27,-27],[34,-59],[-31,-15],[-16,-32],[-17,7],[-58,-79],[-40,-25],[-16,6],[-28,-33],[-33,-19],[-13,-38],[6,-16],[-9,-6],[12,-13],[-14,-12],[16,-84],[-27,-27],[-41,3],[-15,30],[2,29],[-44,31],[-109,-19],[-42,26],[-78,10],[-27,18],[-53,15],[-61,-16],[-16,-15],[-8,-14],[12,-15],[0,-38],[-17,-12],[-4,-21],[-19,4],[-10,24],[-24,18],[3,51],[-47,-27],[-41,32],[-112,-25],[-34,-45],[5,-20],[-12,-19],[-72,-11]],[[47147,70967],[-53,25],[-14,-12],[0,18],[-26,-8],[-1,55],[-24,6],[-15,20],[-5,35],[37,6],[-15,26],[63,28],[-10,30],[-55,-9],[-13,16],[32,50],[-26,13],[-2,23],[-26,31],[-49,13],[-10,36],[-67,20],[-40,43],[61,49],[-2,17],[23,0],[16,-15],[3,-24],[64,24],[-17,50],[16,13],[-11,15],[-18,23],[-56,3],[-67,-10],[-26,29],[-63,-33],[-18,13],[23,31],[-11,9],[-63,-17],[11,-29],[-29,-7],[-53,53],[12,14],[-117,46],[-13,56],[-32,36],[-6,29],[-23,33],[2,7],[22,0],[1,12],[-65,19],[-20,41],[-36,15],[6,34],[-188,-5],[10,262],[-460,56],[-24,18],[-35,55],[-22,3],[-19,-24],[7,-43],[-89,-50],[-23,-29],[-64,10],[-10,-49],[15,-110],[-55,-70],[-37,10],[-4,37],[-19,-2],[-13,-15],[-32,13],[-6,-38],[-35,-35],[-155,72],[-290,13],[-46,-47],[0,-19],[35,-35],[-69,-92],[26,-13],[-1,-11],[-58,1],[-80,18],[0,-81],[-15,-15],[-27,-8],[-18,5],[-40,-31],[14,-11],[-55,-49],[-29,-2],[-24,-16],[-32,42],[-41,25],[-4,73],[-64,-5],[-37,28],[25,50],[55,18],[49,34],[-64,55],[-35,51],[-44,68],[-19,64],[-23,7],[0,-21],[-34,-12],[-49,-73],[-17,15],[-48,5],[-4,17],[44,20],[-1,33],[-38,20],[-46,5],[-13,-9],[-17,10],[-46,3],[-95,-4],[-43,19],[3,22],[-43,21],[-89,2],[-55,-16],[-51,33],[16,42],[52,45],[-26,21],[10,18],[-44,21],[-20,51],[-70,-16],[14,19],[-14,9],[19,12],[8,32],[-53,32],[14,54],[17,-3],[25,22],[10,36],[22,20],[-7,84],[-36,52],[-4,29],[-39,34],[-3,20],[-48,73],[0,30],[-24,33],[14,45],[-48,19],[5,52],[-41,-3],[-17,74],[-22,-4],[16,39],[-33,14],[3,7],[49,-5],[25,61],[-42,21],[37,35],[36,-13],[17,-21],[31,10],[-25,30],[1,22],[15,-4],[14,37],[-40,7],[-9,16],[25,26],[7,-12],[-9,-11],[20,-5],[3,36],[45,24],[-1,27],[-18,10],[24,4],[7,20],[-24,53],[53,10],[-3,45],[-63,13],[5,34],[-45,12],[25,32],[-33,5],[-25,27],[-125,45],[-45,38],[12,31],[-11,4],[13,69],[-11,1],[1,17],[-14,9],[-6,66],[57,15],[47,35],[19,31],[34,11],[-16,44],[102,16],[5,20],[9,-5],[14,54],[85,-41],[70,9],[31,-16],[30,6],[11,22],[-25,15],[99,144],[-40,42],[45,6],[5,9],[-12,22],[28,14],[14,-8],[-3,-9],[27,1],[34,57],[40,-51],[-3,-29],[14,-23],[12,-3],[21,12],[10,-5],[38,-34],[13,3],[46,-48],[24,15],[-7,8],[32,40],[38,11],[28,33],[15,39],[51,42],[46,13],[51,-13],[23,20],[1,16],[53,-9],[40,-33],[39,87],[-78,36],[28,47],[110,-91],[28,92],[78,-5],[-100,64],[-65,71],[-50,1],[13,53],[-12,36],[9,18],[-15,16],[-25,3],[8,15],[-74,41],[10,14],[-48,26],[26,44],[-30,6],[1,42],[-13,16],[11,50],[-24,7],[12,38],[20,11],[-13,32],[-47,48],[-2,27],[-53,56],[-82,-34],[-27,18],[-10,-7],[-23,16],[-19,1],[-4,9],[-22,-16],[-28,3],[-105,31],[-66,-22],[-44,49],[-9,-9],[-24,0],[-46,15],[27,23],[11,54],[-26,2],[-36,-35],[-49,-9],[13,23],[-27,20],[27,16],[9,23],[-36,24],[13,57],[-74,-11],[-46,58],[-2,31],[-48,1],[-22,-13],[-14,-23],[-41,-7],[-64,28],[3,45],[-57,1],[-8,14],[-97,-14],[-29,21],[6,20],[21,7],[6,18],[-81,72],[-51,-28],[-24,-32],[-59,-33],[-18,35],[-22,-37],[-41,38],[-31,-20],[1,13],[-9,9],[-28,-31],[-9,-30],[-103,-4],[9,25],[-49,21],[-20,40],[-14,-2],[-11,16],[-30,-1],[-10,38],[49,13],[16,29],[-3,19],[26,6],[0,15],[-18,17],[-13,-2],[-3,35],[-10,10],[11,16],[-12,6],[3,12],[-23,3],[10,19],[-9,10],[10,5],[-21,17],[-5,21],[1,32],[27,59],[16,2],[3,47],[13,26],[-45,11],[-35,35],[-26,-4],[12,0],[1,-3],[-17,-7],[-11,31],[-17,-9]],[[57973,57194],[-49,71],[-32,25],[-12,32],[-39,20],[-22,41],[8,12],[-11,17],[-16,10],[-62,-3],[-18,12],[9,85],[-9,19],[89,62],[-62,83],[-50,28],[34,104],[23,16],[-28,60],[14,48],[55,39],[74,85],[150,-43],[29,-16],[57,-48],[64,-32],[6,-58],[69,-38],[94,-14],[55,18],[47,-8],[30,22],[67,-15],[32,22],[33,-10],[39,12],[30,21],[-7,40],[32,1],[65,27],[-7,34],[25,21],[20,109],[21,13],[33,2],[48,33],[47,18],[56,2],[29,-47],[-3,-103],[43,-26],[11,-44],[-4,-31],[19,-47],[46,-42],[49,47],[50,80],[43,22],[7,40],[41,76],[20,11],[17,-5],[11,35],[34,5],[4,24],[53,30],[25,62],[-12,25],[48,27],[1,24],[-10,12],[17,33],[-10,28],[8,16],[36,19],[20,33],[63,2],[-4,12],[22,33],[52,6],[14,11],[-4,59],[20,10],[30,42],[12,5],[32,-10],[54,27],[15,13],[10,47],[19,11],[45,-7],[58,15],[50,-1],[21,46],[-14,51],[15,11],[77,-7],[20,14],[32,-12],[32,1],[97,31],[39,51],[-5,43],[10,26],[35,36],[0,33],[56,55],[10,57],[41,44],[0,36],[70,17],[94,-49],[31,1],[29,22],[20,31],[24,1],[16,-15],[47,8],[38,45],[32,14],[1,35],[-29,21],[6,44],[-14,26],[42,45],[-14,17],[7,23],[-7,48],[-62,32],[4,89],[-27,55],[10,21],[-7,32],[56,52],[-8,63],[10,13],[6,56],[66,38],[39,5],[11,11],[1,56],[38,28],[-26,34],[-1,29],[-23,12],[4,66],[-12,25],[-6,80],[-1,91],[11,24],[-30,28],[30,20],[58,77],[-26,42],[-54,45],[-10,61],[16,40],[-90,23],[-44,-6],[-35,25],[-28,4],[-50,53],[-10,71],[-31,45],[-65,18],[-20,-10],[-42,0],[-51,42],[-27,8],[-16,20]],[[60502,61120],[20,3],[14,19],[1,44],[-20,16],[1,15],[30,6],[60,47],[23,-2],[60,31],[8,33],[20,3],[29,-10],[57,25],[42,-7],[24,-31],[21,-5],[31,-28],[43,-10],[-14,-46],[8,-9],[91,-43],[59,15],[60,-60],[62,-26],[-1,-33],[17,-28],[40,-20],[-8,-20],[15,-14],[-2,-24],[51,-34],[24,-43],[3,-26],[23,-29],[-4,-37],[14,-46],[29,-33],[19,-45],[26,-17],[29,-75],[14,-19],[36,-6],[43,-32],[121,10],[15,13],[57,5],[21,19],[25,1],[55,22],[20,16],[8,42],[63,26],[28,48],[17,2],[18,23],[73,13],[28,28],[50,17],[13,-8],[110,20],[22,-5],[33,46],[-69,39],[0,63],[-14,29],[-19,13],[14,33],[29,23],[4,22],[42,30],[-5,75],[-60,76],[23,51],[-3,34],[36,38],[72,16],[10,33],[35,39],[10,89],[60,57],[88,22],[-9,33],[45,31],[-5,31],[36,15],[11,19],[-7,73],[8,16],[-38,57],[42,73],[1,42],[-18,23],[-5,54],[-67,51],[-7,36],[8,25],[38,6],[32,38],[-23,91],[-30,23],[-22,3],[21,105],[-9,24],[7,19],[-21,28],[2,18],[44,22],[19,25],[36,8],[10,23],[-13,36],[44,89],[6,45]],[[62766,62821],[48,22],[48,-12],[27,29],[37,13],[54,-2],[105,-32],[44,20],[92,-48],[73,12],[61,-20],[61,14],[47,-13],[39,16],[28,-3],[30,19],[10,22],[50,7],[70,-19],[-1,-94],[18,-31],[33,-4],[37,-35],[73,-18],[62,-129],[78,-38],[28,-130],[-55,-2],[-44,-17],[50,-50],[1,-39],[19,-34],[-6,-34],[12,-25],[-25,-58],[53,-20],[22,-45],[7,-54],[38,0],[89,43],[37,5],[21,20],[40,-22],[25,1],[11,-11],[25,16],[24,-4],[26,-26],[40,-18],[2,62],[32,104],[29,13],[21,-7],[34,10],[14,56],[52,-4],[23,13],[16,24],[14,-6],[29,9],[44,-22],[48,4],[49,34],[59,-3],[11,11],[44,10],[23,23],[62,17],[14,32],[103,-110],[81,-25],[28,38],[24,13],[38,-11],[21,-47],[13,-52],[-34,-30],[-5,-29],[11,-23],[-2,-99],[15,-9],[-3,-27],[18,-35],[-24,-30],[9,-10],[-6,-24],[22,-40],[-4,-19],[21,-37],[5,-65],[-24,-64],[-42,-29],[-58,-83],[-20,-10],[6,-117],[-22,-50],[-24,-23],[-6,-67],[-28,-97],[-2,-55],[-46,-111],[-53,-36],[-71,-5],[-14,13],[-27,-20],[-44,-13],[5,-16],[-40,-35],[-41,1],[-34,-24],[14,-29],[-16,-25],[36,-40],[-4,-29],[-19,-25],[0,-27],[12,-15],[-49,-22],[-50,14],[-77,39],[-90,-18],[0,-40],[-12,-3],[-11,-23],[-1,-28],[14,-13],[-25,-46],[-113,-96],[-73,-6],[-18,15],[6,37],[-54,32],[-26,36],[-33,8],[-20,-8],[-26,-29],[-4,-22],[23,-77],[-25,0],[-27,19],[-23,-10],[-19,-27],[5,-38],[-33,-35],[8,-12],[-8,-28],[37,-13],[9,-30],[-19,-52],[-84,-27],[-2,-26],[-19,-29],[-32,-18],[6,-14],[-92,-10],[2,-75],[-21,-25],[10,-29],[-23,-5],[-7,-11],[-33,23],[-52,10],[-31,43]],[[50429,56704],[35,-5],[36,69],[49,53],[26,11],[20,29],[10,66],[42,26],[20,52],[-12,25],[4,34],[-21,40]],[[50638,57104],[123,-8],[109,15],[12,15],[30,3],[-8,18],[20,17],[-7,9],[40,-5],[-15,16],[18,11],[14,-3],[13,22],[39,-1],[19,14],[21,-29],[38,10],[20,32],[1,36],[-33,28],[-7,39],[40,10],[31,32],[-3,37],[21,28],[5,31],[12,-2],[10,23],[-25,14],[14,17],[28,5],[44,-24],[8,-23],[29,-9],[15,-19],[126,-45],[48,-31],[14,-26],[36,-23],[43,4],[18,-11],[77,6],[28,5],[19,14],[20,-11],[20,-28],[-2,-24],[33,-23],[8,-23],[18,-8],[18,-96],[32,15],[-7,-37],[24,0],[15,-18],[-12,-61],[14,-29],[77,-2],[0,-16],[18,-3],[20,28],[18,4],[145,-48],[32,-3],[52,-27],[-15,-18],[32,-47],[-9,-38],[11,-6],[-15,-18],[2,-21],[9,-4],[26,12],[18,-31],[42,-11],[-21,-59],[21,-11],[22,3],[41,-44],[3,-24],[20,-17],[7,-45],[39,-35],[0,-27],[30,-10],[32,-37],[17,3],[22,20],[29,41],[70,43],[48,2],[75,-22],[50,23],[29,5],[19,-9],[28,21],[13,-5],[10,-23],[21,-7],[99,18],[16,-18],[56,5],[50,-12],[-11,-38],[25,-36],[47,2],[18,27],[10,-19],[-14,-42],[-19,4],[-35,-47],[0,-11],[31,0],[118,23],[29,32],[3,51],[16,1],[75,58],[40,18],[48,-3],[28,8],[17,-1],[31,-23],[0,-84],[-10,-31],[8,-8],[45,1],[58,54],[65,28],[32,64],[58,43],[114,138],[77,-9],[16,-15],[18,13],[50,11],[29,0],[30,-14],[34,2],[43,9],[17,17],[10,36],[14,2],[-2,-8],[27,-23],[33,-11],[-1,-9],[32,-20],[53,-68],[32,-19],[6,4],[24,-21],[26,4],[55,-22],[56,-109],[79,-71],[4,-20],[34,5],[19,11],[35,49],[17,77],[33,19],[10,20],[-3,64],[32,89],[-4,56],[-20,47],[33,81],[7,35],[-7,13],[28,35],[10,53],[49,68],[77,164],[-75,105],[-135,44],[-9,11],[13,21],[-10,11],[4,18],[-31,22],[1,9],[20,2],[15,24],[23,-1],[34,48],[27,1],[12,12],[11,-4],[49,27],[32,41],[1,17],[46,81],[14,7],[4,30],[17,23],[-7,85],[12,22],[-10,12],[21,17],[2,47],[23,60],[20,8],[-1,13],[50,17],[18,-2],[44,21],[41,42],[2,22],[77,13],[55,32],[3,16],[24,23],[9,33],[23,-2],[10,35],[35,19],[-10,40],[-14,8],[8,52],[28,2],[32,45],[27,12],[6,43],[-15,24],[56,18],[17,19],[48,13],[11,-11],[19,-1],[21,-24],[78,-25],[10,-15],[37,3],[80,-50],[41,-44],[42,-4],[63,-37],[61,-17],[94,29],[2,-17],[-27,0],[1,-15],[47,-43],[34,-6],[22,-19],[2,-12],[-21,-18],[14,-4],[10,-18],[25,-6],[68,-83],[12,-48],[34,-8],[-1,-21],[30,-23],[16,-41],[11,-4],[7,9],[16,-10],[-2,-25],[-12,-13],[22,-14],[-18,-1],[5,-24],[-20,-18],[7,-18],[-15,-17],[10,-11],[-14,-20],[4,-13],[9,1],[-11,-26],[12,-7],[-14,-34],[-31,-13],[10,-17],[-13,-30],[-23,-11],[2,-10],[-18,-9],[3,-10],[-19,-15],[20,-40],[-15,-26],[-39,-21],[-21,-35],[9,-32],[-17,-15],[-1,-29],[-19,-35],[-37,-18],[-9,-27],[11,-11],[-5,-12],[-30,9],[-57,-11],[-92,52],[-38,0],[-35,20],[-84,-66],[55,-60],[-16,-31],[1,-41],[-32,-34],[-31,-62],[-23,-10],[9,-36],[-26,-64],[-49,-79],[94,-20],[66,-53],[72,-20],[53,-42],[10,-29],[-14,-31],[33,-34],[-8,-16],[-24,-13],[7,-24],[25,-8],[68,17],[49,-36],[92,-26],[40,-38],[30,18],[47,52],[2,31],[29,45],[15,48],[44,25],[7,20],[37,29],[16,45],[2,62],[37,34],[-14,50],[31,13],[-3,39],[23,6],[-32,53],[5,70],[-12,49],[28,-14],[32,-47],[43,-10],[48,-48],[70,1],[17,19],[26,6],[12,-11],[40,-9],[16,6],[84,-19],[44,22],[1,34],[58,-33],[30,-4],[44,-45],[-14,-40],[5,-21],[41,-18],[15,-34],[36,-41],[33,-15],[73,18],[49,33],[83,-5],[39,14],[40,0],[21,16],[6,21],[42,13],[29,45],[28,17],[16,24]],[[57973,57194],[72,6],[68,-21],[29,25],[32,-8],[32,13],[61,-7],[73,17],[-27,-46],[-2,-36],[12,-36],[-34,-74],[-54,-58],[-83,-57],[-51,-55],[-36,-9],[8,-36],[-31,-63],[18,-15],[-26,-18],[5,-36],[48,-59],[-12,-10],[9,-9],[-6,-7],[94,-49],[-16,-31],[10,-7],[-4,-18],[-10,-2],[-5,-36],[24,-22],[101,-55],[18,-20],[63,-27],[69,-68],[39,-54],[16,-6],[-5,-16],[21,-13],[5,-26],[-4,-16],[-3,-7],[-2,-1],[-1,-3],[18,3],[4,-11],[16,-2],[-11,-8],[4,-17],[48,-39],[29,-5],[38,-22],[44,-74],[27,-9],[-16,-19],[15,-28],[-8,-12],[-14,1],[-31,-59],[-35,-131],[-42,-46],[-58,-98],[-13,-67],[-51,-59],[-14,-30],[-1,-37],[-43,-38],[-48,-20],[-9,-28],[-54,-38],[-23,-49],[6,-61],[-28,-24],[-16,13],[8,-24],[41,-16],[42,-37],[7,-18],[13,-4],[9,-32],[19,-1],[19,-18],[-57,-141],[-37,-37],[-9,-41],[-17,-23],[75,-68],[26,-64],[38,-27],[-45,-47],[-10,-30],[-19,-19],[48,-76],[37,-22],[57,-16],[58,19],[84,58],[78,34],[84,10],[31,-16],[52,20],[5,25],[35,-13],[10,-27],[-4,-31],[11,-13],[17,3],[-22,-36],[-1,-21],[28,-105],[16,-25],[-44,-34],[30,-34],[1,-25],[95,-62],[-4,-68],[96,-126],[35,-28],[80,-12],[16,-27],[-1,-51],[-71,-102],[-30,-70],[114,-33],[74,-72],[50,4],[33,30],[129,64],[42,-18],[66,18],[-10,-16],[13,-14],[-16,-6],[-1,-16]],[[57725,50534],[-20,11],[-27,49],[-48,45],[41,84],[2,28],[58,57],[-5,29],[-17,18],[-62,7],[-29,13],[-30,-14],[-25,2],[-14,-12],[-29,21],[-26,-14],[-8,5],[4,24],[-44,-13],[-49,23],[-54,-47],[-9,-25],[-20,-6],[-13,-26],[-54,8],[-28,22],[-46,5],[-29,16],[-14,27],[-10,2],[28,58],[-26,21],[-2,46],[-24,34],[3,29],[-54,36],[1,19],[-24,2],[-6,16],[-31,4],[-20,26],[-29,6],[-13,12],[-94,28],[-38,-4],[-32,9],[-11,14],[-48,9],[6,31],[-9,30],[40,52],[7,26],[-39,7],[-5,18],[-26,14],[7,43],[-41,38],[-20,11],[-54,4],[-1,22],[-19,2],[25,14],[-18,16],[2,39],[-28,22],[-33,61],[-64,8],[-19,-10],[-71,-3],[-59,18],[-25,27],[-58,15],[-35,-37],[-11,-1],[-115,55],[-38,-17],[-62,10],[-72,-45],[-40,2],[-61,-26],[-74,-2],[-28,77],[-19,5],[-34,-13],[-43,34],[-18,58],[2,29],[-50,72],[28,108],[26,32],[55,28],[16,40],[17,16],[-5,16],[68,69],[9,61],[41,10],[13,19],[16,5],[-78,46],[10,48],[-34,26],[-3,66],[44,36],[25,9],[27,-1],[39,16],[43,-2],[69,67],[-11,44],[27,2],[26,22],[-13,120],[-17,27],[-35,19],[-8,39],[-27,42],[19,42],[0,84],[20,13],[2,36],[28,33],[49,27],[-36,35],[-153,-14],[-47,59],[14,43],[-14,46],[25,41],[-18,18],[-78,26],[-7,42],[13,47],[-20,31],[8,38],[34,29],[24,39],[-63,26],[-24,38],[-2,43],[11,29],[-51,85],[13,26],[-10,28],[-23,24],[-22,5],[-36,26],[-19,50],[-11,-11],[-31,-6],[-17,17],[-36,8],[-34,20],[-69,-18],[-69,25],[-16,24],[-65,49],[2,23],[41,45],[-4,40],[20,34],[-17,18],[-11,85],[-31,46],[3,44],[62,72],[-21,49],[-14,10],[-111,25],[-44,-5],[-63,48],[-32,4],[-40,22],[-29,2],[-40,-17],[-18,2],[-20,13],[-12,50],[-22,1],[-45,22],[-22,-9],[-24,27],[-44,5],[-9,9],[21,7],[12,27],[-29,59],[17,40],[-87,-66],[-40,-8],[-51,41],[-22,3],[-5,11],[-85,16],[15,72],[-2,23],[-20,15],[-51,6],[-47,-39],[-55,-22],[-27,120],[-81,-28],[-66,10],[-91,72],[-22,36],[-28,130],[-14,17],[20,78],[-5,44],[-72,59],[-31,46],[-53,-59],[-33,-18],[-13,-26],[-16,-4],[-15,9],[-50,-7],[-58,-36],[-55,-5],[-64,-84],[-89,11],[5,-12],[-33,-23],[-17,-25],[-25,18],[-44,-30],[16,-7],[-31,-23],[-3,-14],[-32,41],[2,17],[-26,5],[3,27],[-49,6],[-17,-10],[-29,-39],[13,-55],[25,-26],[-6,-24],[-18,-10],[11,-13],[-7,-21],[29,-10],[12,-19],[-9,-40],[12,-34],[10,-4],[-18,-128],[18,-29],[-36,-17],[-16,-44],[-20,-9],[-5,-19],[-88,44],[-31,-3],[-83,-31],[-33,-56],[-4,-37],[-62,22],[-46,5],[-63,-17],[-60,-94],[0,-28],[-15,-11],[9,-6],[0,-24],[-25,-19],[-7,-46],[-27,-26],[-50,-22],[-3,-18],[-71,5],[-83,-11],[-12,31],[9,85],[-59,1],[-63,30],[-9,39],[-24,30],[-71,-18],[-41,22],[-50,1],[-43,26],[-80,104],[-37,3],[15,22],[-6,19],[-24,1],[-18,20],[24,57],[-20,54],[15,35],[-15,29],[-9,-5],[-84,22],[-45,-4],[29,-36],[-53,-118],[-14,-93],[-17,-3],[-37,14],[-6,29],[-34,14],[-12,42],[-54,13],[-32,-24],[-18,8],[-3,12],[-43,-1],[-71,71],[-19,-2],[-9,13],[-6,-15],[-9,0],[-32,23],[-29,56],[-104,134],[-73,8],[-44,-13],[-46,-33],[-45,-58],[-81,-22],[-64,64],[7,31],[-24,39],[38,15],[-4,23],[13,13],[26,77],[-13,10],[10,43],[39,39],[-17,34],[-46,15],[-6,20],[-62,51],[-88,4],[-76,36],[-49,10],[-15,22],[-27,11],[-33,62],[-2,33],[-17,12],[1,29],[-16,13],[10,4],[0,28],[-10,5],[-5,33],[-10,-1],[-8,13],[4,19],[-26,18],[-8,-7],[11,36],[30,15],[7,34],[15,11],[-3,31],[-10,3],[-6,24],[26,10],[-6,11],[10,11],[9,-10],[16,2],[-3,20],[26,4],[33,27],[-9,7],[6,9],[46,-5],[11,27],[-15,15],[17,-6],[4,11],[-12,23],[17,-1],[-7,26],[17,10],[-1,16],[15,5],[-14,12],[20,7],[-2,11],[17,11],[-18,9],[10,15],[-15,6],[2,9],[-19,-8],[-20,21],[-56,1],[-5,10],[-17,1],[9,8],[-9,9],[-23,1],[-16,-11],[5,17],[-19,11],[21,38],[-5,27],[9,8],[-12,12],[27,18],[19,36],[25,6],[2,29],[29,32],[-12,23],[-47,26],[12,29],[-19,25]],[[56857,68420],[3,-40],[23,-21],[0,-24],[12,-10],[-38,-6],[7,-15],[-14,-16],[7,-29],[-17,-7],[-9,-39],[-17,-20],[-26,1],[-35,-24],[-20,-40],[-54,-20],[-71,-82],[2,-16],[-41,-14],[3,-11],[-13,-10],[11,-9],[-33,-41],[-24,-10],[4,-21],[-49,-39],[0,-16],[18,-16],[-49,3],[3,-15],[19,-4],[-2,-12],[-20,7],[-22,-34],[-108,-47],[-67,-56],[-30,4],[-27,-15],[-97,-11],[-30,-44],[-71,-29],[-23,6],[-1,-24],[-37,-1],[-12,-9],[-8,15],[-13,-15],[-26,29],[-14,-7],[1,10],[-11,-6],[-33,6],[-18,13],[-14,-3],[-49,65],[-17,-3],[-17,63],[-15,5],[4,15],[-31,5],[-26,-25],[-12,12],[-31,-3],[-39,31],[-26,-7],[-33,11],[-41,50],[-9,43],[-22,-7],[-17,16],[-110,50],[-19,-4],[-32,20],[-39,-7],[-65,17],[-33,-11],[-40,3],[-98,20],[-33,23],[-844,8],[9,41],[-13,8],[-16,-4],[-6,14],[34,6],[4,15],[-19,13],[-30,-1],[34,10],[-24,14],[16,15],[25,6],[41,-9],[15,20],[21,9],[28,-9],[21,47],[-36,21],[8,41],[-31,10],[-3,26],[-30,4],[0,25],[-12,17],[13,21],[-3,32],[21,14],[31,49],[49,15],[37,1],[-1,24],[43,-19],[-1,16],[28,20],[-26,14],[15,18],[-20,11],[32,5],[14,-11],[-2,32],[46,23],[14,33],[57,12],[16,25],[15,-1],[-3,18],[31,-5],[-4,24],[24,47],[42,21],[54,3],[29,16],[6,17],[-24,47],[22,7],[-7,19],[-41,39],[2,31],[34,43],[-25,49],[13,28],[-1,7],[-18,5],[-46,-17],[-12,41],[19,9],[0,19],[-26,-6],[-11,10],[-14,-14],[-44,2],[-3,32],[-38,18],[-2,34],[-29,24],[-17,2],[-39,-21],[-52,9],[-3,13],[18,20],[-8,28],[20,30],[-14,7],[-34,-3],[-9,9],[26,17],[33,3],[-14,16],[-41,-5],[45,34],[-1,25],[-33,29],[6,10],[27,3],[-2,8],[-38,25],[-15,24],[-59,31],[4,15],[32,19],[-12,28],[-44,1],[-30,35],[-33,13],[-1,11],[13,9],[39,0],[-2,21],[-16,10],[-28,-10],[5,29],[-17,18],[-32,-2],[-19,16],[-27,-2],[-14,9],[-1,33],[-32,26],[30,15],[-33,17],[-6,29],[-31,15],[-1,13],[16,10],[-5,8],[-37,7],[-10,28],[-40,-16],[-2,17],[-31,21],[4,16],[19,12],[18,-3],[20,-21],[48,-1],[10,16],[-6,36],[35,23],[-27,37],[9,24],[-22,46],[2,54]],[[53965,70213],[27,53],[2,45],[-36,147],[5,64],[-27,49],[37,110],[57,56],[18,120],[18,25],[63,38],[6,20],[-58,101],[-11,51],[10,30],[66,40],[16,26],[-10,26],[-55,36],[-8,37],[28,92],[34,69],[-14,93],[10,54],[-7,110],[11,125],[-8,68],[19,41],[5,73],[-6,22],[-54,61],[-67,44],[-64,72],[-40,96],[14,195],[19,39],[2,30],[-53,33],[-77,135],[-29,105],[-26,22],[-7,-5],[-73,75],[-28,90],[-14,120],[26,68],[1,33],[50,93],[-19,85],[-28,58],[38,68],[108,55],[35,41],[-8,38],[-30,57],[19,132],[-17,63],[-6,88],[-15,17],[-32,12],[-38,56],[-33,16],[-38,3],[-26,20],[-301,275],[-25,48],[-21,92],[11,0],[14,38],[4,50],[14,26],[-4,26]],[[53339,74704],[30,57],[90,52],[9,25],[-13,26],[69,12],[23,45],[33,27],[-30,25],[34,28],[5,45],[19,6],[15,19],[9,53],[-10,69],[43,32],[31,-13],[45,11],[3,18],[-28,2],[6,32],[28,-2],[20,-13],[9,12],[-48,47],[43,13],[17,-11],[31,4],[-10,20],[-1,50],[-76,71],[-95,49],[-39,33],[-218,136],[-96,121],[-2,88],[78,96],[13,37],[0,36],[-30,41],[-53,17],[-31,-1],[-94,-70],[-71,27],[-23,-4],[-375,57],[41,49],[-26,15],[-4,35],[-25,9],[-11,63],[15,34],[64,39],[31,38],[6,49],[-16,60],[41,39],[12,28],[-20,71],[22,49],[-81,49],[-21,32],[-116,2],[-26,10],[-12,24],[-34,7],[5,5],[-28,25],[-18,42],[-1,27],[9,0],[-9,14],[9,3],[10,-14],[6,12],[-11,112],[35,79],[4,101],[13,21],[27,16],[-34,6],[2,13],[-52,28],[-27,4],[-37,-21],[-28,14],[-5,17],[-26,-7],[-18,25],[3,11],[-38,34],[-38,13],[-11,25],[-61,12],[-10,23],[-28,-12],[-38,0],[-38,14],[-59,45],[-17,24],[-22,2],[-38,70],[-151,91],[-38,64],[-53,-6],[-41,27],[-20,-1],[-8,-10],[-35,9],[-17,17],[1,14],[-63,4],[-19,35],[-28,8],[11,15],[33,4],[14,13],[41,7],[18,19],[17,0],[19,44],[21,1],[19,14],[-4,22],[52,-2],[26,26],[-6,5],[21,55],[17,18],[67,44],[13,19],[22,7],[11,32],[30,13],[14,28],[34,21],[6,15],[22,2],[16,-18],[46,10],[39,69],[75,71],[154,3],[26,-13],[-1,34],[44,-2],[64,-27],[-18,-43],[17,-13],[36,-5],[27,12],[-11,20],[16,7],[243,25],[20,23],[34,16],[70,8],[7,11],[18,-9],[55,34],[23,-2],[38,-20],[33,30],[23,3],[54,50],[74,-12],[-4,-38],[26,-39],[24,-6],[26,24],[27,-17],[438,201],[-16,13],[12,-4],[2,17],[-32,7],[34,5],[-23,6],[19,8],[-26,6],[21,7],[-8,8],[-14,-4],[8,11],[-16,15],[21,14],[-14,7],[12,9],[-14,6],[6,9],[-8,7],[-15,-3],[1,15],[16,-3],[14,15],[-21,2],[16,6],[-19,6],[16,17],[-31,1],[15,24],[-26,21],[22,15],[-22,5],[21,9],[-4,6],[-24,-5],[6,11],[19,-4],[11,15],[-39,0],[3,9],[22,-3],[16,10],[-29,4],[20,21],[-11,2],[2,11],[-11,-5],[5,14],[-16,-4],[-1,27],[-21,-1],[18,10],[-22,4],[1,9],[11,-1],[-4,15],[-7,2],[-3,-12],[-10,14],[-10,-10],[-20,3],[20,17],[-22,-4],[11,23],[-21,-15],[-17,13],[28,21],[-30,4],[3,24],[-29,-12],[7,8],[-16,10],[16,2],[-4,14],[-8,3],[3,-7],[-14,-4],[0,12],[-22,8],[30,5],[-7,16],[-29,10],[23,-3],[-11,8],[15,11],[-3,19],[11,-4],[2,12],[13,0],[-11,12],[10,2],[5,-9],[2,12],[10,1],[-6,13],[19,0],[-8,9],[13,13],[-12,8],[-6,26],[-18,9],[5,35],[-34,45],[-1,50],[-18,20],[4,9],[-13,5],[16,9],[-12,10],[-11,-8],[3,33],[-25,11],[-36,0],[5,12],[-11,-6],[-14,11],[14,7],[-13,10],[6,13],[-12,-10],[-18,22],[-12,1],[3,-11],[-12,-5],[-9,14],[-10,-6],[-7,11],[-19,1],[10,18],[-10,12],[-13,-3],[-5,8],[-13,-21],[-7,9],[-14,-11],[-8,23],[-17,0],[-15,13],[10,5],[-18,22],[6,6],[-28,18],[11,12],[-22,2],[8,8],[-7,9],[-23,-11],[-13,4],[0,-7],[-22,5],[1,22],[-21,0],[7,27],[-12,22],[-11,-5],[4,10],[-14,-3],[5,21],[-35,35],[1,24],[17,-2],[-7,16],[-11,-2],[7,8],[-46,6],[-3,39],[-10,-5],[-16,11],[4,20],[-14,-1],[-1,16],[-35,-4],[6,9],[-8,8],[14,10],[-14,11],[7,11],[-10,16],[-12,0],[-8,22],[-31,9],[-9,12],[11,3],[2,13],[-44,28],[1,17],[-38,19],[-16,-1],[-25,28],[-12,-6],[-8,25],[9,7],[-16,43],[-26,0],[7,12],[-9,-2],[3,8],[-20,9],[-11,1],[-4,-11],[-35,2],[-6,19],[-26,-2],[1,12],[-10,-4],[-11,11],[-8,-10],[-4,9],[-10,-10],[-3,7],[-32,-2],[-1,-12],[-20,-6],[-2,11],[-14,3],[17,6],[-33,-9],[-6,13],[-16,-2],[1,9],[-32,3],[-7,13],[-17,-3],[-7,14],[7,25],[-11,1],[6,7],[-20,38],[2,26],[-16,2],[6,8],[-15,12],[3,16],[-12,8],[-10,47],[-24,10],[-11,-4],[-3,9],[-11,-4],[0,14],[-40,12],[-8,28],[-9,-3],[-1,13],[-29,9],[7,9],[-23,15],[-6,43],[-11,-1],[-3,22],[-28,-1],[-6,18],[-45,14],[-17,-8],[-23,33],[2,14],[-10,3],[6,6],[-30,67],[3,13],[-22,25],[4,14],[-35,18],[-23,36],[-24,0],[-1,43],[-13,-4],[-12,24],[-27,17],[-20,46],[57,68],[-1,19],[60,53],[-10,22],[12,18],[-6,38],[-8,13],[-23,6],[7,21],[-20,10],[9,25],[17,0],[7,12],[24,-8],[8,20],[13,-1],[2,17],[-13,8],[15,5],[-5,10],[13,6],[-4,15],[9,4],[-19,10],[13,9],[4,25],[-13,27],[1,36],[-21,9],[14,21],[-16,10],[38,35],[-3,11],[15,13],[-8,23],[14,15],[19,5],[12,-7],[-1,11],[12,-3],[19,18],[7,16],[-8,12],[11,16],[41,13],[1,14],[13,7],[6,22],[-10,9],[13,39],[-33,12],[12,25],[16,-1],[1,10],[27,13],[1,12],[26,11],[7,-5],[5,11],[25,-8],[13,20],[39,24],[22,-5],[7,10],[17,-1],[16,32],[-19,21],[8,13],[-18,26],[32,11],[-1,19],[34,15],[-4,10],[15,5],[4,17],[61,9],[26,30],[14,-1],[67,34],[38,39],[1,18],[34,-2],[14,27],[-8,28],[16,19],[-10,42],[37,4],[-1,15],[-30,10],[-7,11],[21,5],[-9,17],[41,35],[-19,20],[5,10],[-20,4],[-5,29],[21,16],[15,-6],[22,9],[-1,14],[-16,4],[5,5],[44,-5],[-5,19],[17,1],[15,28],[74,17],[10,33],[16,7],[-25,22],[18,3],[10,15],[29,0],[18,35],[24,-9],[9,28],[47,6],[21,24],[42,-16],[20,28],[32,-3],[-4,30],[39,-5],[26,22],[1,-35],[25,15],[55,-7],[7,20],[23,12],[22,-19],[23,8],[30,-27],[8,16],[49,21],[38,38],[24,-18],[10,20],[25,-9],[28,16],[7,-9],[-12,-26],[27,8],[24,-13],[1,-28],[20,6],[24,-18],[-22,-8],[12,-12],[75,64],[12,-9],[23,1],[15,-14],[17,19],[6,-17],[11,7],[10,-12],[21,30],[13,-7],[13,14],[7,-8],[40,-5],[19,43],[37,0],[37,40],[1,16],[23,-10],[13,6],[-5,16],[47,2],[-4,18],[30,22],[25,33],[0,14],[38,-11],[-9,21],[8,15],[20,-16],[6,15],[36,0],[13,-13],[4,18],[11,-14],[25,13],[6,-9],[26,0],[17,-11],[25,9],[15,-28],[23,14],[18,-1],[2,-10],[7,35],[18,1],[8,15],[-15,19],[-9,-5],[-9,7],[-4,12],[25,35],[14,2],[-34,49],[6,21],[45,-5],[37,15],[15,-9],[23,4],[14,-17],[93,-12],[0,-10],[53,-16],[66,32],[4,31],[11,-3],[21,13],[7,-5],[13,12],[-21,12],[2,15],[-18,9],[-10,-11],[-7,9],[12,5],[-21,6],[10,14],[13,1],[-2,9],[17,-7],[3,16],[17,3],[-9,20],[-10,-5],[0,17],[14,7],[-14,-1],[-4,8],[56,54],[16,2],[24,-27],[29,-10],[38,2],[0,17],[33,1],[26,16],[32,-12],[24,11],[21,-9],[18,8],[8,-17],[53,-22],[16,28],[24,5],[13,13],[29,-14],[54,-2],[12,10],[27,1],[29,23],[11,26],[-28,17],[-13,32],[10,69],[-25,35],[-19,6],[12,8],[-6,17],[-47,12],[-5,11],[-33,-1],[-7,10],[-42,8],[-2,9],[-18,4],[2,10],[-18,4],[11,27],[-24,21],[-106,11],[9,16],[39,12],[17,23],[25,8],[29,59],[-8,21],[19,76],[-35,33],[4,12],[-16,22],[13,9],[-9,22],[36,65],[-21,49],[-110,19],[-15,11],[30,53],[-5,63],[9,41],[59,15],[44,61],[-5,31],[19,22],[5,57],[56,22],[-2,32],[20,11],[33,-24],[41,-3],[62,24],[-14,53],[45,37],[-27,50],[27,6],[4,11],[33,13],[14,22],[44,3],[16,24],[-43,27],[-100,4],[-35,34],[-36,1],[-24,20],[-17,1],[-64,66],[-74,3],[-32,9],[-14,19],[-37,8],[-43,-13],[-59,13],[-78,-5],[33,57],[-33,25],[23,32],[31,17],[69,67],[149,76]],[[55163,85482],[93,34],[76,1],[80,28],[119,-12],[40,4],[35,15],[91,-4],[77,30],[6,15],[30,15],[18,6],[41,-10],[102,55],[73,3],[11,-8],[91,8],[18,-13],[21,9],[42,-10],[172,12],[111,-10],[48,10],[59,-42],[42,8],[29,-19],[51,13],[34,-11],[48,15],[63,-5],[48,14],[41,-25],[42,1],[88,-70],[51,20],[37,33],[27,-1],[37,40],[44,-34],[24,4],[18,-53],[85,-18],[2,-16],[-16,-13],[14,-42],[16,-17],[30,2],[17,-12],[-3,-22],[25,-60],[-15,-3],[-10,-18],[29,-24],[-2,-32],[-28,-18],[-22,-62],[16,-18],[2,-21],[31,-16],[-3,-26],[-55,-74],[-20,-2],[-8,-21],[-23,-3],[-1,-28],[-19,-7],[7,-14],[-35,-19],[8,-37],[-26,-47],[45,4],[9,18],[15,-5],[23,16],[108,-4],[29,23],[21,-2],[11,26],[16,4],[21,-11],[28,-37],[15,-4],[39,13],[44,-17],[18,-85],[34,-47],[26,9],[53,-9],[47,16],[53,2],[24,12],[24,-5],[79,23],[36,-2],[-22,-17],[21,-50],[77,-70],[83,-42],[46,-13],[31,3],[25,-14],[81,-14],[39,-48],[-3,-27],[34,-25],[-13,-48],[44,-27],[2,-22],[63,-74],[-8,-9],[7,-10],[-9,-12],[-16,-1],[3,-12],[-22,-40],[13,-13],[-16,-24],[30,-26],[-14,-23],[14,-21],[-1,-27],[-11,-22],[-17,5],[1,-33],[-21,-20],[-14,2],[7,-11],[-47,1],[-11,-40],[20,-62],[23,-6],[-17,-11],[2,-8],[-12,4],[-6,-22],[10,-11],[-18,-2],[1,-13],[-12,7],[-17,-25],[5,-13],[-18,-15],[-21,11],[-8,-10],[-12,6],[-16,-6],[10,-5],[-20,-29],[-14,4],[-11,-15],[-15,3],[-8,-16],[7,-11],[-19,2],[-6,-11],[-11,19],[-18,0],[-8,18],[-18,-12],[-15,3],[6,-17],[-19,-16],[12,-19],[-15,-10],[1,-32],[-26,-1],[-1,-26],[-40,-6],[13,-20],[24,2],[-5,-31],[-29,1],[-23,-15],[-24,4],[-7,-34],[-30,3],[6,-24],[-27,22],[-25,1],[2,-25],[27,-18],[-74,-18],[3,-25],[23,-4],[2,-19],[-19,-5],[-15,11],[-20,-39],[-20,-3],[12,-10],[-3,-26],[16,-20],[17,24],[8,-9],[19,15],[20,0],[28,-26],[11,1],[-3,-12],[60,-16],[-2,-16],[17,-6],[-7,-9],[19,-4],[-5,-12],[34,-16],[-1,-10],[8,5],[19,-21],[-19,-78],[10,-19],[-1,-41],[-14,-31],[-1,-39],[11,-12],[14,-7],[50,2],[31,13],[20,-2],[29,28],[40,4],[6,25],[24,-1],[23,21],[66,17],[10,17],[91,43],[23,0],[19,-13],[51,0],[41,-36],[94,-22],[19,-20],[62,-23],[10,-14],[88,44],[33,-5],[25,7],[20,-8],[-1,-12],[20,-22],[21,6],[23,-11],[31,5],[40,-20],[47,-2],[35,16],[32,-1],[26,35],[18,8],[85,13],[18,24],[41,16],[43,39],[47,-3],[60,31],[60,13],[109,0],[8,11]],[[59894,83213],[29,-30],[10,-27],[-13,-31],[5,-36],[13,-16],[-6,-14],[-24,-10],[-8,-45],[83,-29],[-1,-47],[13,-8],[-45,-56],[-7,-52],[7,-10],[-44,-3],[-14,-12],[-37,-44],[-10,-51],[11,-42],[11,-8],[-12,-70],[20,-29],[50,-40],[-29,-50],[2,-61],[-16,-3],[-24,-28],[16,-41],[-16,-21],[-7,-37],[4,-39],[19,-17],[2,-36],[18,-23],[-17,-31],[8,-63],[-7,-18],[40,-60],[-17,-53],[-65,-20],[-1,-52],[15,-40],[-9,-19],[2,-56],[-60,-83],[-20,-80],[6,-13],[-20,-38],[72,-145],[-15,-15],[-21,7],[-35,-15],[-18,-38],[-8,-54],[-47,-26],[-2,-21],[-15,-11],[-32,4],[-32,-64],[-27,-6],[-17,-24],[-25,-1],[-1,-48],[-27,-24],[31,-43],[-4,-32],[11,-15],[3,-60],[-70,-53],[14,-59],[-38,-62],[-24,-1],[-36,-18],[-1,-26],[-36,-44],[-2,-18],[-18,-12],[6,-44],[20,-22],[-3,-27],[-39,-17],[-17,-80],[-37,-32],[0,-26],[-33,-49],[33,-18],[7,-22],[37,10],[43,-7],[-31,-20],[17,-32],[-16,-11],[1,-14],[-20,-23],[36,-35],[32,-8],[10,-11],[-7,-15],[-80,-27],[-20,-30],[13,-13],[50,-7],[25,-19],[54,-8],[6,-75],[42,-2],[43,-23],[57,-7],[27,-26],[17,3],[-12,-42],[-37,-13],[6,-23],[-24,-5],[-18,-18],[4,-20],[-12,-17],[-18,3],[-12,-17],[-27,-3],[-28,-26],[-31,-57],[-39,-32],[-30,-4],[-23,-18],[-19,-39],[-23,-19],[-2,-21],[-48,-80],[-9,-26],[19,-12],[-33,-43],[5,-32],[-10,-26],[-36,-34],[-21,5],[-19,-11],[-21,-23],[3,-17],[-59,-51],[4,-22],[-26,-4],[-17,-18],[2,-26],[-14,-29],[-28,-7],[-34,-37],[-5,-26],[-43,-26],[-20,-31],[-20,-81],[-21,-24],[21,-50],[-17,-4],[-39,-75],[-57,-57],[-13,-30],[-11,-55],[72,-30],[-44,-31],[-48,-89],[-6,-50],[-22,-44],[8,-66],[-10,-7],[-100,6],[-69,-20],[-110,9],[-36,-28],[-33,-3],[-26,-29],[-29,-10],[-10,-31],[-29,-18],[-49,-83],[-44,-15],[-15,-37],[-67,-54],[1,-24],[29,-58],[-12,-39],[-13,-9],[-49,0],[-24,-15],[-75,5],[-34,-37],[-4,-10],[17,-33],[50,-20],[16,-42],[28,-13],[-2,-11],[-101,-60],[-3,-29],[-30,-42],[-54,-10],[-42,12],[-17,-42],[-116,-76],[-10,-36],[8,-28],[-31,-51],[-27,-31],[-64,-27],[-14,-19],[-11,-67],[24,-70],[-35,-99],[-61,-50],[-35,25],[-29,-3],[-14,-27],[-26,-20],[6,-30],[-17,-14],[5,-29],[-21,-33],[10,-26],[-32,-24],[3,-29],[-15,-9],[15,-16],[-21,-42],[2,-22],[-28,-1],[-22,-15],[-38,-66],[-35,-24],[-3,-32],[-31,-55],[-33,-18],[-21,-50],[-21,-17],[-5,-27],[-122,29],[-33,-13],[-16,-60],[-22,-28],[-21,-10],[0,-22],[20,-24],[-30,-30],[0,-50],[-18,-20]],[[56719,76044],[4,-25],[-22,-58],[-35,-8],[-29,-22],[-85,21],[-47,37],[-36,-8],[-39,-41],[-24,-55],[-2,-69],[-61,-53],[-34,-111],[16,-28],[39,-20],[23,-36],[18,-101],[-7,-71],[30,-33],[-29,-24],[-16,-32],[14,-60],[-46,-28],[9,-11],[-5,-67],[-95,-79],[-17,-60],[17,-21],[-20,-57],[17,-18],[-4,-37],[22,-38],[5,-68],[19,-58],[-9,-59],[14,-37],[-40,-32],[-9,-23],[80,-59],[-33,-127],[-24,-34],[-35,-7],[-55,5],[-6,-49],[19,-45],[26,-15],[1,-20],[79,-77],[-3,-41],[-11,-12],[23,-12],[-2,-59],[26,-26],[3,-45],[50,-78],[35,-18],[-26,-50],[8,-49],[-10,-19],[-61,3],[-103,-13],[-29,-32],[-31,-4],[-28,-25],[-20,5],[-15,-7],[-33,-30],[-55,-98],[-17,-66],[13,-47],[-41,-29],[-7,7],[-20,-3],[-26,-25],[-9,17],[-16,-4],[0,-17],[-23,-16],[6,-10],[-17,-10],[2,-8],[-17,-9],[-21,8],[-14,-10],[-7,8],[-30,-25],[4,-31],[-27,-18],[-21,-30],[0,-34],[-11,-19],[-41,-20],[-8,-69],[19,-7],[-11,-37],[-32,-39],[-58,-37],[-50,-4],[-68,-95],[10,-10],[-2,-35],[13,-11],[-5,-11],[54,-42],[-37,-33],[10,-62],[-9,-41],[57,-20],[18,-44],[69,-37],[22,-44],[31,-2],[8,-15],[-7,-12],[20,-26],[-26,-16],[-62,13],[-26,-3],[-19,-22],[-33,-15],[1,-8],[-48,-15],[-7,-28],[-30,-12],[-18,-19],[-25,5],[-42,-10],[-21,10],[-4,-8],[-51,1],[-6,-5],[22,-4],[31,-42],[-40,-14],[-21,4],[10,-23],[16,-6],[85,3],[15,-19],[-1,-48],[49,2],[3,-33],[27,-15],[13,12],[110,27],[46,27],[17,-11],[22,5],[93,-18],[37,3],[28,-10],[19,-24],[27,-14],[35,7],[22,-6],[37,-60],[7,-45],[-7,-30],[-55,-26],[-46,-37],[-3,-33],[-24,-15],[-17,-67],[-24,-28],[-67,-54],[-58,-32],[-20,-50],[-31,-4],[-41,-31],[99,24],[184,-5],[56,-40],[40,-16],[19,-44],[14,4],[34,-21],[52,-12],[-43,-15],[-33,-50],[-73,-57],[-15,-49],[-26,-35],[-60,-29],[-23,-29],[-67,-39],[-19,-23],[5,-9],[-13,-10],[0,-18],[-26,-11],[-34,-32],[-30,1],[-5,13],[-22,-10],[6,-12],[-14,-5],[-24,-33],[-26,-10],[-4,-32],[9,-25],[-14,-15],[-15,-73],[-15,-18],[-29,-4],[-29,-17],[4,-25],[-23,-11],[7,-99],[-19,-41],[-13,-3],[5,-30],[-11,4],[0,-36],[-27,1],[2,-12],[-11,-7],[-16,4],[-13,-9],[-11,6],[-2,-11],[-39,-5],[-14,-17],[-15,0],[3,-9],[-28,-4],[-16,-17],[-37,-3],[-10,-19],[-12,1],[-13,-28],[-23,-8],[-7,-14],[-21,5],[26,-68],[214,-340],[-36,2],[-13,17],[-70,23],[-16,-7],[-4,-15],[-66,-10],[-56,-35],[-85,19],[-223,5],[-17,10],[109,-243],[20,14],[27,-8],[115,8],[21,-13],[56,-6],[29,13],[53,-41],[85,21],[18,16],[-2,17],[87,-4],[24,15],[55,-3],[39,-14],[28,4],[1,-13],[9,10],[29,-7],[15,20],[28,-11],[50,0],[14,-4],[7,-15],[16,2],[35,19],[6,-7],[21,29],[31,11],[-1,9],[10,-3],[-1,9],[18,12],[64,7],[15,12],[18,-3],[13,16],[42,8],[36,-9],[12,8],[22,-2],[53,-19],[136,-20],[28,28],[36,6],[36,-29],[15,6],[2,12],[15,1],[-4,9],[14,-2],[5,11],[13,1],[-8,6],[12,33],[-10,21],[28,12],[18,-3],[1,11],[60,32],[32,-3],[18,14],[-1,20],[24,-12],[35,7],[13,-18],[31,-14],[30,-70],[-9,-23],[5,-34],[21,-13],[-6,-54],[23,-22],[-12,-40],[-30,-33],[23,-66],[1,-43],[39,-82],[-9,-51],[89,27],[70,0],[10,-8],[66,32],[20,-5],[40,-38],[92,11],[45,-45],[14,-37],[-15,-20],[26,-19],[8,-55],[13,0],[51,42],[47,6],[24,-43],[22,-157],[-7,-72],[-24,-13],[18,-16],[-10,-24],[-54,-17],[-16,-28],[-37,-9],[-11,-15],[-46,-8],[3,-41],[-16,-4],[11,-14],[-11,-6],[9,-26],[-33,12],[-42,-24],[-11,24],[-8,-11],[-15,7],[-58,-6],[-14,-18],[-23,20],[-10,-8],[7,-14],[-30,2],[-10,-11],[-46,-12],[-10,-8],[6,-15],[-31,-18],[14,-62],[-20,-37],[19,-16],[-6,-16],[-17,-2],[2,-41],[-18,-8],[17,-22],[23,-3],[7,-36],[12,-6],[-8,-12],[12,-10],[-11,-26],[15,-30],[-20,-33]],[[46114,40506],[42,23],[10,26],[99,76],[15,41],[32,41],[11,36],[-16,26],[26,33],[46,23],[35,-12],[23,3],[19,36],[59,-12],[35,24],[21,42],[-16,19],[36,52],[42,7],[30,-10],[19,10],[35,71],[85,103],[1,18],[24,20],[15,31],[38,13],[8,20],[-6,24],[28,30],[37,10],[43,-5],[28,17],[56,-4],[27,24],[-17,75],[70,47],[39,47],[59,40],[-3,29],[11,16],[48,4],[56,25],[1,70],[82,58],[65,29],[16,24],[-6,33],[23,32],[-3,22],[66,71],[111,18],[78,49],[80,26],[44,119],[2,26],[-15,33],[11,17],[2,44],[61,67],[8,41],[48,47],[14,33],[28,16],[10,28],[35,19],[8,33],[62,34],[68,18],[-21,39],[-22,7],[-23,23],[65,120],[-9,54],[-62,83],[-2,33],[-27,17],[-2,20],[-56,62],[41,26],[67,18],[12,12],[-24,44],[11,40],[101,74],[24,45],[-55,30],[-9,38],[-17,19],[-2,14],[14,11],[26,69],[-24,77],[-102,51],[0,16],[63,66],[9,22],[33,23],[54,61],[22,33],[5,37],[69,40],[15,36],[44,13],[12,-5],[11,-30],[61,10],[25,-21],[31,24],[89,117],[88,76],[84,100],[6,13],[-24,18],[1,31],[29,52],[62,19],[-8,41],[18,75],[32,92],[34,49],[77,45],[62,76],[19,2],[11,-20],[24,-7],[61,4],[30,19],[62,138],[55,9],[37,32],[-5,48],[21,9],[78,-2],[41,76],[35,11],[-9,35],[-14,10],[5,52]],[[49622,45223],[18,1],[44,-22],[35,2],[25,43],[-7,26],[11,23],[20,-1],[21,-18],[28,13],[0,46],[-46,52],[115,45],[2,33],[55,23],[34,-10],[36,56],[40,23],[-9,41],[33,4],[42,28],[29,-14],[9,4],[9,61],[42,0],[22,28],[54,-17],[9,-48],[69,20],[56,-6],[13,7],[16,73],[-33,39],[-54,9],[20,62],[-54,77],[-34,91],[46,43],[40,-31],[46,2],[105,97],[28,40],[26,96],[60,26],[60,-6],[0,43],[-25,73],[18,7],[43,-10],[50,42],[43,104],[31,27],[-4,19],[25,67],[80,79],[5,21],[147,31],[13,-15],[66,-29],[55,53],[33,-14],[72,13],[40,-26],[7,-39],[18,-9]],[[51420,46721],[89,-25],[27,8],[37,-10],[32,7],[-13,33],[10,11],[163,23],[4,30],[21,10],[22,34],[37,18],[17,26],[25,8],[21,34],[-7,16],[57,77],[45,21],[14,-33],[44,34],[55,21],[11,-18],[74,-7],[17,37],[-33,27],[9,58],[21,12],[18,-1],[13,30],[16,9],[12,45],[26,4],[27,-12],[70,68],[20,-6],[14,-32],[62,-1],[61,37],[21,0],[42,-48],[-3,-42],[41,-16],[82,50],[34,77],[39,30],[3,54],[33,13],[14,60],[28,40],[0,42],[-28,46],[24,52],[53,68],[66,23],[25,27],[54,-19],[43,93],[-3,66],[-24,0],[-47,97],[17,61],[-5,34],[-35,26],[-42,47],[153,38],[22,-5],[10,-27],[21,-19],[105,-30],[33,-27],[58,58],[-14,30],[24,28],[18,53],[90,-12],[48,10],[-5,-16],[24,-6],[23,18],[15,26],[-9,45],[26,58],[58,55],[24,-1],[47,35],[-7,23],[14,3],[0,18],[12,12],[4,59],[22,24],[-7,19],[49,29],[6,45],[-26,14],[-3,37],[24,47],[-2,20],[-60,16],[-22,61],[-27,6],[-19,30],[31,120],[56,50],[37,54],[50,22],[26,26],[84,17],[18,-13],[19,0],[21,20],[4,20],[28,13],[4,18],[31,-25],[40,-14],[44,27],[37,76],[-5,44],[-32,8],[1,19],[37,13],[38,82],[37,3],[57,67],[61,16],[91,-3],[33,11],[-17,28],[7,21],[90,31],[88,76],[73,-12],[69,14],[37,29],[19,31],[38,8],[34,19],[38,-16],[9,-22],[50,2],[37,-40],[19,-8],[49,-17],[48,3],[44,-16],[43,-68],[36,-30],[29,71],[45,45],[86,17],[64,-8],[16,12],[23,35],[56,52],[15,34],[34,25],[52,97],[59,29],[80,1],[74,156],[27,35],[86,61],[97,18],[118,79],[82,39],[65,74],[14,1],[43,-62],[19,-1],[6,-13],[35,-19],[23,-42],[61,25],[63,-28],[40,-9],[32,5],[48,-22],[48,-5],[23,6],[10,-14],[14,-2],[-10,-4],[-3,-30],[22,-26],[22,-5],[15,10],[2,-15],[14,-5],[34,11],[6,-8],[10,3],[5,-14],[45,-33],[21,1],[8,-17],[26,14],[2,12],[28,-2],[20,33],[21,6],[64,-29],[52,5],[48,-34],[61,-14],[35,12],[28,-2],[30,162],[41,96],[53,5],[60,37]],[[57725,50534],[33,1],[56,21],[95,-48],[28,1],[51,-24],[151,-32],[36,-29],[35,-12],[49,18],[58,38],[47,5],[32,32],[60,-59],[48,-8],[16,8],[29,56],[52,29],[10,31],[-6,56],[35,39],[38,23],[-3,37],[57,55],[-45,41],[47,76],[36,4],[-2,-32],[12,-14],[20,0],[42,28],[22,-3]],[[80671,58277],[215,80],[134,18],[26,-2],[71,-34],[178,-53],[267,16],[99,-35],[49,-7],[168,8],[124,-18],[173,-1],[181,22],[111,24],[199,-5],[41,9],[52,29],[91,17],[147,65],[44,28],[122,34],[107,43],[49,35],[64,87],[34,17],[22,-3]],[[83439,58651],[71,29],[33,45],[54,30],[75,10],[59,-10],[54,20],[105,62],[111,25],[104,-71],[128,-233],[22,-11],[134,-11],[62,-30],[56,-5],[69,12],[69,-19],[83,2],[136,125],[37,90],[232,167],[32,9],[136,4],[18,8],[47,67],[33,75],[39,44],[62,42],[149,17],[32,16],[48,72],[148,45],[140,23],[86,-14],[24,-12],[57,-96],[52,-40],[76,-8],[133,25],[73,1],[84,-41],[185,-70],[106,4],[254,-58],[40,0],[51,14],[72,45],[181,14],[138,-54],[84,-80],[12,-39],[16,-12],[178,27],[101,27],[37,0],[129,-29],[138,2],[74,-25],[22,-57],[40,-33],[66,-8],[85,9],[130,-17],[93,32],[66,44],[50,51],[128,71],[51,14],[74,4],[171,-97],[65,-7],[58,14],[74,43],[30,31],[33,64],[28,21],[147,6],[75,20],[91,-2],[101,24],[137,-32],[104,19],[60,-14],[75,-4],[75,19],[54,2],[140,-43],[171,-83],[138,-6],[78,18],[89,44],[103,64],[28,36],[42,32],[118,3],[176,57],[183,14],[72,23],[57,41],[105,30],[83,13],[33,-2],[46,-17],[64,0],[98,33],[61,3],[125,-27],[92,-40],[133,-116],[50,-20],[66,0],[174,69],[47,3],[58,-10],[53,6],[88,63],[72,37],[162,57],[47,28],[144,151],[192,100],[110,69],[87,87],[68,30],[169,38],[53,-6],[44,-19],[173,-141],[55,-21],[46,1],[232,50],[30,-1],[103,-36],[169,-5],[77,-15],[204,-5],[68,11],[96,-34],[96,-97],[77,-35],[57,2],[153,27],[49,-5],[87,-36],[105,-109],[50,-39],[260,-129],[99,-82],[17,-20],[1,-22],[-209,-156],[-43,-111],[-2,-82],[43,-79],[75,-79],[30,-108],[78,-99],[117,-88],[106,-57],[-4,-64],[33,-37],[71,-46],[17,-43],[0,-58],[-15,-35],[-32,-25],[-158,-55],[-153,-85],[-46,-49],[-37,-61],[-25,-20],[-156,-85],[-128,-46],[-74,-45],[-67,-59],[-107,-125],[-42,-77],[-165,-108],[-67,-74],[-20,-105],[-57,-82],[-11,-99],[-29,-60],[-25,-90],[-86,-106],[-21,-243],[-24,-76],[4,-163],[47,-82],[22,-151],[49,-95],[0,-132],[28,-28],[92,-57],[23,-35],[-4,-34],[-39,-76],[-63,-33],[-31,-37],[-26,-85],[0,-77],[-13,-45],[-66,-61],[-110,-62],[-204,-151],[-128,-26],[-53,-23],[-69,-51],[-61,-75],[-181,-64],[-155,-100],[-157,-52],[-55,-45],[-68,-80],[-142,-96],[-74,-91],[-13,-131],[14,-39],[18,-26],[104,-43],[51,-61],[-6,-50],[-41,-104],[12,-85],[26,-40],[5,-33],[-13,-27],[-78,-76],[-36,-94],[-72,-118],[-3,-30],[24,-52],[74,-69],[85,-133],[35,-38],[1,-101],[36,-26],[54,-17],[18,-25],[-25,-67],[-68,-76],[-12,-38],[8,-123],[-20,-133],[-47,-119],[-37,-34],[-21,-37],[22,-213],[-6,-111],[67,-159],[22,-105],[6,-190],[-27,-108],[0,-112],[17,-193],[30,-68],[11,-82],[-33,-84],[-109,-170],[-42,-98],[7,-174],[-16,-104],[41,-153],[6,-67],[-8,-17],[-99,-88],[-17,-45],[3,-36],[24,-40],[51,-40],[43,-30],[150,-50],[63,-40],[83,-78],[22,-28],[7,-46],[-41,-146],[73,-68],[94,-34],[6,-37],[-40,-47],[-22,-67],[18,-74],[54,-35],[32,-35],[31,-100],[-15,-47],[-65,-19],[-58,13],[-61,0],[-55,-27],[-34,-45],[-11,-69],[98,-219],[-49,-197],[10,-69],[75,-94],[30,-13],[34,-38],[5,-122],[50,-116],[178,-130],[60,-93],[70,-208],[30,-134],[32,-59],[71,-72],[11,-31],[25,-132],[4,-192],[18,-83],[26,-56],[-9,-45],[5,-68],[45,-48],[11,-46],[14,-17],[33,-4],[91,-86],[17,-67],[69,-93],[38,-114],[3,-81],[-13,-42],[7,-68],[55,-102],[17,-66],[79,-43],[63,-118],[45,-29],[85,-5],[259,34],[55,-12],[51,8],[106,97],[39,9],[20,0],[101,-44],[106,-157],[-3,-91],[46,-108],[54,-54],[36,-59],[16,-10],[73,-6],[33,-31],[-4,-46],[-24,-32],[-6,-44],[12,-17],[76,-30],[8,-20],[-44,-166],[-24,-14],[33,-149],[73,-41],[13,-17],[4,-72],[127,-133],[30,-122],[1,-91],[40,-121],[47,-48],[92,-7],[76,-19],[89,-52],[87,-21],[32,-17],[34,-54],[28,-90],[75,-103],[12,-38],[28,-36],[11,-110],[-93,-63],[-7,-14],[8,-28],[-56,-84],[-22,-57],[-105,-86],[-9,-22],[-23,-19],[-86,-40],[-40,-7],[-43,-48],[3,-62],[-21,-95],[24,-76],[-3,-18],[-364,0],[-553,-418],[-30,0],[-14,-17],[-13,-1],[-131,45],[-13,-12],[-6,-29],[-18,9],[-20,-15],[-19,4],[-13,-11],[-2,-18],[-29,-25],[17,-11],[1,-18],[-68,6],[-7,21],[14,5],[-4,15],[-42,-3],[-7,-8],[16,-11],[-28,-13],[9,-22],[-17,-20],[-61,-2],[-53,-26],[-5,-12],[-15,3],[-21,30],[-22,-2],[-2,13],[-45,-6],[-22,10],[-10,-20],[-26,0],[-47,-26],[-27,17],[-32,-33],[-19,7],[-13,-16],[-60,-8],[-37,-45],[-45,-5],[-17,27],[-31,-16],[4,-14],[-21,-3],[2,-11],[-11,-6],[-21,27],[0,25],[-16,-13],[-27,4],[9,-17],[-75,10],[-43,-11],[-31,12],[-41,-18],[-33,-49],[-36,-5],[-14,15],[-36,-25],[-18,10],[-21,-5],[3,-18],[-17,1],[-22,-14],[-15,6],[7,26],[-14,11],[8,9],[-45,-6],[-15,19],[11,11],[-20,8],[-17,31],[-18,-7],[-1,18],[-45,-1],[-36,-20],[-4,-16],[-41,3],[-13,34],[25,31],[24,4],[-8,28],[-15,9],[-32,-2],[-30,-18],[-43,-45],[-47,-72],[-50,-43],[-37,12],[-79,3],[-25,25],[10,29],[-15,19],[-29,5],[-3,-11],[-11,-1],[-55,46],[-47,15],[-81,-6],[-13,-23],[-16,1],[1,-10],[-45,25],[-25,-2],[-5,-8],[-19,7],[-20,-14],[-18,8],[-15,-18],[-19,9],[-20,-8],[2,-16],[-11,-12],[-20,-8],[-7,9],[-39,-28],[-19,-1],[-46,-52],[-36,-19],[-6,-16],[-33,-16],[-11,-18],[-29,-6],[-10,10],[-28,-4],[-22,8],[-13,-12],[-24,0],[-43,24],[-23,-5],[2,13],[-18,7],[-33,-44],[-67,-22],[-15,13],[-45,-10],[-47,-60],[-34,-13],[-6,-28],[-58,-27],[-6,-33],[-35,-22],[-13,-44],[-41,-17],[-121,4],[-61,25],[-106,114],[-32,14],[-128,8],[-17,11],[-52,2],[-29,11],[-32,-15],[-39,14],[-50,-33],[-55,28],[-40,0],[-42,-14],[-59,11],[-42,-8],[-55,14],[-62,-2],[-32,-23],[-36,0],[-4,-10],[15,-32],[30,-19],[10,-26],[32,-22],[-4,-31],[-25,-50],[30,-101],[-12,-29],[9,-22],[-107,-133],[-4,-55],[17,-28],[-136,-1],[-124,16],[-794,166],[-36,14],[-26,35],[-77,20],[-34,32],[-17,-21],[-15,17],[-11,-18],[19,-14],[-17,0],[-10,-13],[-86,-31],[16,-10],[-29,-32],[0,-12],[-17,-10],[9,-30],[-17,-13],[-51,0],[-83,-57],[-11,-20],[16,-36],[-24,2],[-21,26],[-21,5],[-33,-23],[9,-11],[27,-5],[2,-10],[-39,-7],[-36,25],[-43,-25],[-16,20],[5,18],[-25,9],[-8,-11],[9,-25],[-42,-17],[-35,-35],[-22,10],[-46,-10],[-12,28],[-10,1],[4,-53],[-32,-20],[-20,21],[-22,-2],[9,-36],[-16,-13],[-10,3],[1,14],[-11,-5],[-4,-45],[-23,-10],[-31,13],[1,-17],[-25,-1],[-2,-20],[-38,2],[-8,-7],[-6,-21],[41,-59],[-3,-8],[-28,-5],[-46,-42],[-28,8],[-39,-19],[-18,7],[-23,-54],[-64,-45],[-5,-22],[-14,12],[-39,-13],[-17,17],[-17,-12],[-7,-23],[-13,13],[-2,-19],[-48,0],[3,-10],[-32,-14],[-4,-16],[-7,6],[-29,-9],[-11,-18],[-65,7],[-31,-18],[-42,11],[-17,-12],[-16,14],[-1,-12],[-16,-3],[-4,-23],[13,-16],[-22,-46],[-87,-37],[-60,-38],[-21,-24],[-41,17],[-12,-15],[-36,-9],[-40,6],[-10,-5],[0,-25],[-41,-6],[-12,-11],[-83,16],[-26,-12],[-28,7],[-37,-20],[-37,4],[-13,-23],[3,-7],[16,2],[-7,-31],[-14,9],[-2,-12],[-15,-3],[12,-3],[-2,-21],[-9,-3],[3,9],[-12,4],[-4,-10],[-21,7],[7,-23],[-21,-12],[4,-9],[-39,-6],[3,-18],[-13,-11],[-32,1],[10,-10],[-16,-20],[-15,17],[-13,1],[-13,-25],[20,-20],[-41,-12],[0,-20],[-71,8],[-20,-28],[-12,20],[-15,-8],[-21,3],[-3,9],[-17,-2],[-1,-8],[-11,7],[4,-12],[-17,2],[4,-8],[-11,0],[-10,-25],[-13,-5],[-26,-6],[0,11],[-33,-1],[4,-8],[-12,-1],[0,-11],[-23,-18],[-55,-4],[-15,9],[-26,-41],[-10,4],[-3,-9],[-13,-1],[-3,-14],[18,-10],[-3,-24],[-16,-4],[1,-15],[-18,6],[0,-10],[-10,1],[-3,-22],[17,-10],[-1,-10],[-48,-14],[-4,-23],[-30,9],[2,-11],[-27,8],[-24,-7],[-10,8],[-46,-55],[-49,-7],[10,14],[-8,9],[-17,-24],[-56,-30],[-13,7],[-12,-6],[-21,19],[-19,-34],[-6,8],[-8,-11],[-19,3],[-14,-13],[-4,-41],[-18,-4],[-7,7],[-7,-11],[-6,8],[-15,-12],[8,-8],[-7,-13],[-22,9],[2,-7],[-12,-3],[7,-6],[-11,-1],[-11,-19],[-13,0],[-3,-13],[-5,10],[-2,-13],[-22,3],[0,10],[-20,7],[-33,-8],[5,-14],[-11,5],[-46,-17],[-10,-21],[-28,-3],[-2,-14],[-13,3],[-9,-16],[-18,3],[-9,-13],[-35,9],[-19,-21],[-14,2],[11,-14],[-24,-13],[6,-12],[-38,8],[-8,-8],[-51,4],[-17,-17],[-19,2],[-6,10],[-37,-52],[-24,-4],[9,-17],[-22,-9],[-14,5],[0,-12],[-16,-3],[7,-17],[-28,-15],[-3,-14],[-22,-16],[-21,0],[7,-11],[-8,-21],[-26,-1],[-5,-17],[-37,-19],[-65,-10],[-70,-31],[-115,-19],[-49,-34],[-107,24],[-57,-15],[-58,-57],[-5,-20],[-46,-37],[-8,-20],[-17,-7],[-7,-24],[-15,-8],[-23,-38],[-80,31],[-30,-4],[-31,-23],[-16,0],[-31,20],[-76,-4],[-30,21],[-78,2],[-22,-13],[-44,19],[-26,1],[-26,-34],[-46,-17],[-37,-46],[-14,-4],[1,-28],[14,-17],[-16,-63],[5,-34],[-47,-50],[-9,-38],[-28,-13],[47,-85],[-8,-66],[-20,-16],[-35,5],[-51,-18],[-44,-47],[-26,-50],[-51,7],[4,-38],[37,-42],[-7,-66],[-35,-114],[-11,-11],[-37,3],[-2,-19],[17,-18],[-35,-5],[-11,-14],[68,-49],[10,-26],[-32,-9],[-17,-25],[23,-36],[12,-44],[23,-23],[-17,-21],[-11,-52],[-21,-6],[-14,-16],[-18,-59],[-3,-24],[29,-37],[-37,-5],[-16,-14],[-26,0],[5,20],[-1142,2313],[2,13],[-16,-5],[-10,14],[6,19],[-18,1],[11,8],[-15,14],[4,10],[16,4],[-1,14],[11,8],[-14,-2],[3,31],[13,0],[-4,21],[17,13],[-12,7],[-1,43],[-26,22],[2,14],[-14,15],[-34,12],[-23,23],[-36,8],[-15,30],[-92,49],[-33,63],[-65,11],[-22,15],[-24,54],[-62,35],[-14,32],[-84,30],[-25,-1],[-11,12],[-36,-1],[-20,20],[-29,11],[-16,-3],[-11,10],[-36,-6],[-29,11],[-39,-8],[-10,-13],[-33,-7],[-22,-32],[-55,8],[-50,22],[-49,-12],[-25,6],[-10,-9],[-46,12],[-5,-17],[-72,-69],[-6,-19],[-23,-8],[-12,-18],[-44,-2],[-42,25],[-42,-2],[-55,-17],[-25,-19],[-30,4],[-7,-20],[-36,-16],[-48,-3],[-65,33],[-95,0],[-27,-13],[-33,9],[-21,22],[-57,3],[-19,-9],[-67,19],[-44,-3],[-60,34],[-56,-11],[-66,-34],[-46,9],[-28,-7],[-25,11],[-46,-4],[-24,-16],[-33,9],[-69,-8],[-54,-71],[-56,13],[-47,-15],[-13,-19],[-22,-7],[-135,-202],[-68,-48],[3,-88],[34,-23],[30,5],[28,-16],[41,-31],[8,-26],[10,-4],[-7,-24],[-21,-5],[39,-66],[30,-6],[-20,-67],[37,-18],[6,-18],[23,-12],[-8,-12],[-14,4],[-7,-19],[-23,-4],[-25,23],[5,-26],[-18,-11],[-18,3],[-1,-12],[-30,9],[2,12],[-70,-25],[-8,18],[-34,-31],[-23,5],[-36,-19],[-55,16],[-65,-12],[-38,14],[-1,10],[-20,-6],[3,12],[-28,1],[4,-10],[-23,-14],[7,-13],[-8,-5],[-21,4],[10,14],[-19,4],[-18,-9],[-16,15],[-5,-9],[-15,2],[-8,-15],[-73,-17],[-1,-14],[-23,8],[-47,-22],[-15,5],[-7,-10],[-5,9],[0,-14],[-28,20],[-21,-3],[3,-9],[-19,-13],[-23,-2],[-13,-23],[-15,-6],[-8,8],[-11,-23],[-13,12],[-10,-4],[-6,18],[-6,-7],[-13,10],[-10,-3],[1,11],[-42,-8],[-19,23],[-14,-13],[-7,11],[-3,-10],[-17,4],[-7,-23],[-35,-1],[-9,-24],[-30,9],[1,14],[-64,-21],[-36,8],[-18,17],[-13,-20],[-35,-1],[-10,26],[-12,-4],[3,14],[-11,-12],[-53,-1],[-33,18],[-28,0],[8,15],[-31,9],[-22,-16],[-20,12],[-65,-65],[-21,6],[-19,-6],[-8,7],[-61,-19],[-1,17],[-17,-25],[-4,6],[-11,-11],[-24,6],[-1,-899],[-13,6],[-28,-16],[-7,8],[-24,-7],[-9,11],[-34,5],[-12,28],[-42,-13],[-22,8],[-22,-13],[-17,19],[-18,-5],[-42,9],[4,-24],[-35,-6],[-5,-9],[-26,-5],[-14,11],[-45,-14],[-3,9],[-21,-17],[-9,10],[-13,-23],[-20,18],[-31,-14],[7,18],[-8,2],[-28,-20],[0,-11],[-20,-8],[-33,5],[-6,10],[-41,-35],[-14,4],[8,11],[-14,-2],[0,-22],[-10,-8],[-16,14],[-13,-13],[-64,1],[4,11],[-35,12],[-18,-8],[1,12],[-24,5],[-31,-12],[-2,9],[-13,-5],[-4,11],[-9,-5],[-13,8],[-1,14],[-33,10],[-10,23],[-41,8],[0,26],[-21,9],[-2,26],[-17,16],[-2,18],[-22,12],[-23,33],[-53,21],[-74,14],[-44,30],[-86,5],[-83,45],[-76,23],[-53,35],[-73,26],[-51,-8],[-80,-36],[-3,-19],[-24,-10],[-13,-28],[-42,-12],[-30,-22],[-70,8],[-65,-33],[-101,-10],[-21,-11],[-34,47],[-94,29],[-56,39],[-69,11],[-34,41],[-70,42],[-56,4],[-92,36],[-16,60],[-41,36],[-71,31],[-22,49],[-6,61],[-84,63],[-44,67],[-4,-944],[-25,-22],[-15,-54],[-17,-8],[14,-7],[-1,-41],[35,-11],[-16,-4],[12,-17],[-12,-19],[46,-20],[13,-17],[-51,10],[-32,-25],[-39,31],[-44,-4],[-10,17],[-31,6],[-11,18],[-74,-17],[-51,-24],[-47,11],[-43,-4],[-38,14],[-41,-3],[-36,28],[-2,77],[-13,21],[-29,19],[-113,41],[-32,29],[-43,5],[-15,24],[-19,-11],[-27,14],[-42,-3],[-24,12],[-39,-5],[-17,19],[-36,-7],[-23,31],[-69,28],[-43,-16],[-39,-1],[-19,33],[5,14],[-19,17],[10,28],[-35,29],[116,-462],[-18,-21],[3,-26],[-18,-31],[-47,-8],[-3,-29],[14,-35],[-48,-52],[18,-26],[-4,-28],[-63,-43],[-6,-37],[-24,-33],[-1,-43],[15,-36],[-13,-19],[5,-30],[-25,-26],[-55,-26],[-7,-22],[-51,-41],[-4,-33],[21,-2],[-17,-9],[10,-5],[-3,-13],[-14,2],[0,-15],[-11,0],[13,-27],[-7,-14],[16,-12],[-5,-5],[20,-6],[-6,-26],[13,9],[-8,-21],[14,-10],[-20,-5],[-2,-16],[18,10],[-3,-31],[11,0],[-7,-9],[9,-1],[0,-16],[42,-25],[42,-7],[2,-11],[18,4],[43,-48],[22,2],[9,-10],[55,-16],[42,10],[13,-14],[-8,-13],[13,0],[1,-8],[8,11],[14,0],[18,-14],[4,15],[14,-12],[20,12],[8,19],[4,-10],[24,2],[0,-14],[53,14],[1,-13],[14,1],[12,-27],[17,19],[4,-10],[6,6],[20,-6],[6,-11],[2,9],[17,-6],[2,-11],[29,-20],[-5,-7],[33,-16],[45,-45],[17,-4],[73,14],[11,24],[-10,44],[13,9],[32,-5],[26,-20],[-30,-36],[20,-36],[70,-49],[55,-8],[18,-14],[-9,-23],[-32,-4],[-32,10],[-20,28],[-27,15],[-32,1],[-15,-12],[-6,-70],[118,-64],[87,5],[74,51],[22,-9],[35,-49],[23,36],[47,21],[-10,15],[-58,18],[6,17],[36,29],[139,12],[27,10],[39,32],[49,10],[23,-10],[6,-14],[-19,-44],[25,-12],[38,2],[41,14],[2,50],[41,7],[20,-12],[1,-47],[42,-30],[14,-26],[23,-12],[42,3],[28,-41],[45,-16],[48,-3],[78,70],[36,3],[10,-89],[39,-30],[66,-20],[52,-54],[10,-30],[12,-3],[37,9],[31,37],[66,43],[8,18],[1,29],[-27,52],[-77,37],[19,30],[67,-2],[122,-83],[28,-3],[21,15],[18,42],[51,4],[3,39],[45,42],[40,17],[26,-1],[51,-23],[4,-31],[-14,-11],[-51,-3],[-23,-11],[-14,-22],[12,-19],[107,-25],[17,6],[22,36],[13,1],[71,-76],[32,-2],[24,44],[11,3],[21,-18],[15,-46],[34,-5],[54,20],[26,39],[-13,30],[-62,19],[1,13],[15,9],[54,-16],[43,-62],[17,-8],[34,6],[39,25],[36,-24],[12,7],[-1,32],[-31,93],[12,18],[27,-4],[24,-25],[27,-62],[25,-3],[19,15],[25,47],[0,25],[-21,9],[-64,1],[-18,13],[3,29],[31,23],[46,-1],[125,-77],[101,29],[30,-35],[63,19],[62,-14],[45,30],[36,45],[14,88],[13,12],[44,8],[49,-16],[57,9],[13,-7],[1,-26],[-59,-34],[0,-18],[21,-16],[54,-12],[42,-46],[18,3],[31,37],[19,-5],[-2,-42],[-32,-38],[12,-9],[48,5],[-9,-17],[10,-15],[-27,-15],[3,-48],[18,-38],[189,-58],[-5,-108],[-14,-1],[-15,18],[-37,-2],[18,-22],[-34,-14],[12,-15],[-9,-22],[-35,-13],[-2,-45],[15,-2],[21,21],[14,-29],[-32,-10],[-30,5],[-24,-25],[-31,12],[37,7],[1,12],[-39,-1],[-22,21],[-31,-20],[-34,-5],[8,-13],[32,10],[7,-5],[-23,-25],[6,-20],[32,11],[-17,-53],[-27,-38],[-14,1],[-5,19],[-14,7],[-21,-5],[-12,-16],[-12,18],[-69,-5],[-1,-13],[24,-15],[-26,-23],[-18,-41],[-80,-23],[-20,-15],[-38,3],[-29,-26],[-2,-19],[-32,-5],[-23,-19],[-18,2],[-9,14],[-35,-2],[13,-27],[39,-5],[4,-12],[-43,-3],[-22,-22],[-25,18],[-16,-3],[-9,-5],[1,-23],[-48,-13],[-22,-16],[50,-21],[1,-14],[-22,-12],[3,-13],[34,-5],[39,-25],[-59,-42],[0,-18],[25,-20],[-42,-1],[-96,-61],[-51,-9],[-17,-31],[-13,26],[-39,-12],[-7,31],[-21,10],[-7,-35],[-22,-18],[-22,0],[-19,-29],[6,-38],[-17,-31],[-25,-19],[-32,25],[-7,-13],[9,-31],[-16,19],[-18,-8],[5,-32],[-31,-24],[-7,-34],[-29,14],[-14,-17],[-22,-5],[4,26],[-27,15],[10,-17],[-5,-13],[-41,-6],[-27,20],[-12,-23],[13,-21],[-22,-6],[-15,11],[-5,27],[-18,-3],[8,-25],[-32,0],[-2,27],[-38,-5],[16,16],[-3,13],[-68,26],[-49,-17],[-11,-40],[-48,-4],[-8,14],[9,21],[-42,-3],[-22,-17],[14,-27],[-8,-16],[-49,-26],[-19,14],[1,35],[-9,5],[-43,-18],[-33,-33],[-8,8],[12,20],[-50,-26],[-67,-7],[-32,16],[-21,-19],[-35,4],[-2,-40],[-34,26],[-18,-3],[-25,11],[9,-46],[-36,12],[-11,-29],[5,-22],[-49,9],[-8,-9],[13,-18],[-5,-7],[-20,17],[-29,-1],[-6,20],[-13,2],[-21,-24],[12,-45],[-25,2],[-21,23],[-22,-53],[-28,38],[-14,-25],[-51,2],[1,10],[19,7],[-24,14],[8,34],[-22,19],[-4,18],[-28,-6],[-34,13],[-17,-7],[-14,-44],[35,-22],[2,-20],[-13,-14],[-34,4],[-19,-8],[-27,5],[-1,23],[-17,11],[4,22],[-27,1],[-17,15],[-31,-12],[-16,-39],[-16,15],[-38,-11],[-7,-22],[-47,-1],[-25,22],[-42,4],[-23,49],[-22,-22],[-23,-8],[-5,-46],[-14,6],[-9,-12],[-38,-9],[-36,25],[-30,-8],[-35,-25],[3,-20],[26,15],[-13,-30],[38,-24],[-33,-27],[-7,24],[-14,6],[-17,-25],[28,-12],[-1,-17],[-92,21],[-49,-20],[-2,-16],[35,14],[4,-22],[-26,0],[1,-26],[-37,-4],[18,-26],[-2,-18],[-32,17],[-34,-3],[-39,9],[-14,-41],[-47,-13],[-10,13],[19,15],[1,29],[-30,7],[1,30],[-64,-15],[20,-16],[-23,-24],[-29,17],[-2,34],[-17,5],[-31,-13],[-34,-48],[-32,5],[-7,-32],[-22,-20],[-52,18],[-18,-19],[-12,18],[-28,-47],[-23,-3],[-23,21],[-5,-17],[-33,-1],[-7,-24],[-26,13],[-1,25],[-23,0],[-21,20],[-18,-11],[-23,5],[-7,-24],[-21,11],[-18,-19],[3,-29],[-26,-17],[-21,23],[-3,-35],[-12,0],[-11,32],[-56,14],[-12,-9],[2,-12],[38,-31],[-56,-14],[-18,17],[-47,-16],[-12,-36],[28,-16],[-43,-7],[23,-13],[-8,-15],[-50,12],[-8,14],[-12,-5],[-1,-13],[-13,-1],[-15,10],[-14,32],[-46,-4],[-18,16],[-6,-40],[-20,-7],[-13,-18],[-68,30],[-7,-9],[15,-14],[-27,-14],[5,36],[-17,9],[-25,-45],[-30,-20],[-10,25],[-16,4],[13,15],[-17,19],[-3,-17],[-24,-14],[-9,21],[-28,-4],[2,29],[32,-5],[1,13],[-45,1],[-14,25],[-15,-4],[2,-20],[-13,-2],[-28,35],[1,-33],[-13,-17],[-15,1],[-2,15],[17,14],[-41,1],[21,18],[-43,8],[-11,17],[-17,-16],[-8,20],[-38,-15],[-47,-1],[-4,-12],[27,-15],[-9,-48],[-25,5],[-1,23],[-29,-17],[-31,15],[-34,-14],[-26,24],[33,25],[-21,8],[-19,27],[-28,16],[-27,-14],[16,-15],[-5,-12],[-15,-4],[-23,16],[-24,-4],[30,-24],[-19,-30],[-107,29],[-11,-10],[15,-17],[-6,-21],[-23,-2],[-14,-18],[-13,6],[-5,19],[-31,-14],[-12,36],[-23,-19],[-44,-9],[-35,18],[-23,33],[-36,7],[-6,-11],[27,-31],[-11,-6],[-55,22],[-40,35],[-39,-29],[2,-23],[-40,4],[-7,25],[-11,2],[-14,-39],[-23,-7],[-22,19],[-4,49],[-34,-1],[-17,12],[-1,20],[13,17],[-10,22],[-21,-3],[-16,-52],[-13,-10],[-33,11],[-9,23],[-26,0],[18,-28],[16,-4],[-2,-11],[-14,-13],[-20,10],[-11,-15],[17,-11],[-21,-14],[17,1],[1,-10],[-9,-8],[-16,3],[8,-16],[-12,0],[-1,-10],[11,-13],[-14,-18],[-17,-3],[-3,-23],[-9,0],[-3,25],[-8,-17],[-20,-8],[15,-15],[1,-20],[20,6],[4,-10],[-15,-11],[-11,6],[3,-10],[-47,-20],[-7,10],[28,13],[-10,11],[-44,-17],[-15,-20],[-10,9],[-7,-18],[-24,-5],[12,-6],[-8,-9],[8,-10],[-10,-7],[-17,15],[-1,-17],[-24,-16],[-22,20],[6,-14],[-15,-4],[3,-18],[-18,-14],[-10,18],[-17,-29],[-13,8],[1,-15],[21,-20],[-26,-2],[-105,-83],[-8,14],[-9,-1],[9,-17],[-21,-14],[-28,-3],[-8,18],[-26,2],[-10,-12],[21,-7],[-18,-8],[-30,12],[-15,-49],[-36,-6],[-5,17],[-13,3],[19,-55],[-55,-4],[-37,-52],[-21,5],[0,38],[-13,11],[-18,-11],[-32,-2],[21,-16],[3,-14],[-25,-17],[-32,37],[-15,5],[10,-40],[-45,-22],[-30,8],[-52,-2],[-35,33],[-13,-41],[-13,-5],[-4,-16],[-18,-1],[6,-12],[-31,-9],[-4,19],[-12,-12],[-23,10],[-15,-6],[-26,-35],[-32,47],[-85,-49],[-77,23],[47,-49],[-24,-23],[-18,8],[-9,-27],[9,-28],[-31,14],[-92,7],[-21,0],[-23,-24],[-14,1],[-11,15],[-17,-7],[-16,6],[-2,-18],[-11,-5],[9,-28],[-14,-18],[-37,-4],[-50,-25],[-21,-33],[-10,6],[-8,-7],[-22,20],[-7,-16],[-65,-31],[-33,0],[-21,-21],[-41,-18],[-18,-22],[-33,-14],[-110,-85],[2,-27],[-16,-23],[-24,-7],[-11,-32],[-16,4],[2,-15],[-23,2],[-23,-40],[-29,-19],[-19,3],[-20,-32],[-39,-33],[-58,-21],[4,-11],[-12,-5],[9,-12],[-45,-43],[-16,6],[-38,-13],[23,-42],[-14,-34],[36,-29],[-28,-34],[2,-26],[-13,-9],[-14,3],[-4,-16],[-14,1],[-12,-124],[1232,-1758],[567,-868],[1020,1062],[2640,2551],[114,-4],[74,-27],[13,-15],[9,-51],[219,-59],[15,-27],[73,5],[82,-32],[55,6],[66,-6],[62,24],[23,0],[37,-9],[11,-26],[17,-11],[40,2],[31,18],[27,-17],[53,-2],[54,6],[34,23],[63,-8],[61,-28],[46,-98],[44,-32],[87,-27],[108,-6],[103,-26],[105,-41],[40,-28],[62,-6],[34,-40],[99,-64],[44,-15],[17,-20],[62,-18],[22,-15],[19,6],[52,-39],[4,-19],[13,-3],[9,-18],[28,5],[17,-12],[1,15],[11,6],[52,-38],[17,5],[24,-8],[26,14],[55,-31],[10,8],[34,-4],[0,-8],[22,7],[29,-19],[35,32],[17,-3],[44,13],[37,-14],[70,20],[1,-8],[24,-1],[-4,-11],[10,-1],[28,20],[-4,12],[16,1],[9,16],[13,-4],[34,27],[38,-16],[22,20],[7,-7],[-10,-10],[15,5],[10,-10],[18,12],[17,-11],[-5,17],[22,-14],[8,11],[58,-2],[3,-9],[14,3],[11,-23],[23,1],[1,-12],[18,1],[0,12],[11,-6],[18,20],[29,-4],[-2,14],[47,-17],[36,16],[11,-12],[1,10],[21,7],[40,-4],[0,-15],[21,18],[16,-10],[24,10],[22,-2],[-3,9],[14,-1],[-4,10],[15,0],[14,16],[20,-5],[17,17],[17,2],[-14,15],[19,0],[4,18],[15,1],[-5,-15],[21,-5],[16,24],[6,-13],[7,11],[24,7],[-6,12],[13,-5],[14,12],[8,-9],[-1,18],[14,-5],[-3,17],[20,-2],[8,17],[30,-13],[26,7],[13,-16],[16,-1],[22,18],[11,-6],[9,7],[2,-13],[15,15],[17,-4],[11,31],[23,-13],[13,43],[-12,5],[16,6],[1,17],[13,10],[-27,-1],[2,17],[50,-3],[-15,18],[17,-1],[7,30],[50,16],[12,-14],[-3,-19],[17,18],[23,-44],[19,17],[24,-24],[22,16],[14,-7],[11,24],[-6,-3609],[50,16],[55,-3],[68,-72],[40,-16],[-275,-197],[-55,-3],[-117,-52],[-53,-70],[9,-48],[-56,-63],[-55,2],[-78,67],[-39,7],[-15,-16],[-15,-61],[-26,-35],[-103,-41],[-29,-26],[-13,-28],[-39,-22],[-3,-104],[-13,-22],[8,-21],[-9,-13],[12,-12],[-14,-15],[10,-38],[-23,-12],[15,-17],[-6,-25],[-14,-6],[-62,29],[-10,18],[-13,-5],[-6,-15],[-18,-5],[-5,-24],[-12,1],[11,-44],[-28,-33],[13,-22],[-9,-30],[16,-26],[-6,-27],[27,-39],[-8,-13],[39,-35],[0,-27],[18,-10],[-2,-21],[-39,-35],[-17,-5],[-30,9],[-77,48],[-32,5],[-36,-13],[-46,44],[-46,16],[-112,-34],[-35,14],[-39,-8],[-60,35],[-44,-31],[-22,13],[-94,-11],[-21,-33],[-44,-16],[6,-46],[-21,-29],[-67,-26],[-49,-34],[-66,-13],[-47,23],[-59,71],[-16,58],[-20,32],[1,19],[-25,34],[-25,12],[-34,-17],[753,-1710],[-54,-18],[-4,-1724],[-46,-2],[-10,-14],[3,-15],[32,-17],[4,-12],[-22,-14],[-21,-37],[-51,5],[-19,-17],[-54,-2],[-28,-20],[-58,-2],[-22,-9],[-22,-39],[-42,-41],[-58,-26],[-49,-41],[-18,-56],[-35,-24],[-21,-36],[-35,-24],[-88,-32],[-61,-46],[-79,-8],[-120,-72],[-61,6],[-54,-6],[-7,8],[-50,5],[-19,12],[-332,422],[-79,65],[-59,32],[-54,1],[-28,-19],[-31,-6],[-13,-23],[-15,-6],[-26,5],[-38,27],[-64,-1],[-34,16],[-45,40],[-57,122],[-33,37],[-17,113],[-19,50],[-23,28],[-2,27],[-25,16],[-36,3],[-17,19],[0,30],[13,18],[-13,59],[-1396,6],[0,20],[-24,7],[-12,22],[-35,8],[-18,36],[-53,-4],[-38,38],[-53,2],[-28,32],[-39,6],[-3,35],[15,14],[16,0],[5,71],[-19,22],[-26,1],[-20,16],[13,21],[-15,10],[-14,34],[-16,7],[13,20],[-16,16],[2,15],[-13,-4],[13,19],[-14,9],[11,2],[-4,23],[21,3],[26,32],[18,3],[-3,11],[22,-1],[-6,21],[10,9],[-22,-1],[2,23],[15,29],[50,46],[-12,21],[8,18],[-10,24],[48,74],[2,48],[-11,31],[-55,75],[-63,7],[-37,14],[-17,61],[-23,39],[-1,75],[13,31],[-3,37],[-20,43],[16,23],[-10,15],[-53,17],[-32,24],[17,65],[-38,36],[-1223,-1147],[-18,1],[6,22],[-10,16],[37,-15],[-3,14],[-40,42],[-44,20],[-55,59],[48,136],[-36,12],[-12,13],[-29,1],[-24,12],[9,70],[-21,56],[-23,23],[-14,0],[-17,-15],[-49,8],[-6,-26],[-31,25],[0,10],[30,22],[56,23],[8,18],[-17,22],[-13,-8],[-33,8],[4,9],[24,-2],[-3,21],[-20,4],[-4,24],[13,-4],[5,-14],[28,27],[-29,28],[-33,-2],[-1,14],[15,-6],[6,11],[14,-7],[4,17],[17,10],[-41,35],[20,15],[-33,35],[-21,1],[-23,-17],[-12,5],[10,14],[-27,-1],[-2,-14],[-26,19],[-30,2],[-21,-16],[-20,-2],[-57,-53],[-50,-19],[-21,-117],[-39,-60],[-3,-38],[17,-26],[-8,-48],[-108,-93],[-75,-28],[-220,463],[9,45],[33,25],[-4,24],[10,8],[-9,31],[18,-8],[11,8],[-18,33],[30,-1],[-18,9],[11,15],[-3,23],[-17,-11],[-50,0],[-69,-25],[-40,3],[-12,18],[14,34],[-1,29],[-25,-19],[-16,1],[1,13],[-33,-7],[16,15],[-11,9],[6,30],[-45,14],[13,34],[-35,-31],[1,-20],[24,-21],[-1,-10],[-22,-9],[-12,19],[-17,4],[-5,-31],[-22,-6],[-17,9],[-19,-20],[19,-17],[-58,-7],[21,-30],[-70,25],[-4,-19],[-21,8],[-17,-11],[-22,18],[-17,-8],[-6,-39],[-28,-9],[4,10],[-16,4],[-8,-19],[-24,27],[3,14],[-13,4],[-3,-13],[-55,10],[7,-18],[-37,6],[8,-19],[-62,23],[-29,0],[-3,-12],[-12,-2],[-2,20],[-32,-1],[-13,-12],[-9,13],[-20,-29],[-13,43],[-15,-11],[4,-15],[-7,-3],[-6,13],[-11,-6],[7,-14],[-13,-8],[11,-7],[-25,-15],[-4,17],[-18,1],[7,-14],[-22,-3],[-23,13],[-1,11],[-13,-4],[-7,11],[-14,-3],[-13,17],[-15,2],[-5,16],[25,7],[-30,16],[15,11],[-28,21],[14,-5],[3,5],[-33,16],[5,-17],[-12,-6],[-18,42],[-15,-9],[-29,7],[-1,-26],[-17,1],[-2,-22],[11,7],[13,-24],[-34,17],[-11,-8],[-11,15],[-15,-1],[-9,14],[-14,-5],[-8,16],[-37,13],[15,10],[13,-6],[7,15],[-43,2],[-9,27],[16,10],[-24,10],[-4,13],[-47,-4],[-15,-11],[-2,26],[-15,9],[-1,-21],[-14,7],[-23,-9],[8,13],[-18,9],[17,8],[-21,11],[-18,-4],[0,-12],[-17,2],[-4,-10],[-21,7],[-8,-16],[-4,16],[-13,-14],[-14,2],[-7,15],[-30,1],[-4,13],[-15,-17],[-7,20],[-5,-13],[-17,16],[-8,-2],[2,-13],[-27,3],[-6,21],[-19,-1],[0,-11],[-20,1],[-7,13],[-8,-13],[-38,-1],[2,20],[-13,9],[12,11],[-11,6],[-9,-10],[-16,12],[-8,-19],[-32,12],[-6,-9],[-18,1],[-11,-19],[-3,11],[-12,-3],[1,15],[-19,2],[4,-12],[-16,-1],[5,-15],[-8,-9],[-15,22],[-15,-12],[13,-23],[-9,-2],[-3,13],[-10,-12],[-23,9],[5,-12],[-17,-10],[6,-26],[-15,14],[-17,-5],[-2,-13],[-43,-42],[-54,-14],[-151,-11],[-46,-22],[-35,-3],[-59,22],[-72,60],[-23,69],[3,43],[-50,58],[-108,51],[-62,4],[-47,51],[-39,-19],[-31,-30],[-34,5],[-69,39],[-28,-2],[-54,-42],[-28,6],[-20,-30],[-63,-51],[-29,1],[-8,-18],[-91,6],[-34,-33],[-33,-6],[-31,-42],[-18,-48],[-2189,1656],[-1558,-1269]],[[65775,27767],[-125,-50],[-76,11],[-135,-2],[-18,9],[-8,10],[7,14],[88,18],[22,30],[16,78],[-23,43],[-73,69],[-30,-3],[-28,-23],[-29,-8],[-56,10],[-52,24],[-78,95],[1,26],[18,24],[-6,23],[-49,32],[-47,-26],[-13,-68],[-32,-31],[-41,8],[-86,75],[-28,7],[-24,-17],[1,-14],[37,-45],[0,-21],[-19,-20],[-32,-7],[-66,64],[-59,21],[-26,-1],[-15,-16],[-29,-92],[-21,-33],[-28,-12],[-38,1],[-69,32],[-61,52],[-8,19],[9,44],[36,54],[14,67],[-36,66],[-72,46],[-32,37],[-43,86],[-53,22],[-72,13],[-23,-7],[5,-35],[55,-53],[6,-27],[-5,-46],[-15,-11],[-39,-2],[-74,41],[-82,64],[-47,80],[-71,77],[2,23],[44,24],[95,-4],[17,11],[-8,29],[-83,79],[-9,26],[22,55],[52,22],[24,36],[-3,45],[-21,35],[-31,27],[-34,6],[-67,-36],[-88,2],[-15,-20],[-1,-29],[59,-82],[-14,-48],[-24,-19],[-36,-8],[-15,17],[-9,45],[-58,58],[-26,43],[2,12],[63,28],[11,21],[-89,107],[-10,27],[3,29],[25,31],[16,43],[3,31],[-73,47],[-25,1],[-133,-100],[-119,9],[-5,24],[62,89],[42,121],[-124,20],[-35,20],[-68,111],[55,38],[20,59],[-94,48],[-70,58],[-18,83],[-45,59],[-62,36],[-19,32],[-47,28],[-21,26],[-5,61],[-90,23],[-16,-26],[-38,4],[-18,-7],[-33,-42],[-27,-2],[-60,16],[-27,-7],[-27,-25],[-39,-2],[-12,9],[-5,25],[-37,35],[-141,29],[-122,51],[-52,52],[-38,24],[-22,34],[-56,1],[-28,11],[-6,37],[-15,15],[-92,38],[-120,19],[-104,90],[-6,17],[11,22],[-55,43],[-18,84],[-33,12],[-19,-13],[19,-38],[-20,-77],[-24,-44],[-30,-6],[-15,11],[-14,45],[-19,15],[-170,3],[5,64],[-38,40],[-125,31],[-57,-9],[-19,-39],[16,-59],[-28,-47],[53,-62],[-16,-5],[-60,26],[-24,-7],[-34,-27],[26,-36],[-22,-41],[-36,-24],[-24,-4],[-38,15],[-55,7],[-92,87],[4,94],[56,71],[-14,30],[-30,-2],[-58,-38],[-27,14],[-67,-8],[-32,36],[-143,-25],[-8,-17],[43,-11],[17,-30],[-6,-26],[-26,-5],[-22,-21],[-3,-41],[-15,-16],[-24,44],[-48,-3],[-30,25],[-74,8],[-39,18],[-7,-18],[48,-9],[12,-12],[7,-86],[-41,-2],[-90,23],[-18,-29],[-1,-41],[15,-22],[-2,-29],[11,-22],[129,-71],[-5,-25],[-10,-14],[-52,1],[-14,21],[-30,16],[-20,-30],[-45,-16],[-41,7],[-16,-19],[4,-11],[32,-8],[20,-31],[43,-18],[-17,-54],[-16,-3],[-40,15],[-28,-9],[4,-43],[10,-4],[17,20],[43,10],[83,-15],[7,-69],[-11,-14],[27,-82],[-17,-7],[-94,60],[-36,-27],[11,-35],[35,29],[49,-27],[-9,-12],[-37,-3],[-18,-15],[44,-46],[6,-22],[-44,10],[-15,-29],[-39,20],[-22,-3],[-69,-70],[-12,0],[0,32],[-21,4],[-59,-54],[-50,11],[-11,32],[-35,-21],[-30,20],[-36,-4],[-5,-32],[30,-44],[-18,-17],[-35,-84],[-32,8],[16,-21],[-32,-18],[-11,1],[-12,26],[-48,1],[11,-26],[-19,-26],[-7,-39],[-27,-38],[-10,0],[-6,17],[-18,-1],[-24,-24],[-26,4],[-9,-25],[-30,5],[-33,-8],[-7,33],[-9,4],[-23,-18],[19,-16],[1,-22],[-27,-15],[-31,17],[-13,-2],[65,-110],[-2,-22],[-27,-5],[-36,-28],[1,25],[34,26],[-2,11],[-34,-13],[-67,9],[3,-27],[32,4],[13,-22],[-35,4],[-4,-14],[18,-9],[-22,-12],[-25,-51],[-23,5],[-16,16],[-30,-8],[10,19],[-29,9],[-23,22],[-17,-9],[10,-16],[-53,-20],[1,-31],[-27,-35],[-12,3],[7,29],[-10,20],[-31,-29],[-29,-4],[4,31],[-13,6],[-38,-20],[-10,-21],[-12,-3],[-12,10],[-24,-7],[-57,-52],[-26,-6],[-27,16],[-14,25],[35,28],[-48,-11],[-12,9],[17,10],[-1,13],[-51,-12],[-17,26],[-54,-3],[-7,18],[-14,-3],[-29,19],[7,32],[-36,-26],[-53,15],[-57,-43],[-25,1],[-34,18],[-1,15],[18,8],[-13,14],[-17,0],[-6,-19],[-15,-6],[1,31],[-12,18],[-59,28],[20,14],[17,-19],[24,4],[-11,29],[3,28],[-18,-17],[-10,7],[3,16],[-26,-15],[-15,15],[-51,-23],[11,54],[-18,20],[-23,10],[-28,-13],[-40,17],[22,28],[-7,10],[-12,-1],[-9,-15],[-18,7],[20,36],[-9,21],[-12,1],[-36,-28],[-12,4],[6,24],[14,0],[42,35],[50,22],[-19,25],[19,-1],[7,9],[-34,23],[13,2],[12,-10],[11,12],[-30,25],[-19,-9],[0,33],[-41,-11],[15,24],[-28,1],[-7,-9],[-20,4],[-55,-19],[-23,9],[-28,37],[-12,-33],[-55,-23],[-14,13],[15,10],[-5,10],[-23,-12],[-1,23],[-20,-8],[-12,16],[-33,5],[-13,16],[-20,-6],[-88,76],[29,15],[-10,22],[25,3],[17,18],[-15,11],[-16,-4],[-9,19],[13,10],[-25,22],[-11,-6],[3,-13],[-33,5],[-8,13],[13,8],[3,28],[-41,-25],[-24,8],[-19,-10],[-8,25],[-94,-6],[5,18],[-19,8],[5,40],[-19,13],[7,32],[-35,-13],[-29,6],[-71,25],[-12,14],[17,0],[4,13],[-39,10],[-11,17],[-3,-19],[-14,-3],[-42,32],[-42,-3],[-15,34],[23,-7],[16,8],[-40,19],[-40,3],[-23,17],[8,7],[-11,12],[13,2],[0,21],[-16,8],[-35,-20],[-9,30],[30,0],[-19,13],[8,12],[15,-19],[13,-2],[-3,19],[12,25],[-6,8],[-11,-14],[-55,32],[5,34],[-30,-16],[-13,9],[-40,-11],[1,22],[-20,-8],[-15,7],[3,8],[22,0],[-2,17],[-23,-9],[-13,12],[-69,11],[-29,38],[23,11],[-9,14],[-75,25],[-45,4],[-10,19],[18,8],[-2,18],[-22,1],[-18,-10],[3,30],[15,-7],[12,6],[-9,52],[12,24],[-9,3],[-14,-13],[-20,17],[-18,0],[-24,-13],[-40,19],[1,38],[-11,-5],[-2,16],[-30,10],[5,35],[-11,3],[-11,-13],[-7,11],[5,10],[21,-4],[-5,39],[35,2],[-3,21],[15,3],[7,-1],[-5,-21],[9,-1],[15,37],[-23,2],[-7,18],[-25,-4],[19,-4],[-2,-10],[-26,4],[-4,13],[16,14],[-16,12],[11,6],[-36,21],[-14,-1],[16,8],[-24,21],[15,-3],[10,18],[35,-3],[-6,9],[15,25],[21,8],[-11,5],[-17,-7],[-2,14],[10,1],[8,24],[23,-3],[4,14],[-21,5],[-15,-8],[7,10],[-7,16],[-22,-10],[-9,34],[11,12],[-24,-6],[4,22],[-18,-10],[-15,20],[-7,-22],[-9,19],[-33,18],[2,23],[12,-10],[7,14],[25,6],[-21,16],[20,4],[7,31],[-8,12],[22,24],[-27,18],[6,21],[-15,8],[-4,41],[-11,-5],[-5,18],[-8,-9],[-15,10],[5,-25],[-20,8],[-4,-22],[-20,14],[-21,-5],[-10,13],[-1,-20],[-14,-5],[-41,21],[-25,0],[-1,15],[14,4],[4,24],[15,12],[-19,7],[5,9],[-9,10],[-10,-2],[2,-10],[-13,4],[-23,28],[11,-4],[23,16],[-17,12],[6,19],[19,6],[-30,6],[0,6],[15,-2],[0,16],[-12,2],[6,8],[-21,13],[-4,16],[-30,2],[7,22],[10,2],[-40,16],[6,15],[16,-1],[-1,9],[-30,-2],[-1,7],[15,-4],[-11,17],[13,4],[-8,22],[-16,-4],[-3,15],[-14,-6],[2,13],[13,-3],[-6,9],[9,15],[-22,1],[12,8],[-40,12],[-1,9],[-33,-3],[-5,18],[21,4],[-8,19],[-25,-10],[7,8],[-24,12],[2,-28],[-35,13],[5,13],[-16,-4],[-6,7],[-10,-17],[-33,3],[7,22],[-14,16],[14,-4],[0,6],[-17,15],[-12,-6],[14,16],[-16,4],[16,11],[-27,0],[-2,21],[-12,4],[4,-9],[-19,-5],[-34,6],[1,7],[-30,-6],[-6,15],[12,-2],[1,11],[-60,-14],[-9,12],[-13,-11],[-13,3],[-21,28],[1,27],[-37,10],[-29,28],[-3,25],[24,72],[-18,23],[0,61],[-39,19],[-18,43],[-33,28],[-124,90],[-19,30],[-2,45],[-18,23],[-60,16],[-45,48],[-47,19],[-32,60],[-13,65],[-16,24],[-27,6],[-6,19],[-40,39],[-28,1],[-85,70],[-6,11],[13,20],[-9,15],[-39,49],[-57,40],[-11,29],[2,48],[-29,19],[-3,16],[32,47],[8,30],[-15,23],[24,28],[-2599,2003],[-4,-8],[-30,6],[-31,16],[-31,-9],[-51,16],[-31,26],[-53,-9],[-54,9],[-56,-23],[-20,14],[-79,-29],[-15,15],[-5,38],[-37,21],[-68,14],[-11,9],[0,19],[-31,7],[-93,-7],[-6,22],[-37,4],[-19,0],[-6,-19],[8,-23],[20,-10],[0,-14],[-11,0],[-17,-35],[-54,-3],[-14,24],[-65,-19],[-53,31],[-34,-7],[-29,7],[-5,12],[-12,0],[-11,28],[-22,0],[-3,-9],[-39,25],[-133,134],[-33,49],[-22,124],[-33,30],[-38,10],[-75,12],[-353,5],[-128,15],[-258,-15],[-44,13],[-8,16],[-16,-1],[5,11],[-88,82],[-54,-9],[-2,28],[-37,-5],[-23,10],[-8,-17],[-17,-7],[-11,5],[-17,-12],[-57,-7],[-51,14],[-8,24],[-20,-12],[-51,-7],[34,52],[-56,2],[-20,17],[-23,-14],[-31,19],[-56,-17],[-20,-17],[-14,24],[-28,5],[-6,16],[-34,7],[0,10],[-31,14],[-17,0],[3,21],[-23,22],[6,23],[28,0],[11,38],[-8,38],[-20,12],[6,5],[-23,73],[6,19],[-14,14],[-43,-10],[0,-26],[12,-18],[-6,-17],[-40,-2],[-17,-22],[-19,5],[-23,-14],[-22,9],[-15,-21],[-5,-40],[-23,-5],[-34,12],[-73,-52],[5,-5],[-59,-16],[-37,40],[6,5],[-20,63],[-31,15],[-14,-43],[-18,10],[-17,-3],[-9,11],[-46,-23],[-14,12],[-26,3],[-54,-8],[-45,48],[-45,9],[0,50],[-17,0],[0,19],[-14,4],[-28,48],[-14,4],[0,29],[42,23],[9,-14],[28,3],[8,30],[14,5],[0,10],[-17,7],[12,75],[-17,7],[-6,15],[28,14],[-2,33],[-15,19],[-39,0],[0,19],[-40,-5],[-28,21],[-23,3],[-2,-24],[-26,-9],[-5,-17],[-57,-21],[-6,-19],[-14,0],[-14,2],[-5,12],[-29,2],[-5,19],[-57,22],[-5,47],[-60,-19],[-68,24],[-14,-3],[-17,19],[29,2],[22,67],[62,4],[6,71],[-31,14],[3,31],[-34,24],[-45,-3],[-40,15],[0,9],[-39,2],[-46,22],[0,23],[-50,22],[-9,16],[-48,-2],[-11,16],[5,15],[43,23],[8,24],[-107,-2],[-43,-74],[9,-40],[-11,-2],[-86,31],[-5,11],[12,0],[5,14],[-22,38],[-29,5],[0,-19],[-11,0],[6,-12],[-43,-21],[-48,14],[-17,21],[12,3],[31,90],[3,61],[22,45],[-11,26],[59,166],[48,73],[51,2],[25,43],[46,47],[17,33],[-3,26],[13,38],[40,92],[40,62],[54,28],[82,0],[14,50],[-12,16],[6,14],[-11,38],[31,33],[45,113],[-6,95],[15,5],[0,10],[79,0],[11,16],[-25,45],[-29,23],[-20,46],[-96,30],[-33,26],[-12,53],[28,37],[-5,26],[-14,5],[-6,28],[-17,19],[-3,29],[23,7],[34,38],[22,11],[6,19],[45,31],[57,19],[56,40],[-22,57],[9,25],[41,39],[113,54],[6,42],[20,5],[42,-9],[12,-14],[28,61],[22,19],[26,-5],[28,14],[34,104],[48,50],[-28,45],[-34,0],[-11,21],[-68,33],[-62,3],[-6,23],[17,41],[-11,9],[-51,21],[-35,-4],[-61,9],[-3,43],[39,28],[12,33],[24,19],[-19,80],[34,29],[48,68],[-65,12],[-110,0],[0,71],[-8,19],[-14,5],[-15,38],[-31,23],[-28,104],[6,12],[-57,-2],[0,9],[-11,0],[11,45],[-17,31],[12,30],[-40,45],[21,25],[44,23],[3,11],[-23,64],[6,12],[-27,30],[10,55],[-45,45],[0,59],[-127,26],[-43,-14],[-22,5],[-46,-7],[-36,-22],[-76,-18],[-6,-34],[-71,19],[-90,-28],[-37,9],[-45,-28],[-40,0],[-48,38],[-28,38],[3,30],[-23,62],[6,14],[-62,17],[-3,19],[-23,18],[32,69],[-9,17],[-65,52],[-39,-31],[-23,-7],[-4,-11],[-36,-8],[-17,-26],[-45,-5],[-34,-19],[-17,-16],[-8,-33],[-27,-13],[-58,46],[-42,-19],[-34,14],[-17,-5],[-82,10],[-48,-10],[-11,-16],[-96,-41],[-40,-70],[-34,-5],[-5,-19],[-12,0],[-21,-27],[-49,46],[-17,66],[-14,12],[-40,5],[-22,20],[-12,-2]],[[79199,23162],[-16,3],[-10,-8],[-12,-39],[-38,-34],[-7,-18],[40,-40],[3,-36],[37,-65],[20,-12],[18,10],[19,-32],[74,-16],[3,-13],[44,-37],[87,-35],[97,-57],[42,-52],[5,-52],[23,-17],[36,-3],[17,-12],[24,-35],[2,-27],[57,-62],[25,-14],[12,5],[7,-21],[80,-27],[-4,-29],[43,-57],[19,-4],[29,9],[17,-7],[-7,-35],[10,-25],[19,-3],[-5,-16],[19,-19],[9,7],[-2,-17],[11,-4],[-8,-14],[33,-5],[26,-48],[42,-7],[17,-9],[-3,-12],[30,-6],[-3,-10],[16,-9],[15,0],[23,-17],[8,5],[8,-7],[-1,9],[14,-5],[-1,-8],[29,-1],[15,-14],[14,8],[-9,8],[13,4],[-1,15],[13,-8],[16,17],[16,-3],[-4,-11],[15,-7],[23,2],[10,-10],[39,-6],[21,8],[11,-6],[5,8],[14,-6],[6,8],[8,-15],[3,8],[26,-2],[1,10],[20,-10],[14,16],[29,-3],[15,-27],[24,4],[11,-9],[-1,-32],[16,-3],[-6,-9],[9,-16],[13,-2],[4,-27],[20,-22],[3,-24],[-8,-5],[8,-6],[-13,-23],[14,-6],[-1,-9],[20,14],[19,-7],[44,12],[20,-8],[15,6],[65,-50],[67,-15],[-13,-22],[25,-26],[31,-12],[12,10],[28,-17],[14,12],[-7,10],[18,2],[8,-8],[6,9],[6,-12],[-12,-9],[23,3],[-3,-19],[18,1],[29,-37],[10,-1],[-2,11],[15,-2],[27,-25],[11,7],[6,-13],[11,0],[-11,-31],[5,-4],[17,18],[-5,-20],[13,11],[-2,-19],[15,7],[-5,-32],[21,2],[2,-14],[12,16],[-1,-28],[20,17],[6,-14],[-14,-22],[22,-12],[-4,-20],[8,10],[7,-6],[7,-27],[39,1],[-1,-13],[25,-5],[-4,-15],[16,8],[5,-14],[-11,-8],[21,1],[-4,11],[13,10],[5,-31],[12,26],[-1,-37],[21,8],[15,-17],[14,7],[-4,11],[12,0],[-2,-18],[15,-19],[20,23],[10,-26],[14,8],[23,-3],[-2,16],[23,4],[-7,-26],[29,8],[-22,-18],[17,-3],[-6,-11],[18,20],[56,-29],[-16,-7],[3,-6],[33,15],[-10,-18],[19,-7],[1,-13],[25,18],[11,-13],[2,16],[4,-19],[19,2],[5,-8],[6,13],[19,-6],[-1,14],[10,-15],[-10,-6],[14,-13],[15,21],[6,-16],[21,-7],[-1,-10],[19,10],[-3,-19],[19,-3],[0,-11],[22,2],[14,-11],[12,3],[5,-15],[20,0],[-13,-13],[4,-26],[25,-4],[-23,-8],[15,-12],[0,-14],[11,12],[19,-9],[6,12],[11,-29],[15,14],[-3,12],[19,-18],[28,2],[-12,-14],[25,-5],[-8,-15],[15,15],[22,-4],[-10,15],[19,-6],[9,-16],[15,8],[-3,-16],[18,7],[1,11],[24,-14],[-21,-13],[31,-14],[-20,-4],[20,-15],[-18,-2],[7,-13],[-14,-3],[19,-21],[-14,4],[-8,-15],[-12,4],[6,-15],[-18,-4],[18,-13],[-20,-8],[22,-1],[-18,-26],[14,-14],[-14,-20],[21,-5],[1,-15],[14,1],[8,-15],[16,1],[0,12],[10,-3],[4,-10],[-15,-9],[20,1],[27,-17],[-32,-15],[11,-11],[24,8],[-10,-21],[18,-4],[-1,-12],[7,20],[10,1],[15,-20],[-28,-20],[28,3],[-3,-18],[10,-1],[-9,-25],[-24,-4],[13,-50],[-22,-15],[19,-5],[1,-8],[-40,-56],[-21,-3],[2,-32],[16,-6],[17,6],[6,-18],[20,0],[11,-17],[31,-3],[-13,-26],[33,-17],[20,-24],[-5,-10],[-20,-2],[0,-10],[33,-6],[26,26],[29,-19],[12,-24],[18,-1],[-30,-14],[11,-13],[-4,-10],[-23,5],[8,-15],[23,-16],[25,14],[38,-34],[-26,-35],[-30,2],[-20,-26],[8,-15],[-24,-2],[11,-12],[-2,-26],[-22,-16],[10,-8],[18,8],[0,-10],[-16,-6],[-41,11],[11,-35],[24,9],[5,-10],[-20,-17],[-1,-14],[-23,12],[-18,-6],[17,-54],[-42,-6],[-18,-29],[-25,12],[1,-16],[20,-10],[-8,-12],[-16,4],[-11,21],[-14,-3],[-1,-22],[26,-9],[-11,-13],[-37,-4],[4,-14],[23,5],[5,-7],[-28,-14],[15,-17],[-22,-21],[9,-25],[-30,19],[-18,-15],[8,-11],[29,-7],[-15,-32],[-22,-4],[-3,22],[-12,3],[-36,-11],[38,-29],[19,-2],[-3,-12],[-59,-5],[-14,-27],[-11,3],[-6,23],[-15,-7],[10,-27],[-14,-11],[3,-8],[17,-4],[28,10],[7,-8],[-64,-46],[8,-11],[17,1],[23,25],[23,-17],[-10,-20],[8,-26],[-30,-11],[8,-10],[20,1],[17,16],[14,-2],[6,-12],[12,2],[5,15],[11,-5],[-5,-16],[-23,-4],[4,-25],[-16,-14],[35,-12],[7,-18],[10,18],[10,0],[1,-23],[20,-8],[-18,-13],[1,-13],[17,-16],[16,14],[6,-13],[-10,-21],[-25,9],[1,-11],[9,-7],[38,4],[11,14],[22,-8],[25,13],[-3,-28],[17,-11],[-34,-5],[17,-27],[23,-4],[-1,-34],[29,10],[2,-11],[-16,-5],[20,-9],[12,26],[13,-1],[-5,-61],[42,1],[-6,28],[37,-13],[-3,-23],[45,-44],[-27,-46],[-33,-27],[-42,-6],[-1,-34],[20,-8],[16,-27],[22,-14],[50,14],[14,-41],[44,4],[-5,-30],[28,-28],[19,-1],[12,19],[14,-1],[5,-28],[16,-20],[10,9],[-5,36],[11,1],[16,-16],[-2,-32],[39,-9],[-5,-29],[-28,15],[-11,-13],[14,-11],[45,2],[-46,-22],[52,-39],[1,-10],[-19,-16],[24,-11],[-33,-18],[-22,10],[-9,-5],[29,-21],[43,-3],[-14,-19],[-50,10],[-33,-21],[8,-12],[31,6],[16,-19],[-18,-17],[0,-30],[5,-12],[34,-13],[-32,-18],[30,-13],[33,14],[9,-13],[-5,-27],[18,-6],[20,3],[8,27],[11,-2],[-2,-40],[19,-8],[-6,-21],[37,0],[44,-27],[-25,-19],[4,-10],[24,6],[15,24],[14,-1],[6,-16],[-10,-32],[16,3],[14,24],[13,1],[39,-24],[-2,-18],[28,-7],[6,-14],[31,6],[16,-43],[43,-12],[-17,-29],[4,-43],[-22,-6],[20,-34],[34,-4],[2,-32],[32,18],[22,-34],[13,-2],[73,37],[27,-44],[-10,-26],[8,-7],[20,5],[17,19],[30,-17],[29,28],[17,-7],[-5,-38],[-19,-11],[-18,0],[-32,21],[-21,-12],[-1,-18],[15,-10],[20,-4],[26,11],[20,-3],[2,-8],[-22,-14],[-19,3],[-26,-10],[-33,5],[-1,-13],[24,-15],[-10,-14],[-40,-8],[12,-29],[-17,0],[-23,35],[-15,-4],[17,-62],[37,-1],[17,-12],[18,4],[-15,-24],[12,-8],[23,35],[1,-47],[30,-18],[29,20],[11,-4],[-1,-13],[-28,-16],[-19,-37],[0,-32],[-33,1],[25,-32],[45,-8],[2,-7],[-25,-18],[-19,4],[-30,28],[-14,-6],[-1,-11],[-130,-7],[-71,-39],[-55,-89],[19,-97],[56,-91],[-8,-67],[-9,-20],[-40,-23],[-103,4],[-29,-16],[-11,-18],[11,-23],[80,-20],[39,-29],[26,-42],[7,-39],[1,-64],[-19,-59],[-40,-46],[-53,-33],[-60,-18],[-103,-3],[-37,12],[-124,98],[-66,35],[-69,4],[-15,-26],[-29,16],[-34,-10],[-27,8],[-31,45],[-8,48],[-38,59],[-16,69],[-43,30],[-56,18],[-36,-14],[-109,-82],[-53,-13],[-59,1],[-37,-32],[-6,-38],[18,-100],[-6,-58],[-13,-45],[-42,-54],[-35,-22],[-36,-8],[-87,17],[-53,49],[-39,93],[-6,62],[24,221],[-21,162],[8,20],[20,10],[51,5],[32,-11],[27,2],[18,-64],[24,-30],[14,-2],[28,37],[-13,71],[-60,61],[-147,115],[-114,158],[-49,46],[-130,52],[-51,-8],[-25,-16],[-18,2],[-22,16],[-27,50],[-31,18],[-56,-29],[-99,-23],[-16,-24],[33,-24],[34,-104],[47,-54],[33,-20],[88,-2],[36,-25],[5,-26],[-10,-25],[-32,-29],[-34,-12],[-76,-8],[-62,10],[-98,40],[-32,25],[-53,66],[-150,219],[-48,38],[-57,6],[-91,-13],[-66,-49],[-46,-74],[-45,-104],[-16,-20],[-46,-27],[-96,-17],[-137,3],[-198,-92],[-84,0],[-61,21],[-30,22],[-31,42],[-11,45],[5,34],[71,100],[58,43],[56,21],[16,32],[-6,55],[-86,102],[-4,34],[12,33],[220,120],[36,-1],[32,-31],[24,-10],[22,8],[17,24],[-6,24],[-40,41],[-201,93],[-35,-1],[-29,-20],[-30,-39],[-12,-36],[-33,-24],[-189,-47],[-73,-1],[-56,28],[-16,34],[1,22],[48,62],[-2,30],[-54,41],[-81,3],[-23,-15],[-13,-41],[26,-119],[-7,-23],[-39,-32],[-68,-15],[-32,5],[-57,35],[-79,103],[-68,45],[-48,5],[-66,-14],[-73,-23],[-38,-22],[-97,-81],[-108,-116],[-18,-47],[14,-54],[32,-45],[45,-20],[40,4],[74,46],[34,10],[51,3],[71,-15],[41,-42],[15,-64],[-3,-37],[-69,-86],[-167,-146],[-23,-39],[-26,-90],[-37,-45],[-73,-33],[-88,-10],[-115,19],[-53,43],[-21,44],[15,104],[-10,30],[-34,13],[-112,3],[-117,36],[-41,30],[-34,55],[-2,64],[20,40],[52,50],[112,74],[41,110],[-20,34],[-48,17],[-71,-5],[-34,-13],[-45,-52],[-37,-114],[-39,-30],[-50,-11],[-72,9],[-82,34],[-114,86],[-128,131],[-22,52],[2,46],[32,70],[40,56],[61,18],[115,-37],[64,10],[32,38],[19,98],[12,19],[63,38],[115,48],[21,26],[4,33],[-20,33],[-75,54],[-58,71],[-53,94],[-49,51],[-136,71],[-72,57],[-52,108],[16,143],[32,71],[28,23],[53,19],[101,-14],[46,3],[42,21],[11,22],[-5,46],[-72,71],[-13,51],[10,76],[44,88],[11,48],[-13,45],[-44,64],[31,42],[7,39],[3,74],[-38,53],[28,81],[-40,41],[-22,90],[-111,118],[-82,13],[-40,-16],[-21,-41],[15,-60],[-5,-40],[-19,-21],[-37,-16],[-45,14],[-54,41],[-13,48],[8,68],[34,60],[174,197],[74,51],[103,32],[43,23],[50,43],[68,107],[26,14],[60,-4],[70,-19],[80,-37],[45,20],[17,22],[9,46],[-10,32],[-74,94],[-77,25],[-122,-57],[-20,-1],[-33,8],[-43,63],[117,34],[-2,18],[-37,15],[-13,25],[61,5],[-9,47],[35,33],[47,3],[1,49],[29,3],[17,-25],[32,14],[77,2],[-1,17],[-28,25],[1,10],[43,13],[15,33],[-3,26],[33,3],[7,8],[-22,16],[-68,-17],[-26,3],[-17,11],[-28,50],[-26,3],[-21,-20],[-6,-51],[-24,-8],[-47,-47],[-7,7],[8,21],[-33,13],[-28,-23],[-43,1],[-14,8],[2,13],[30,14],[-15,8],[-48,0],[-6,27],[-27,32],[35,27],[-2,-43],[16,-5],[39,47],[-4,10],[-26,8],[3,12],[82,-7],[33,33],[2,10],[-37,47],[1,7],[25,-7],[13,8],[-27,31],[1,38],[-23,20],[10,24],[12,9],[53,-5],[42,10],[64,-17],[15,-30],[-30,-82],[18,-22],[27,-9],[68,42],[104,-2],[-32,52],[28,33],[34,0],[10,14],[14,-2],[-5,13],[77,20],[40,-32],[18,12],[26,-10],[-1,13],[22,-2],[6,16],[20,-2],[14,16],[15,-3],[13,18],[16,0],[30,22],[12,28],[19,7],[10,27],[-48,81],[6,36],[-32,27],[8,26],[-10,22],[-37,11],[-34,32],[-138,5],[-37,12],[-58,46],[15,41],[27,21],[11,31],[83,-6],[16,7],[16,-8],[64,-2],[29,18],[47,54],[65,-8],[22,34],[31,3],[31,-9],[37,30],[27,7],[5,18],[25,17],[0,41],[16,11],[5,30],[37,43],[-1,18],[-29,38],[7,62],[57,22],[83,65],[30,11],[48,50],[133,50],[27,-40],[-33,-30],[8,-18],[-24,-38],[-6,-38],[-15,-12]],[[97532,38207],[83,-23],[54,-81],[73,-42],[33,-56],[60,-36],[15,-23],[5,-54],[33,-44],[57,-16],[43,-35],[33,-14],[80,4],[38,-11],[44,-49],[90,-63],[120,-57],[45,-46],[15,-57],[66,-79],[108,-99],[7,-48],[-39,-43],[-33,-58],[-114,-75],[-26,-39],[-7,-51],[26,-33],[4,-41],[-13,-68],[-31,-28],[-10,-54],[132,-176],[4,-56],[44,-91],[11,-68],[21,-44],[105,-151],[64,-60],[29,-43],[52,-36],[42,-5],[133,65],[43,0],[42,-14],[51,-87],[16,-68],[-2,-76],[46,-115],[14,-120],[-62,-93],[-13,-36],[-44,-47],[-10,-90],[-33,-53],[-14,-110],[62,-11],[46,-51],[24,-43],[81,-40],[50,-61],[52,-8],[45,-47],[-2,-18],[33,-40],[32,-70],[14,-86],[79,-189],[78,-81],[-15,-207],[35,-138],[21,-30],[55,-44],[46,-73],[10,-102],[70,-76],[46,-111],[24,-30],[19,-68],[28,-22],[-7,-31],[11,-58],[-28,-15],[-53,-8],[-20,12],[-73,9],[-6,-12],[-31,-15],[-118,-34],[-75,2],[-39,-14],[-62,11],[-110,-56],[-99,-21],[-40,-71],[-35,-16],[-30,0],[-34,-25],[-61,-10],[-17,-18],[-38,-16],[-29,-39],[-46,-16],[-29,-27],[10,58],[18,18],[-13,15],[8,12],[-7,38],[29,-3],[18,19],[-8,35],[19,34],[-31,66],[24,33],[-32,25],[2,38],[20,21],[-2,15],[-16,11],[48,19],[9,21],[-24,34],[-16,0],[-34,23],[-23,52],[19,23],[-13,27],[-24,5],[9,12],[-20,16],[-10,55],[67,-2],[0,82],[-20,0],[9,25],[-35,26],[1,13],[23,37],[56,32],[44,44],[-26,30],[-30,9],[13,67],[-18,19],[-11,-19],[-30,17],[-28,-13],[-23,27],[-16,-21],[-28,-8],[-20,9],[-24,22],[17,27],[-13,28],[18,14],[26,-1],[22,-28],[8,30],[0,14],[-35,43],[2,24],[-14,-11],[-28,26],[-45,-6],[-28,39],[11,28],[-17,19],[-19,5],[-32,-15],[-48,44],[-66,0],[-5,39],[-61,5],[-28,70],[21,9],[-19,41],[1,14],[22,20],[-46,38],[1,23],[11,0],[7,24],[-24,5],[-20,60],[14,18],[-20,16],[-26,-8],[-17,-24],[-80,-9],[-14,0],[-8,34],[-25,-12],[-15,7],[-79,-5],[-27,-12],[-83,60],[1,-42],[-12,-26],[-38,-9],[-7,-24],[-70,-30],[-62,2],[1,29],[-15,-1],[-25,48],[-17,11],[15,12],[-16,6],[-11,39],[-22,12],[-18,35],[1,25],[-24,-1],[-17,15],[-17,44],[26,20],[-39,38],[2,37],[-29,39],[-4,37],[-47,6],[-7,13],[-36,14],[-10,72],[7,32],[18,13],[0,19],[-18,10],[1,10],[34,38],[7,43],[-20,8],[-31,-17],[-35,22],[-28,71],[27,15],[0,13],[-26,19],[15,18],[-1,15],[18,4],[11,34],[18,19],[-6,59],[23,30],[34,20],[-23,6],[-13,20],[-46,-14],[-12,32],[-20,11],[7,16],[-9,21],[14,11],[0,46],[-12,26],[14,11],[26,-11],[13,11],[18,-8],[-11,27],[9,46],[34,5],[12,6],[-1,14],[23,6],[-1,16],[30,16],[0,25],[30,12],[15,46],[-23,13],[0,44],[-24,19],[-23,-1],[-90,40],[-24,-22],[-21,7],[-28,-8],[-6,44],[25,22],[-19,33],[-39,6],[-27,21],[29,25],[-10,15],[18,15],[8,27],[-26,16],[0,32],[-52,26],[-31,0],[-31,14],[-62,54],[-7,-20],[-26,24],[-10,-1],[-12,-21],[-42,-22],[-18,0],[-25,23],[-16,-29],[8,-13],[-12,-9],[-6,-49],[-28,-14],[-14,-37],[25,-21],[26,-5],[9,-28],[-22,-1],[-18,16],[-28,-15],[-29,19],[-51,-1],[-29,25],[-22,-12],[17,-27],[-1,-35],[-27,-33],[10,-23],[-24,-24],[-6,-30],[-87,11],[-3,-13],[-94,-12],[-48,-42],[-41,29],[-136,1],[-18,-20],[-22,9],[-31,-35],[-58,18],[-9,-31],[-26,-17],[-38,16],[-71,-24],[-36,11],[-15,33],[-42,10],[-15,19],[-31,-5],[-10,10],[-47,-43],[-5,-63],[-24,-18],[1,-25],[-14,-5],[8,-43],[10,-8],[-20,-8],[-1,-22],[45,-37],[-12,-22],[10,-26],[42,-18],[-30,-54],[-41,-17],[-9,-14],[1,-33],[-12,-5],[1,-18],[-22,-20],[-46,9],[38,-45],[-14,-22],[-30,0],[-7,-67],[-18,-23],[1,-30],[-39,-24],[-37,19],[-37,-33],[-43,19],[-21,-21],[26,-20],[-49,-14],[8,-33],[18,-21],[-60,-40],[-6,-39],[-34,-4],[-13,-24],[-27,-5],[-6,-26],[-64,-37],[-33,24],[-7,20],[-27,-1],[-61,63],[55,21],[14,19],[4,68],[-24,96],[61,87],[-25,17],[6,17],[-11,73],[14,10],[1,21],[22,8],[3,13],[-27,19],[16,4],[-2,17],[38,34],[-1,65],[46,83],[-6,34],[16,8],[4,29],[40,15],[15,51],[-9,16],[19,25],[-9,16],[-36,19],[16,56],[-8,38],[26,48],[56,21],[30,22],[11,29],[39,43],[0,22],[13,6],[4,59],[-4,19],[-20,12],[19,30],[-9,21],[-24,36],[-40,29],[4,21],[-34,37],[-54,22],[-13,14],[-26,4],[-49,57],[-19,-8],[-11,14],[-48,17],[-45,-2],[-31,41],[-59,8],[-57,56],[-15,-5],[-3,16],[-22,20],[4,30],[29,7],[-1,20],[-13,14],[7,25],[40,-16],[43,34],[-6,38],[42,-11],[-2,19],[25,21],[-8,12],[-29,-6],[-13,6],[3,27],[27,-12],[34,20],[-13,17],[16,13],[-9,23],[17,25],[-16,35],[8,82],[-25,4],[-20,20],[28,15],[-5,34],[30,24],[34,1],[3,32],[24,17],[6,24],[34,5],[17,17],[-37,17],[25,26],[-42,4],[7,27],[-22,21],[10,61],[-25,105],[40,13],[17,19],[33,4],[42,19],[10,-6],[-29,-31],[21,-1],[17,23],[22,-12],[12,-27],[78,66],[15,-3],[-2,-30],[16,-7],[9,0],[3,20],[19,18],[34,-4],[47,-57],[84,-36],[42,-8],[16,-18],[49,8],[15,-13],[69,-22],[64,-42],[18,-22],[30,-2],[16,13],[6,23],[51,27],[49,127],[37,-8],[60,12],[55,35],[34,-1],[57,-6],[44,-37],[65,-27],[82,-8],[26,16],[41,4],[170,96],[66,-1],[55,26],[59,3],[36,17],[41,-7],[9,23],[43,21],[23,-4],[22,13],[40,-4],[6,13],[57,7],[8,12],[43,12],[57,-1]],[[58864,50872],[44,57],[8,24],[-5,42],[-52,57],[-7,33],[-39,28],[-2,25],[-26,45],[-32,9],[-22,19],[15,35],[-53,43],[41,90],[18,7],[6,64],[16,33],[35,31],[-6,32],[66,34],[8,21],[-9,29],[43,16],[28,31],[-3,69],[-41,75],[-7,109],[43,82],[25,8],[-14,28],[14,14],[6,54],[19,20],[-1,23],[16,5],[27,38],[-9,66],[47,34],[14,37],[20,13],[-9,26],[23,6],[39,-30],[42,-2],[50,-52],[57,-7],[63,-35],[28,-33],[36,32],[0,31],[12,18],[75,45],[2,37],[27,35],[93,76],[64,20],[25,18],[0,20],[-30,47],[16,35],[165,115],[-14,59],[0,95],[-18,42],[-27,4],[-75,-25],[-33,4],[-50,45],[-10,38],[-36,35],[-50,16],[-55,49],[-32,11],[-13,-6],[-6,23],[-16,3],[-8,26],[-30,27],[-2,22],[17,19],[54,13],[19,23],[-11,19],[27,9],[29,57],[24,6],[13,33],[-8,12],[4,35],[19,12],[1,17],[43,24],[17,26]],[[59646,53527],[54,17],[21,18],[20,28],[3,45],[32,28],[46,91],[90,83],[18,30],[0,51],[23,43],[2,28],[-14,19],[-41,20],[-6,16],[36,69],[52,50],[-11,24],[7,32],[-8,33],[51,88],[24,14],[-42,0],[-9,12],[1,38],[21,25],[47,-33],[63,-27],[-3,-68],[78,7],[33,48],[34,22],[25,54],[52,18],[34,-3],[58,22],[58,45],[-21,17],[9,24],[20,8],[38,42],[52,11],[-5,83],[8,30],[86,122],[31,12],[9,18],[48,38],[88,40],[58,62],[39,16],[52,3],[55,53],[11,39],[23,-9],[25,4],[22,-13],[23,2],[15,-23],[23,-7],[-8,-71],[17,-38],[-18,-14],[6,-26],[13,-4],[14,-39],[27,-17],[21,0],[11,-16],[59,28],[10,20],[44,20],[80,-55],[-2,-33],[88,-21],[88,-42],[131,-19],[35,31],[45,18],[54,-19],[30,6],[45,-23],[6,-28],[-31,-22],[5,-30],[-10,-26],[-15,-5],[2,-22],[-18,-5],[1,-8],[37,-33],[-1,-20],[12,-15],[16,-1],[9,-15],[14,4],[20,-10],[82,47],[6,17],[56,26],[41,33],[69,22],[65,39],[58,76],[69,41],[74,21],[36,35],[49,87],[31,120],[90,65],[42,16],[73,75],[24,8],[21,21],[74,30],[-14,8],[25,61],[25,12],[9,22],[53,44],[4,16],[13,-9],[0,53],[26,10],[-7,20],[32,21],[34,7],[20,-10],[6,21],[20,-9],[16,21],[29,-9],[18,11],[29,-26],[33,-12],[25,-22],[8,-33],[48,-54],[-3,-33],[45,-24],[19,-31],[30,-4],[10,-25],[20,-11],[6,-23],[31,-8],[34,-23],[9,-30],[45,-21],[11,-16],[66,-20],[71,5],[42,26],[71,19],[38,51],[-4,217],[73,122],[-3,68],[-24,47],[0,30],[11,31],[113,93],[55,65],[-20,52],[-52,71],[8,40],[22,8],[78,-7],[90,22],[108,3],[43,33],[2,21],[-13,-3],[-8,9],[7,12],[-20,-3],[-62,48],[-13,-10],[-34,9],[-15,-13],[-32,0],[-5,14],[19,18],[-3,28],[-58,45],[-2,17],[-32,25],[-5,27],[-25,12],[3,12],[-28,38],[3,12],[-31,3],[-4,-7],[-18,16],[19,28],[-19,11],[4,28],[-32,33],[5,6],[-30,2],[-8,-8],[-3,9],[-24,2],[-14,18],[-34,5],[-23,21],[4,30],[24,24],[-11,26],[-46,38],[-17,3],[17,19],[-7,25],[16,12],[-28,20],[-59,18],[-60,-15],[-39,27],[-3,26],[-114,15],[-21,35],[-104,-5],[-46,9],[-70,32],[-56,6],[-16,43],[-48,58],[-31,2],[-105,36],[-51,-4],[-39,33],[-162,14],[-22,-22],[-8,5],[12,66],[58,64],[15,45],[29,22],[21,-3],[22,20],[31,8],[12,21],[45,30],[55,19],[22,26],[49,-23],[111,13],[57,-11],[57,-30],[65,12],[47,-17],[124,-15],[27,-11],[24,14],[35,55],[8,41],[-13,11],[-3,37],[24,43],[1,59],[-30,19],[-16,25],[-27,4],[-19,27],[-14,31],[16,33],[-29,34],[4,71],[19,16],[-4,35],[-13,14],[12,52],[-46,33],[-17,46],[-42,54],[-43,18],[-24,35],[-1,28],[23,40],[62,-1],[213,137],[8,39],[16,17],[-23,19],[1,41],[-254,-72],[-54,7],[-59,89],[40,35],[37,4],[-79,60],[-55,20],[-36,57],[5,25],[25,27],[31,-2],[21,9],[5,14],[-10,11],[24,22],[2,34],[-85,77],[-45,-1],[4,152],[-32,-3],[-40,14],[-41,-15],[-28,0],[-26,-20],[-12,12],[9,19],[36,11],[39,52],[1,15],[26,24],[27,66],[4,103],[29,37],[44,97],[-7,12],[-27,8],[-28,40],[1,15],[42,48],[75,60],[19,56],[19,24],[7,23],[-9,10],[15,34],[57,42],[61,97],[105,10]],[[63705,60002],[-50,-21],[-5,-31],[-14,-2],[-24,-26],[-1,-64],[-28,-6],[-39,-26],[-30,-42],[22,-49],[6,-44],[22,-27],[-8,-25],[-14,-9],[4,-22],[-12,-24],[14,-52],[101,-107],[-5,-14],[22,-34],[3,-53],[40,-31],[57,3],[22,-10],[22,-22],[-16,-15],[5,-17],[37,0],[17,-14],[42,-1],[39,-13],[77,0],[47,-28],[11,-17],[-13,-15],[-4,-32],[35,-70],[-8,-18],[-15,0],[-21,-18],[-3,-38],[50,-23],[28,-36],[-11,-10],[15,-36],[-9,-26],[9,-23],[21,-9],[9,-19],[77,-50],[28,0],[51,-31],[37,-4],[36,-23],[32,0],[56,-38],[87,-8],[122,-37],[14,-14],[13,0],[28,-34],[6,5],[31,-14],[13,-21],[18,0],[93,-50],[126,-43],[16,6],[31,-10],[79,9],[40,26],[55,17],[78,75],[56,32],[16,26],[64,50],[20,28],[116,26],[58,25],[104,-5],[176,51],[149,107],[168,93],[61,21],[114,8],[202,-58],[195,-6],[112,17],[64,23],[65,33],[89,74],[29,11],[230,13],[46,17],[60,7],[200,-14],[72,13],[170,-6],[38,8],[82,-18],[56,0],[22,9],[82,-8],[72,44],[29,-5],[7,24],[34,-2],[7,20],[26,15],[-6,47],[18,31],[44,9],[-18,26],[8,7],[22,-1],[19,-23],[36,1],[35,24],[49,-12],[18,-12],[8,-20],[-19,-42],[4,-20],[25,-8],[76,18],[33,-3],[20,-12],[31,-51],[41,-38],[31,-15],[30,6],[5,12],[-7,26],[-34,39],[9,24],[19,10],[34,0],[24,-26],[8,-37],[25,-19],[30,0],[19,13],[-19,42],[13,30],[36,2],[54,-15],[34,14],[-3,18],[-34,38],[23,20],[20,-7],[12,-39],[40,-37],[76,-30],[6,-27],[18,-19],[42,13],[15,70],[31,24],[27,-14],[11,-54],[27,-18],[56,21],[15,22],[41,18],[61,-3],[11,43],[20,20],[21,-2],[68,-47],[30,5],[13,37],[-8,46],[-74,70],[-1,16],[11,7],[30,-2],[42,-29],[18,-2],[47,-65],[44,-20],[18,-1],[13,10],[-8,69],[8,21],[19,5],[63,-7],[59,-31],[28,5],[44,25],[33,-4],[9,-27],[-14,-48],[23,-17],[13,3],[4,34],[20,20],[52,-37],[69,8],[32,-7],[39,24],[6,57],[81,7],[-7,69],[111,-17],[33,17],[58,70],[34,17],[82,18],[45,-5],[26,-25],[-6,-44],[29,-1],[3,82],[20,48],[18,2],[58,-25],[16,-34],[21,-15],[60,-21],[42,-27],[21,0],[9,11],[-21,42],[15,32],[37,23],[47,4],[28,20],[-9,15],[-47,12],[-8,13],[12,16],[32,10],[62,-31],[25,-35],[62,-13],[51,-36],[47,20],[70,-38],[76,-14],[17,-12],[-4,-35],[10,-8],[87,13],[99,-28],[23,18],[3,51],[34,14],[26,-11],[8,-43],[45,-2],[33,16],[76,64],[29,-6],[55,-59],[41,-22],[33,4],[49,-49],[26,-7],[51,11],[58,-3],[28,-13],[28,5],[12,16],[-24,36],[17,14],[90,-68],[73,-4],[101,-81],[6,-22],[66,-37],[50,11],[38,28],[109,1],[24,-5],[58,-43],[58,-9],[37,27],[55,20],[41,5],[67,-20],[68,24],[43,-36],[83,11],[37,-46],[27,-9],[31,16],[-9,60],[23,25],[89,-18],[58,22],[59,-6],[66,73],[43,0],[34,-34],[27,26],[58,17],[86,-24],[14,-38],[76,5],[9,-16],[-16,-43],[19,-25],[20,-4],[36,18],[47,2],[63,-40],[80,19],[15,-49],[35,-16],[62,47],[30,2],[48,-21],[91,35],[33,-7],[22,-31],[26,-4],[51,32],[157,28],[65,28],[30,-10],[29,-38],[38,40],[17,5],[41,-9],[47,36],[47,-19],[16,2],[23,29],[74,-20],[15,10],[29,54],[24,-7],[6,-37],[29,-13],[23,4],[41,31],[24,4],[14,-8],[5,-33],[24,-8],[57,44],[28,-3],[35,-29],[6,-38],[17,-18],[89,24],[42,37],[79,46],[57,6],[29,-8],[26,8],[29,35],[3,37],[12,13],[113,9],[76,40],[44,12],[24,-6],[56,20],[18,15],[-3,15],[-27,22],[1,16],[13,9],[67,-3],[45,14],[53,-14],[98,9],[65,53],[48,-19],[51,22],[77,-38],[96,-1],[20,-11],[69,-5],[44,-31],[-7,-47],[84,6],[-6,36],[13,7],[68,-57],[21,10],[16,26],[22,8],[131,-66],[37,12],[21,38],[57,23],[62,6],[45,-9],[24,33],[46,-23],[37,28],[99,-30],[27,10],[40,35],[30,-12],[60,-61],[68,-21],[47,35],[26,70],[67,-2],[22,-28],[-31,-30],[12,-68],[36,-38],[92,13],[80,-41],[20,-49],[5,-85],[33,-40],[125,4],[106,-90],[86,-29],[28,-19],[1,-104],[16,-28],[47,-7],[77,11],[26,-17],[-3,-20],[-32,-23],[-73,-11],[-39,-19],[-10,-42],[30,-26],[48,-18],[63,-2],[54,36],[25,1],[152,-70],[33,-3],[42,29],[16,57],[28,11],[31,-8],[21,-34],[-30,-86],[11,-39],[77,-16],[46,14],[55,37],[73,-4],[58,-42],[60,-112],[79,-41],[55,-13],[72,-44],[2,-38],[-25,-44],[-2,-58],[25,-29],[14,-38],[43,-40],[33,-22],[131,-49],[216,-1]],[[80671,58277],[-49,-54],[-33,-188],[-43,-81],[-80,-57],[-46,-11],[-36,3],[-29,-15],[-54,-104],[-70,-70],[-14,-59],[-29,-26],[-89,-49],[-28,-30],[-38,-86],[-1,-71],[-16,-38],[-131,-53],[-70,-13],[-38,-30],[-9,-69],[19,-104],[-85,-123],[-220,-227],[-79,-37],[-55,-51],[-43,-7],[-43,-24],[-25,-145],[-63,-97],[-73,-34],[-25,-47],[-52,-13],[-185,-199],[-56,-113],[-54,-11],[-32,-50],[-89,-65],[-88,-51],[-45,-11],[-88,28],[-79,-27],[-40,22],[-29,1],[-66,-32],[-35,-50],[-40,-30],[-93,-23],[-58,-34],[-59,-10],[-118,-46],[-234,78],[-50,-1],[-66,-17],[-29,11],[-118,-8],[-81,48],[-45,21],[-28,3],[-112,-95],[-33,-11],[-35,-30],[-30,-15],[-74,-6],[-79,-47],[-36,-30],[-13,-66],[-45,0],[-56,-21],[-68,0],[-24,-25],[-108,-56],[-31,-37],[-92,-25],[-58,-38],[-34,-6],[-38,-31],[-60,-91],[-139,-27],[-153,-112],[-45,-13],[-24,-26],[-32,-14],[-10,-40],[-44,-1],[-64,-49],[-24,14],[-28,-19],[-61,-11],[-61,-82],[-57,-50],[-197,-117],[-18,-38],[-92,4],[-81,-56],[-27,-38],[1,-45],[45,-121],[6,-72],[-16,-30],[-60,-55],[-68,-106],[-119,-76],[-60,-20],[-27,-36],[-135,-77],[-119,-109],[-308,-168],[-34,-50],[-20,10],[-24,-19],[-29,0],[-2,-24],[-69,-75],[-44,-28],[-30,-35],[-83,-48],[-26,-25],[-26,-4],[-39,22],[-33,5],[-49,-23],[-51,1],[-62,-18],[-97,-4],[-29,-20],[-26,-3],[-143,-69],[-68,-76],[-1,-52],[-13,-32],[-127,-93],[14,-38],[24,-26],[13,-37],[-4,-21],[-29,-22],[-35,-10],[-65,-51],[12,-48],[-92,-207],[-23,-102],[-49,-5],[-27,-14],[-62,-112],[-65,-61],[-45,-28],[-21,-98],[-105,-107],[-97,-3],[-70,-60],[-68,-7],[-102,-54],[-35,-50],[-163,-40],[-96,-36],[-126,-109],[-70,-26],[-115,-74],[-106,-43],[-185,2],[-244,-105],[-31,5],[-26,19],[-33,-2],[-23,-35],[-61,-26],[-69,-56],[-53,-69],[-28,-20],[-49,5],[-72,-26],[-52,-34],[-189,-33],[-70,32],[-25,-1],[-109,-91],[-156,-99],[-139,-44],[-231,-47],[-72,-33],[-97,-18],[-27,-15],[-36,-55],[-36,-21],[-274,-16],[-88,-24],[-21,-13],[-134,-163],[-44,-20],[-83,-19],[-65,-37],[-45,-45],[-78,-44],[-137,-20],[-96,-54],[-108,-32],[-145,-60],[-100,-61],[-42,-4],[-101,13],[-58,26],[-101,-10],[-67,38],[-79,-1],[-55,-13],[-45,-51],[-41,-98],[-29,-33],[-179,-108],[-120,-155],[-44,-20],[-94,-22],[-64,-43],[-27,-38],[-7,-55],[-16,-35],[-94,-85],[-96,-36],[-37,-58],[-76,-58],[-40,-18],[-6,-62],[-20,-12],[-78,-12],[-30,-78],[-101,-59],[-56,-7],[-191,26],[-54,-12],[-130,-57],[-46,1],[-77,70],[-8,43],[27,18],[5,19],[-19,40],[-57,21],[-107,59],[-153,62],[-95,11],[-75,28],[-116,6],[-21,-13],[-74,-11],[-7,-23],[-36,-13],[-61,-10],[-40,7],[-21,-10],[-79,28],[-96,-5],[-69,17],[-24,-2],[-55,-11],[-64,-85],[-75,-13],[-135,7],[-34,-12],[-35,-29],[-40,-8],[-24,-41],[-17,-89],[-24,-36],[-56,-48],[-24,-8],[-87,17],[-36,-5],[-8,-15],[15,-36],[-11,-23],[-95,-98],[-44,-6],[-40,-21],[-130,-23],[-79,-70],[-34,-13],[-35,1],[-47,19],[-8,17],[23,83],[-4,28],[-18,25],[-66,30],[-62,-20],[-43,-61],[-50,-25],[-11,-41],[-63,-19],[-35,-40],[-81,47],[-39,10],[-57,-1],[-151,65],[-119,5],[-28,23],[-24,48],[-50,15],[-26,-6],[-11,-20],[4,-48],[-13,-28],[-84,-24],[-40,-33],[-10,-36],[32,-49],[3,-24],[-20,-26],[-21,-8],[-49,0],[-87,61],[-73,18],[-116,-42],[-26,-22],[-69,8],[-34,-15],[-108,77],[-120,5],[-58,-10],[-21,-21],[5,-91],[-21,-39],[-25,-8],[-64,23],[-79,5],[-31,20],[-50,59],[-34,17],[-55,2],[3,65],[-18,26],[-62,22],[-84,7],[-46,19],[9,31],[41,31],[0,15],[-30,11],[-28,-18],[-26,-1],[-20,11],[-10,25],[14,20],[44,-14],[26,14],[-2,47],[-36,33],[-58,-1],[-47,21],[-62,9],[-20,16],[8,29],[41,16],[30,25],[10,22],[-6,17],[-34,10],[-80,-19],[-13,14],[-7,55],[-98,35],[-17,19],[14,19],[50,1],[21,13],[5,18],[-12,18],[-33,12],[-47,-20],[-45,22],[-56,-7],[-27,21],[-56,89],[-53,20],[-55,-21],[-12,3],[-23,49],[-28,23],[-132,66],[-7,32],[-25,19],[-5,69],[-79,65],[-54,65],[-32,14],[-51,-3],[-24,10],[-7,61],[-54,78],[-34,11],[-4,16],[17,49],[-80,58],[-23,54],[-18,107],[-35,23],[-29,39],[-40,9],[-46,29],[-46,2],[-40,38],[-29,46],[-67,21],[1,66],[-71,32],[-86,117],[0,20],[-39,45],[-2,27],[-29,15],[-27,62],[9,81],[34,64],[-32,42]]]}