{"type":"Topology","objects":{"data":{"geometries":[{"properties":{"district":"ANTIOQUIA","circuit":"ABEJORRAL","n_municipios":1},"type":"Polygon","arcs":[[-26,-45,-327,-34,-22]],"id":0},{"properties":{"district":"ANTIOQUIA","circuit":"AMAGA","n_municipios":1},"type":"Polygon","arcs":[[-12,-67,-367]],"id":1},{"properties":{"district":"ANTIOQUIA","circuit":"AMALFI","n_municipios":2},"type":"Polygon","arcs":[[-43,-96,94,-94,92,-92,-4,-82,-3,-8]],"id":2},{"properties":{"district":"ANTIOQUIA","circuit":"ANDES","n_municipios":4},"type":"Polygon","arcs":[[-63,-350,-489,-553,-564,-1,-19]],"id":3},{"properties":{"district":"ANTIOQUIA","circuit":"APARTADO","n_municipios":6},"type":"MultiPolygon","arcs":[[[-75,-561,-569,-6,-13]],[[-18,-7,-574,-70,-415]]],"id":4},{"properties":{"district":"ANTIOQUIA","circuit":"BOLIVAR","n_municipios":2},"type":"Polygon","arcs":[[0,-563,-74,-5,-10,-20]],"id":5},{"properties":{"district":"ANTIOQUIA","circuit":"CAUCASIA","n_municipios":4},"type":"Polygon","arcs":[[-81,-16,1,-411,-402,-205,-9,2]],"id":6},{"properties":{"district":"ANTIOQUIA","circuit":"CISNEROS","n_municipios":6},"type":"MultiPolygon","arcs":[[[-25,-23,-28,-375,-59,-89]],[[-91,-58,-83,3]]],"id":7},{"properties":{"district":"ANTIOQUIA","circuit":"CONCORDIA","n_municipios":2},"type":"Polygon","arcs":[[-69,-11,4,-73,-36,-381]],"id":8},{"properties":{"district":"ANTIOQUIA","circuit":"DABEIBA","n_municipios":3},"type":"Polygon","arcs":[[5,-575,6,-17,-51,-38,-14]],"id":9},{"properties":{"district":"ANTIOQUIA","circuit":"EL BAGRE","n_municipios":2},"type":"Polygon","arcs":[[7,8,-204,-215,-44]],"id":10},{"properties":{"district":"ANTIOQUIA","circuit":"FREDONIA","n_municipios":2},"type":"Polygon","arcs":[[-366,-32,-65,-21,9,10,-68,11]],"id":11},{"properties":{"district":"ANTIOQUIA","circuit":"FRONTINO","n_municipios":3},"type":"Polygon","arcs":[[-76,12,13,-37]],"id":12},{"properties":{"district":"ANTIOQUIA","circuit":"ITUANGO","n_municipios":2},"type":"MultiPolygon","arcs":[[[-78,-57,-53,-62]],[[14,15,-80,-61,-52,16,17,-414,-409]]],"id":13},{"properties":{"district":"ANTIOQUIA","circuit":"JERICO","n_municipios":3},"type":"Polygon","arcs":[[-64,18,19,20]],"id":14},{"properties":{"district":"ANTIOQUIA","circuit":"LA CEJA","n_municipios":3},"type":"Polygon","arcs":[[21,-33,-364,-370,-27]],"id":15},{"properties":{"district":"ANTIOQUIA","circuit":"MARINILLA","n_municipios":5},"type":"Polygon","arcs":[[-31,29,-29,22,-24,-40]],"id":16},{"properties":{"district":"ANTIOQUIA","circuit":"PUERTO BERRIO","n_municipios":5},"type":"Polygon","arcs":[[-41,23,24,-88,86,-86,84,-84,-42,-213,-116,-584,-595,-349]],"id":17},{"properties":{"district":"ANTIOQUIA","circuit":"RIONEGRO","n_municipios":6},"type":"Polygon","arcs":[[-39,-46,25,26,-369,-389,387,-387,-376,27,28,29,30]],"id":18},{"properties":{"district":"ANTIOQUIA","circuit":"SAN PEDRO DE LOS MILAGROS","n_municipios":3},"type":"Polygon","arcs":[[-373,-363,-35,-54,-55]],"id":19},{"properties":{"district":"ANTIOQUIA","circuit":"SANTA BARBARA","n_municipios":3},"type":"Polygon","arcs":[[-66,31,-365,32,33,-326]],"id":20},{"properties":{"district":"ANTIOQUIA","circuit":"SANTAFE DE ANTIOQUIA","n_municipios":7},"type":"Polygon","arcs":[[48,-48,34,-362,-394,-382,35,-72,36,37,-50]],"id":21},{"properties":{"district":"ANTIOQUIA","circuit":"SANTUARIO","n_municipios":6},"type":"Polygon","arcs":[[38,39,40,-348,-47]],"id":22},{"properties":{"district":"ANTIOQUIA","circuit":"SEGOVIA","n_municipios":2},"type":"Polygon","arcs":[[41,-97,42,43,-214]],"id":23},{"properties":{"district":"ANTIOQUIA","circuit":"SONSON","n_municipios":3},"type":"Polygon","arcs":[[-343,-328,44,45,46,-347,-330]],"id":24},{"properties":{"district":"ANTIOQUIA","circuit":"SOPETRAN","n_municipios":4},"type":"Polygon","arcs":[[47,48,49,50,51,-60,52,-56,53]],"id":25},{"properties":{"district":"ANTIOQUIA","circuit":"STA ROSA DE OSOS","n_municipios":4},"type":"MultiPolygon","arcs":[[[-374,54,55,56,-77,57,-90,58]],[[59,60,-79,61]]],"id":26},{"properties":{"district":"ANTIOQUIA","circuit":"TAMESIS","n_municipios":3},"type":"Polygon","arcs":[[-351,62,63,64,65,-325]],"id":27},{"properties":{"district":"ANTIOQUIA","circuit":"TITIRIBI","n_municipios":1},"type":"Polygon","arcs":[[66,67,68,-380,-368]],"id":28},{"properties":{"district":"ANTIOQUIA","circuit":"TURBO","n_municipios":5},"type":"Polygon","arcs":[[69,-573,70,-416]],"id":29},{"properties":{"district":"ANTIOQUIA","circuit":"URRAO","n_municipios":1},"type":"Polygon","arcs":[[71,72,73,-562,74,75]],"id":30},{"properties":{"district":"ANTIOQUIA","circuit":"YARUMAL","n_municipios":5},"type":"Polygon","arcs":[[76,77,78,79,80,81,82]],"id":31},{"properties":{"district":"ANTIOQUIA","circuit":"YOLOMBO","n_municipios":3},"type":"Polygon","arcs":[[83,84,85,86,87,88,89,90,91,92,93,94,95,96]],"id":32},{"properties":{"district":"ARAUCA","circuit":"ARAUCA","n_municipios":3},"type":"Polygon","arcs":[[-747,-793,-100,97]],"id":33},{"properties":{"district":"ARAUCA","circuit":"SARAVENA","n_municipios":5},"type":"Polygon","arcs":[[-792,-671,-119,-459,98,99]],"id":34},{"properties":{"district":"ARCH SAN ANDRES","circuit":"SAN ANDRES","n_municipios":2},"type":"MultiPolygon","arcs":[[[100]],[[101]],[[102]],[[103]],[[104]],[[105]]],"id":35},{"properties":{"district":"ARMENIA","circuit":"ARMENIA","n_municipios":7},"type":"Polygon","arcs":[[-138,-131,-129,-495,-309,-304,-107]],"id":36},{"properties":{"district":"ARMENIA","circuit":"CALARCA","n_municipios":5},"type":"Polygon","arcs":[[-139,106,-303]],"id":37},{"properties":{"district":"BARRANQUILLA","circuit":"BARRANQUILLA","n_municipios":6},"type":"Polygon","arcs":[[-200,107,-601,-115,-113,-112,110,-110,-109]],"id":38},{"properties":{"district":"BARRANQUILLA","circuit":"SABANALARGA","n_municipios":11},"type":"Polygon","arcs":[[-201,108,109,110,111,112,-114,-610,-225]],"id":39},{"properties":{"district":"BARRANQUILLA","circuit":"SOLEDAD","n_municipios":6},"type":"Polygon","arcs":[[-611,113,114,-600]],"id":40},{"properties":{"district":"BOGOTA","circuit":"BOGOTA D.C","n_municipios":2},"type":"Polygon","arcs":[[239,-239,237,-237,-736,-740,-445,-253,-270,-252,-283,-242,-255,-241]],"id":41},{"properties":{"district":"BUCARAMANGA","circuit":"BARRANCABERMEJA","n_municipios":4},"type":"Polygon","arcs":[[-597,-585,115,-222,-719,-117,-124,-123,121,-121,-120,-590]],"id":42},{"properties":{"district":"BUCARAMANGA","circuit":"BUCARAMANGA","n_municipios":20},"type":"Polygon","arcs":[[-125,116,-718,-236,-229,-453,-118,-587]],"id":43},{"properties":{"district":"BUCARAMANGA","circuit":"MALAGA","n_municipios":12},"type":"Polygon","arcs":[[-588,117,-460,118,-670,-675]],"id":44},{"properties":{"district":"BUCARAMANGA","circuit":"SAN VICENTE CHUCURI","n_municipios":2},"type":"Polygon","arcs":[[-591,119,120,121,122,123,124,-586]],"id":45},{"properties":{"district":"BUGA","circuit":"BUENAVENTURA","n_municipios":1},"type":"MultiPolygon","arcs":[[[-128,-145,-537,-518,125,-550]],[[126]]],"id":46},{"properties":{"district":"BUGA","circuit":"BUGA","n_municipios":6},"type":"Polygon","arcs":[[-146,127,-549,-141,139,-144,-292,-130]],"id":47},{"properties":{"district":"BUGA","circuit":"CARTAGO","n_municipios":10},"type":"Polygon","arcs":[[-132,-558,-484,-492,-496,128]],"id":48},{"properties":{"district":"BUGA","circuit":"PALMIRA","n_municipios":5},"type":"Polygon","arcs":[[-532,-147,129,-291]],"id":49},{"properties":{"district":"BUGA","circuit":"ROLDANILLO","n_municipios":7},"type":"Polygon","arcs":[[130,-137,-136,134,-134,-133,-142,-559,131]],"id":50},{"properties":{"district":"BUGA","circuit":"SEVILLA","n_municipios":2},"type":"Polygon","arcs":[[-302,-294,-143,132,133,134,135,136,137,138]],"id":51},{"properties":{"district":"BUGA","circuit":"TULUA","n_municipios":6},"type":"Polygon","arcs":[[139,140,-548,141,142,-293,143]],"id":52},{"properties":{"district":"CALI","circuit":"CALI","n_municipios":6},"type":"Polygon","arcs":[[-538,144,145,146,-531]],"id":53},{"properties":{"district":"CARTAGENA","circuit":"CARMEN DE BOLIVAR","n_municipios":6},"type":"Polygon","arcs":[[-605,-206,-641,639,-639,-662,-228,226,-226,-629]],"id":54},{"properties":{"district":"CARTAGENA","circuit":"CARTAGENA","n_municipios":8},"type":"MultiPolygon","arcs":[[[147]],[[148]],[[149]],[[150]],[[151]],[[152]],[[153]],[[154]],[[155]],[[156]],[[157]],[[158]],[[159]],[[160]],[[161]],[[162]],[[163]],[[164]],[[165]],[[166]],[[167]],[[168]],[[169]],[[-198,170]],[[171]],[[172]],[[173]],[[174]],[[175]],[[176]],[[177]],[[178]],[[179]],[[180]],[[181]],[[182]],[[183]],[[184]],[[185]],[[186]],[[187]],[[188]],[[189]],[[190]],[[191]],[[192]],[[193]],[[194]],[[195]],[[196,197,198,199,200,-224]],[[201]]],"id":55},{"properties":{"district":"CARTAGENA","circuit":"MAGANGUE","n_municipios":6},"type":"Polygon","arcs":[[-218,202,-216,203,204,-401,-667,-655,-642,205,-604,-211,209,-209,-208,206,207,-212]],"id":56},{"properties":{"district":"CARTAGENA","circuit":"MOMPOX","n_municipios":10},"type":"Polygon","arcs":[[-208,206,207,208,209,210,-603,-721,-221,219,-219,211]],"id":57},{"properties":{"district":"CARTAGENA","circuit":"SIMITI","n_municipios":8},"type":"Polygon","arcs":[[212,213,214,215,216,217,218,219,220,-720,221]],"id":58},{"properties":{"district":"CARTAGENA","circuit":"TURBACO","n_municipios":7},"type":"Polygon","arcs":[[-661,222,223,224,-609,-630,225,226,227]],"id":59},{"properties":{"district":"CUCUTA","circuit":"CUCUTA","n_municipios":13},"type":"Polygon","arcs":[[-454,228,-235,229,-232,-456,-231]],"id":60},{"properties":{"district":"CUCUTA","circuit":"LOS PATIOS","n_municipios":3},"type":"MultiPolygon","arcs":[[[-455,230]],[[231,232,-457]]],"id":61},{"properties":{"district":"CUCUTA","circuit":"OCA\u00d1A","n_municipios":11},"type":"Polygon","arcs":[[-728,233,234,235,-723]],"id":62},{"properties":{"district":"CUNDINAMARCA","circuit":"CAQUEZA","n_municipios":9},"type":"Polygon","arcs":[[-737,236,237,238,239,240,-254,-773]],"id":63},{"properties":{"district":"CUNDINAMARCA","circuit":"CHOCONTA","n_municipios":9},"type":"Polygon","arcs":[[241,-282,-273,-710,-696,-698,-256]],"id":64},{"properties":{"district":"CUNDINAMARCA","circuit":"FACATATIVA","n_municipios":12},"type":"Polygon","arcs":[[-312,-259,-278,-251,249,-249,247,-247,245,-245,243,-243,-268,-260,-257]],"id":65},{"properties":{"district":"CUNDINAMARCA","circuit":"FUNZA","n_municipios":7},"type":"Polygon","arcs":[[-269,242,243,244,245,246,247,248,249,250,-277,-265,-279,251]],"id":66},{"properties":{"district":"CUNDINAMARCA","circuit":"FUSAGASUGA","n_municipios":9},"type":"Polygon","arcs":[[-444,-324,-320,-258,-271,252]],"id":67},{"properties":{"district":"CUNDINAMARCA","circuit":"GACHETA","n_municipios":5},"type":"Polygon","arcs":[[-695,-774,253,254,255,-697]],"id":68},{"properties":{"district":"CUNDINAMARCA","circuit":"GIRARDOT","n_municipios":9},"type":"Polygon","arcs":[[-319,-295,-305,-313,256,-261,-266,257]],"id":69},{"properties":{"district":"CUNDINAMARCA","circuit":"GUADUAS","n_municipios":2},"type":"Polygon","arcs":[[-311,-300,-332,-262,-274,258]],"id":70},{"properties":{"district":"CUNDINAMARCA","circuit":"LA MESA","n_municipios":4},"type":"Polygon","arcs":[[259,-267,260]],"id":71},{"properties":{"district":"CUNDINAMARCA","circuit":"LA PALMA","n_municipios":3},"type":"Polygon","arcs":[[-275,261,-331,-345,-690,-264]],"id":72},{"properties":{"district":"CUNDINAMARCA","circuit":"LETICIA","n_municipios":2},"type":"Polygon","arcs":[[262]],"id":73},{"properties":{"district":"CUNDINAMARCA","circuit":"PACHO","n_municipios":6},"type":"Polygon","arcs":[[-276,263,-689,-285,-272,-280,264]],"id":74},{"properties":{"district":"CUNDINAMARCA","circuit":"SOACHA","n_municipios":5},"type":"Polygon","arcs":[[265,266,267,268,269,270]],"id":75},{"properties":{"district":"CUNDINAMARCA","circuit":"UBATE","n_municipios":10},"type":"Polygon","arcs":[[-281,271,-284,-694,-711,272]],"id":76},{"properties":{"district":"CUNDINAMARCA","circuit":"VILLETA","n_municipios":10},"type":"Polygon","arcs":[[273,274,275,276,277]],"id":77},{"properties":{"district":"CUNDINAMARCA","circuit":"ZIPAQUIRA","n_municipios":10},"type":"MultiPolygon","arcs":[[[278,279,280,281,282]],[[283,284,-688]]],"id":78},{"properties":{"district":"FLORENCIA","circuit":"BELEN DE LOS ANDAQUIES","n_municipios":7},"type":"Polygon","arcs":[[-396,-451,-429,-287]],"id":79},{"properties":{"district":"FLORENCIA","circuit":"FLORENCIA","n_municipios":4},"type":"Polygon","arcs":[[287,-290,-752,285,-399,-395,286,-431,-289]],"id":80},{"properties":{"district":"FLORENCIA","circuit":"PUERTO RICO","n_municipios":5},"type":"Polygon","arcs":[[287,288,-430,-446,-738,-771,-753,289]],"id":81},{"properties":{"district":"IBAGUE","circuit":"CHAPARRAL","n_municipios":5},"type":"Polygon","arcs":[[-543,-515,-533,290,291,292,293,-308,-296,-441,-440,-439,-438,-437,438,-436]],"id":82},{"properties":{"district":"IBAGUE","circuit":"ESPINAL","n_municipios":4},"type":"Polygon","arcs":[[-318,-322,-297,-306,294]],"id":83},{"properties":{"district":"IBAGUE","circuit":"FRESNO","n_municipios":3},"type":"Polygon","arcs":[[-315,-337,-355,-340,-299,297,-301]],"id":84},{"properties":{"district":"IBAGUE","circuit":"GUAMO","n_municipios":6},"type":"Polygon","arcs":[[-442,295,-307,296,-321]],"id":85},{"properties":{"district":"IBAGUE","circuit":"HONDA","n_municipios":4},"type":"Polygon","arcs":[[297,298,-339,-333,299,-310,-316,300]],"id":86},{"properties":{"district":"IBAGUE","circuit":"IBAGUE","n_municipios":7},"type":"Polygon","arcs":[[301,302,303,-314,304,305,306,307]],"id":87},{"properties":{"district":"IBAGUE","circuit":"LERIDA","n_municipios":7},"type":"Polygon","arcs":[[308,-494,-317,309,310,311,312,313]],"id":88},{"properties":{"district":"IBAGUE","circuit":"LIBANO","n_municipios":3},"type":"Polygon","arcs":[[-334,314,315,316]],"id":89},{"properties":{"district":"IBAGUE","circuit":"MELGAR","n_municipios":5},"type":"Polygon","arcs":[[-323,317,318,319]],"id":90},{"properties":{"district":"IBAGUE","circuit":"PURIFICACION","n_municipios":4},"type":"Polygon","arcs":[[320,321,322,323,-443]],"id":91},{"properties":{"district":"MANIZALES","circuit":"AGUADAS","n_municipios":2},"type":"Polygon","arcs":[[-352,324,325,326,327,-342,-358]],"id":92},{"properties":{"district":"MANIZALES","circuit":"ANSERMA","n_municipios":5},"type":"Polygon","arcs":[[-498,-491,-486,-485,-487,-502,-336,-329]],"id":93},{"properties":{"district":"MANIZALES","circuit":"CHINCHINA","n_municipios":2},"type":"Polygon","arcs":[[-509,-499,328,-335]],"id":94},{"properties":{"district":"MANIZALES","circuit":"LA DORADA","n_municipios":5},"type":"Polygon","arcs":[[-338,-344,329,-346,330,331,332]],"id":95},{"properties":{"district":"MANIZALES","circuit":"MANIZALES","n_municipios":4},"type":"Polygon","arcs":[[333,-505,334,335,-501,-353,-356,336]],"id":96},{"properties":{"district":"MANIZALES","circuit":"MANZANARES","n_municipios":2},"type":"Polygon","arcs":[[-354,-341,337,338,339]],"id":97},{"properties":{"district":"MANIZALES","circuit":"PENSILVANIA","n_municipios":1},"type":"Polygon","arcs":[[340,-361,359,-359,341,342,343]],"id":98},{"properties":{"district":"MANIZALES","circuit":"PUERTO BOYACA","n_municipios":1},"type":"Polygon","arcs":[[-691,344,345,346,347,348,-594]],"id":99},{"properties":{"district":"MANIZALES","circuit":"RIOSUCIO","n_municipios":3},"type":"Polygon","arcs":[[-504,-490,349,350,351,-357,352]],"id":100},{"properties":{"district":"MANIZALES","circuit":"SALAMINA","n_municipios":4},"type":"Polygon","arcs":[[353,354,355,356,357,358,359,360]],"id":101},{"properties":{"district":"MEDELLIN","circuit":"BELLO","n_municipios":1},"type":"Polygon","arcs":[[-372,-385,383,-383,361,362]],"id":102},{"properties":{"district":"MEDELLIN","circuit":"CALDAS","n_municipios":2},"type":"Polygon","arcs":[[-371,363,364,365,366,367,-379,-392,-378]],"id":103},{"properties":{"district":"MEDELLIN","circuit":"ENVIGADO","n_municipios":2},"type":"Polygon","arcs":[[-377,-390,368,369,370]],"id":104},{"properties":{"district":"MEDELLIN","circuit":"GIRARDOTA","n_municipios":3},"type":"Polygon","arcs":[[-386,371,372,373,374,375]],"id":105},{"properties":{"district":"MEDELLIN","circuit":"ITAG\u00dcI","n_municipios":4},"type":"MultiPolygon","arcs":[[[-391,376,377]],[[-393,378,379,380,381]]],"id":106},{"properties":{"district":"MEDELLIN","circuit":"MEDELLIN","n_municipios":1},"type":"Polygon","arcs":[[382,383,384,385,386,387,388,389,390,391,392,393]],"id":107},{"properties":{"district":"MOCOA","circuit":"MOCOA","n_municipios":4},"type":"Polygon","arcs":[[394,-398,-469,-400,-467,-510,-452,395]],"id":108},{"properties":{"district":"MOCOA","circuit":"PUERTO ASIS","n_municipios":6},"type":"Polygon","arcs":[[396,-462,-470,397,398]],"id":109},{"properties":{"district":"MOCOA","circuit":"SIBUNDOY","n_municipios":4},"type":"Polygon","arcs":[[-468,399]],"id":110},{"properties":{"district":"MONTERIA","circuit":"AYAPEL","n_municipios":1},"type":"Polygon","arcs":[[-647,-665,400,401,-410,-425,-643]],"id":111},{"properties":{"district":"MONTERIA","circuit":"CERETE","n_municipios":5},"type":"Polygon","arcs":[[-421,419,-419,-407,-403,-427,-424]],"id":112},{"properties":{"district":"MONTERIA","circuit":"CHINU","n_municipios":3},"type":"Polygon","arcs":[[-649,-646,-428,402,-406,403,-657]],"id":113},{"properties":{"district":"MONTERIA","circuit":"LORICA","n_municipios":6},"type":"Polygon","arcs":[[404,405,406,-418,407,-659]],"id":114},{"properties":{"district":"MONTERIA","circuit":"MONTELIBANO","n_municipios":3},"type":"Polygon","arcs":[[408,-413,-422,409,410,411]],"id":115},{"properties":{"district":"MONTERIA","circuit":"MONTERIA","n_municipios":6},"type":"Polygon","arcs":[[412,413,414,415,416,417,418,419,420,-423]],"id":116},{"properties":{"district":"MONTERIA","circuit":"PLANETARICA","n_municipios":3},"type":"Polygon","arcs":[[421,422,423,-426,-644,424]],"id":117},{"properties":{"district":"MONTERIA","circuit":"SAHAGUN","n_municipios":1},"type":"Polygon","arcs":[[-645,425,426,427]],"id":118},{"properties":{"district":"NEIVA","circuit":"GARZON","n_municipios":8},"type":"Polygon","arcs":[[428,-450,-434,432,-432,-447,429,430]],"id":119},{"properties":{"district":"NEIVA","circuit":"LA PLATA","n_municipios":5},"type":"Polygon","arcs":[[-449,-528,-545,-435,431,432,433]],"id":120},{"properties":{"district":"NEIVA","circuit":"NEIVA","n_municipios":15},"type":"Polygon","arcs":[[434,-544,435,-439,436,437,438,439,440,441,442,443,444,-739,445,446]],"id":121},{"properties":{"district":"NEIVA","circuit":"PITALITO","n_municipios":9},"type":"Polygon","arcs":[[-514,447,-529,448,449,450,451]],"id":122},{"properties":{"district":"PAMPLONA","circuit":"PAMPLONA","n_municipios":13},"type":"Polygon","arcs":[[452,453,454,455,456,457,458,459]],"id":123},{"properties":{"district":"PASTO","circuit":"BARBACOAS","n_municipios":3},"type":"Polygon","arcs":[[-482,460,-478,-472]],"id":124},{"properties":{"district":"PASTO","circuit":"DE LA CRUZ","n_municipios":6},"type":"Polygon","arcs":[[-464,-519,-512,-466]],"id":125},{"properties":{"district":"PASTO","circuit":"IPIALES","n_municipios":13},"type":"Polygon","arcs":[[-480,-471,461,462]],"id":126},{"properties":{"district":"PASTO","circuit":"LA UNION","n_municipios":4},"type":"Polygon","arcs":[[-465,-520,463]],"id":127},{"properties":{"district":"PASTO","circuit":"PASTO","n_municipios":17},"type":"Polygon","arcs":[[-479,-473,-476,-521,464,465,-511,466,467,468,469,470]],"id":128},{"properties":{"district":"PASTO","circuit":"SAMANIEGO","n_municipios":6},"type":"Polygon","arcs":[[471,-477,472,-483]],"id":129},{"properties":{"district":"PASTO","circuit":"TUMACO","n_municipios":7},"type":"MultiPolygon","arcs":[[[473]],[[474,-516,-522,475,476,477]]],"id":130},{"properties":{"district":"PASTO","circuit":"TUQUERRES","n_municipios":8},"type":"Polygon","arcs":[[478,479,480,481,482]],"id":131},{"properties":{"district":"PEREIRA","circuit":"APIA","n_municipios":3},"type":"Polygon","arcs":[[-493,483,-557,555,-555,-488,484,485]],"id":132},{"properties":{"district":"PEREIRA","circuit":"BELEN DE UMBRIA","n_municipios":2},"type":"Polygon","arcs":[[486,487,-554,488,489,-503]],"id":133},{"properties":{"district":"PEREIRA","circuit":"DOSQUEBRADAS","n_municipios":1},"type":"Polygon","arcs":[[-500,-507]],"id":134},{"properties":{"district":"PEREIRA","circuit":"LA VIRGINIA","n_municipios":3},"type":"Polygon","arcs":[[490,-497,491,492]],"id":135},{"properties":{"district":"PEREIRA","circuit":"PEREIRA","n_municipios":2},"type":"Polygon","arcs":[[-506,493,494,495,496,497,498,-508,499]],"id":136},{"properties":{"district":"PEREIRA","circuit":"QUINCHIA","n_municipios":2},"type":"Polygon","arcs":[[500,501,502,503]],"id":137},{"properties":{"district":"PEREIRA","circuit":"STA ROSA DE CABAL","n_municipios":1},"type":"Polygon","arcs":[[504,505,506,507,508]],"id":138},{"properties":{"district":"POPAYAN","circuit":"BOLIVAR","n_municipios":5},"type":"Polygon","arcs":[[509,510,511,-524,-525,512,513]],"id":139},{"properties":{"district":"POPAYAN","circuit":"CALOTO","n_municipios":4},"type":"Polygon","arcs":[[-542,-540,-534,514]],"id":140},{"properties":{"district":"POPAYAN","circuit":"GUAPI","n_municipios":3},"type":"Polygon","arcs":[[515,516,517,-536,-527,-523]],"id":141},{"properties":{"district":"POPAYAN","circuit":"PATIA EL BORDO","n_municipios":6},"type":"Polygon","arcs":[[518,519,520,521,522,-526,523]],"id":142},{"properties":{"district":"POPAYAN","circuit":"POPAYAN","n_municipios":10},"type":"Polygon","arcs":[[524,525,526,-535,-546,527,528,529]],"id":143},{"properties":{"district":"POPAYAN","circuit":"PUERTO TEJADA","n_municipios":3},"type":"Polygon","arcs":[[-539,530,531,532,533]],"id":144},{"properties":{"district":"POPAYAN","circuit":"SANTANDER DE QUILICHAO","n_municipios":5},"type":"Polygon","arcs":[[534,535,536,537,538,539,-541]],"id":145},{"properties":{"district":"POPAYAN","circuit":"SILVIA","n_municipios":5},"type":"Polygon","arcs":[[540,541,542,543,544,545]],"id":146},{"properties":{"district":"QUIBDO","circuit":"BAHIA SOLANO","n_municipios":2},"type":"Polygon","arcs":[[-560,-552,-566,546,-571]],"id":147},{"properties":{"district":"QUIBDO","circuit":"ITSMINA","n_municipios":14},"type":"Polygon","arcs":[[547,548,549,550,-567,551,-565,552,553,554,555,556,557,558]],"id":148},{"properties":{"district":"QUIBDO","circuit":"QUIBDO","n_municipios":9},"type":"MultiPolygon","arcs":[[[559,-570,560,561,562,563,564]],[[565,566,567]]],"id":149},{"properties":{"district":"QUIBDO","circuit":"RIOSUCIO","n_municipios":4},"type":"Polygon","arcs":[[568,569,570,571,572,573,574]],"id":150},{"properties":{"district":"RIOHACHA","circuit":"MAICAO","n_municipios":3},"type":"Polygon","arcs":[[-580,-578,575]],"id":151},{"properties":{"district":"RIOHACHA","circuit":"RIOHACHA","n_municipios":3},"type":"Polygon","arcs":[[-732,-635,576,577,-579]],"id":152},{"properties":{"district":"RIOHACHA","circuit":"SAN JUAN DEL CESAR","n_municipios":5},"type":"Polygon","arcs":[[-582,-733,578,579,580]],"id":153},{"properties":{"district":"RIOHACHA","circuit":"VILLANUEVA","n_municipios":4},"type":"Polygon","arcs":[[-734,581,582]],"id":154},{"properties":{"district":"SAN GIL","circuit":"CHARALA","n_municipios":4},"type":"Polygon","arcs":[[-669,-593,-589,-685]],"id":155},{"properties":{"district":"SAN GIL","circuit":"CIMITARRA","n_municipios":2},"type":"Polygon","arcs":[[-596,583,584]],"id":156},{"properties":{"district":"SAN GIL","circuit":"PUENTE NACIONAL","n_municipios":6},"type":"Polygon","arcs":[[-599,-703,-693]],"id":157},{"properties":{"district":"SAN GIL","circuit":"SAN GIL","n_municipios":14},"type":"Polygon","arcs":[[-592,585,586,587,-674,-672,-686,588]],"id":158},{"properties":{"district":"SAN GIL","circuit":"SOCORRO","n_municipios":15},"type":"Polygon","arcs":[[-668,-714,-705,-598,589,590,591,592]],"id":159},{"properties":{"district":"SAN GIL","circuit":"VELEZ","n_municipios":10},"type":"Polygon","arcs":[[-692,593,594,595,596,597,-704,598]],"id":160},{"properties":{"district":"SANTA MARTA","circuit":"CIENAGA","n_municipios":5},"type":"Polygon","arcs":[[-624,622,-622,-621,619,-619,-618,616,-616,614,-614,612,-612,599,600,601,-637,-608,606,-606]],"id":161},{"properties":{"district":"SANTA MARTA","circuit":"EL BANCO","n_municipios":7},"type":"Polygon","arcs":[[-722,602,603,604,-628,-725]],"id":162},{"properties":{"district":"SANTA MARTA","circuit":"FUNDACION","n_municipios":4},"type":"Polygon","arcs":[[-634,-627,625,-625,605,606,607,-636,-731]],"id":163},{"properties":{"district":"SANTA MARTA","circuit":"PIVIJAY","n_municipios":5},"type":"Polygon","arcs":[[608,609,610,611,612,613,614,615,616,617,618,619,620,621,622,623,624,625,626,-633,631,-631]],"id":164},{"properties":{"district":"SANTA MARTA","circuit":"PLATO","n_municipios":8},"type":"Polygon","arcs":[[-726,627,628,629,630,631,632,633,-730]],"id":165},{"properties":{"district":"SANTA MARTA","circuit":"SANTA MARTA","n_municipios":1},"type":"Polygon","arcs":[[634,635,636,637]],"id":166},{"properties":{"district":"SINCELEJO","circuit":"COROZAL","n_municipios":8},"type":"Polygon","arcs":[[-664,-663,638,639,640,641,-654,-653,651,-651,-650]],"id":167},{"properties":{"district":"SINCELEJO","circuit":"SAN MARCOS","n_municipios":3},"type":"Polygon","arcs":[[642,643,644,645,-648]],"id":168},{"properties":{"district":"SINCELEJO","circuit":"SINCE","n_municipios":3},"type":"Polygon","arcs":[[-666,646,647,648,-656,649,650,651,652,653,654]],"id":169},{"properties":{"district":"SINCELEJO","circuit":"SINCELEJO","n_municipios":9},"type":"Polygon","arcs":[[655,656,657,658,659,660,661,662,663]],"id":170},{"properties":{"district":"SINCELEJO","circuit":"SUCRE","n_municipios":3},"type":"Polygon","arcs":[[664,665,666]],"id":171},{"properties":{"district":"STA ROSA DE VITERBO","circuit":"DUITAMA","n_municipios":4},"type":"Polygon","arcs":[[-715,667,668,-684,-680]],"id":172},{"properties":{"district":"STA ROSA DE VITERBO","circuit":"EL COCUY","n_municipios":7},"type":"Polygon","arcs":[[-791,-678,-676,669,670]],"id":173},{"properties":{"district":"STA ROSA DE VITERBO","circuit":"PAZ DE RIO","n_municipios":5},"type":"Polygon","arcs":[[-681,-687,671,-673,-679]],"id":174},{"properties":{"district":"STA ROSA DE VITERBO","circuit":"SOATA","n_municipios":6},"type":"Polygon","arcs":[[672,673,674,675,-677]],"id":175},{"properties":{"district":"STA ROSA DE VITERBO","circuit":"SOCHA","n_municipios":4},"type":"Polygon","arcs":[[676,677,-790,-682,678]],"id":176},{"properties":{"district":"STA ROSA DE VITERBO","circuit":"SOGAMOSO","n_municipios":14},"type":"Polygon","arcs":[[-700,-706,-716,679,-683,680,681,-789,-799]],"id":177},{"properties":{"district":"STA ROSA DE VITERBO","circuit":"STA ROSA DE VITERBO","n_municipios":7},"type":"Polygon","arcs":[[682,683,684,685,686]],"id":178},{"properties":{"district":"TUNJA","circuit":"CHIQUINQUIRA","n_municipios":18},"type":"Polygon","arcs":[[687,688,689,690,691,692,-702,-712,693]],"id":179},{"properties":{"district":"TUNJA","circuit":"GARAGOA","n_municipios":7},"type":"Polygon","arcs":[[-784,-775,694,-699,695,-709,-708,-701]],"id":180},{"properties":{"district":"TUNJA","circuit":"GUATEQUE","n_municipios":8},"type":"Polygon","arcs":[[696,697,698]],"id":181},{"properties":{"district":"TUNJA","circuit":"MIRAFLORES","n_municipios":6},"type":"Polygon","arcs":[[-707,699,-798,-785,700]],"id":182},{"properties":{"district":"TUNJA","circuit":"MONIQUIRA","n_municipios":6},"type":"Polygon","arcs":[[701,702,703,704,-713]],"id":183},{"properties":{"district":"TUNJA","circuit":"RAMIRIQUI","n_municipios":7},"type":"Polygon","arcs":[[705,706,707,-717]],"id":184},{"properties":{"district":"TUNJA","circuit":"TUNJA","n_municipios":21},"type":"Polygon","arcs":[[708,709,710,711,712,713,714,715,716]],"id":185},{"properties":{"district":"VALLEDUPAR","circuit":"AGUACHICA","n_municipios":7},"type":"Polygon","arcs":[[717,718,719,720,721,-724,722]],"id":186},{"properties":{"district":"VALLEDUPAR","circuit":"CHIRIGUANA","n_municipios":7},"type":"Polygon","arcs":[[723,724,725,-729,726,727]],"id":187},{"properties":{"district":"VALLEDUPAR","circuit":"VALLEDUPAR","n_municipios":9},"type":"Polygon","arcs":[[728,729,730,731,732,733,734]],"id":188},{"properties":{"district":"VILLAVICENCIO","circuit":"ACACIAS","n_municipios":7},"type":"Polygon","arcs":[[-741,735,736,-777,-750,-769]],"id":189},{"properties":{"district":"VILLAVICENCIO","circuit":"GRANADA","n_municipios":9},"type":"Polygon","arcs":[[-754,-772,737,738,739,740,-768,-780]],"id":190},{"properties":{"district":"VILLAVICENCIO","circuit":"INIRIDA","n_municipios":4},"type":"MultiPolygon","arcs":[[[741]],[[742,-756,-746]]],"id":191},{"properties":{"district":"VILLAVICENCIO","circuit":"MITU","n_municipios":3},"type":"MultiPolygon","arcs":[[[743]],[[-758,744]]],"id":192},{"properties":{"district":"VILLAVICENCIO","circuit":"PTO CARRE\u00d1O","n_municipios":5},"type":"Polygon","arcs":[[745,-755,-778,-749,-788,-794,746,747]],"id":193},{"properties":{"district":"VILLAVICENCIO","circuit":"PTO LOPEZ","n_municipios":3},"type":"Polygon","arcs":[[-796,-787,748,-782,-767,765,-765,763,-763,761,-761,759,-759,749,-776,-786]],"id":194},{"properties":{"district":"VILLAVICENCIO","circuit":"SAN JOSE GUAVIARE","n_municipios":5},"type":"Polygon","arcs":[[750,751,752,-770,753,-779,754,755,756,757]],"id":195},{"properties":{"district":"VILLAVICENCIO","circuit":"SAN MARTIN","n_municipios":1},"type":"Polygon","arcs":[[758,759,760,761,762,763,764,765,766,-781,767,768]],"id":196},{"properties":{"district":"VILLAVICENCIO","circuit":"VILLAVICENCIO","n_municipios":11},"type":"MultiPolygon","arcs":[[[769,770,771]],[[772,773,774,-783,775,776]],[[777,778,779,780,781]]],"id":197},{"properties":{"district":"YOPAL","circuit":"MONTERREY","n_municipios":4},"type":"Polygon","arcs":[[782,783,784,-797,785]],"id":198},{"properties":{"district":"YOPAL","circuit":"OROCUE","n_municipios":3},"type":"Polygon","arcs":[[786,-801,-795,787]],"id":199},{"properties":{"district":"YOPAL","circuit":"PAZ DE ARIPORO","n_municipios":6},"type":"Polygon","arcs":[[-800,788,789,790,791,792,793,794]],"id":200},{"properties":{"district":"YOPAL","circuit":"YOPAL","n_municipios":7},"type":"Polygon","arcs":[[795,796,797,798,799,800]],"id":201}],"type":"GeometryCollection"}},"bbox":[-81.73562055600001,-4.22940646586102,-66.984804188,13.394727761574234],"transform":{"scale":[0.00014750963877638792,0.00017624134225672808],"translate":[-81.73562055600001,-4.22940646586102]},"arcs":[[[39507,57140],[13,-29],[17,-1],[16,-15],[-15,-26],[-18,-8],[-9,-28],[20,-23],[-13,-23],[-53,4],[-72,-15],[-18,6],[-45,-18],[-38,4],[-76,-31],[-15,-9],[-8,-27],[-54,-22],[-24,-23],[-48,-16],[-34,-28],[-10,-23],[-73,-41],[-72,-20],[-41,-32],[-58,-25],[-26,-27],[-140,26],[-64,60],[-40,-5],[-32,-26],[-16,10],[-20,-6]],[[41583,67062],[-9,56],[11,15],[42,1],[19,9],[25,26],[86,47],[35,46],[46,7],[48,-12],[27,18],[9,31],[-43,58],[66,15],[-24,47],[15,37],[-11,42],[39,43],[37,16],[3,25],[28,14],[10,22],[-1,15],[-25,18],[0,14],[25,33],[-26,62],[29,52],[20,11],[78,3],[119,-38],[41,16],[48,45],[20,29],[13,47],[30,34],[-2,95],[16,43],[18,22],[90,49],[30,31],[17,36],[4,25],[-13,40],[-79,66],[3,30],[56,45]],[[45703,65953],[-12,-4],[3,-47],[-17,-10],[-39,21],[-45,9],[-11,15],[-26,2],[-77,67],[-21,31],[25,52],[-4,16],[-75,18],[-58,2],[-102,-35],[-3,-22],[-23,-3],[-59,-68],[-52,-24],[-67,-19],[-17,4],[-43,-21],[-80,-3],[-36,-69],[-156,-17],[-86,13],[-63,-60],[-32,-93],[23,-29],[-2,-19],[-10,-18],[-44,-28],[-4,-58],[-59,-28],[-44,-63],[-6,-57],[11,-16],[-34,-59],[18,-36],[-6,-42],[-78,-64],[-20,-32],[-33,-17],[-43,40],[-65,1],[-46,-28],[-39,-2],[-34,-13],[-62,1],[-31,-21],[-16,-27],[-35,-21],[-20,3],[-20,29],[-23,10],[-106,-7],[-45,-89]],[[44141,63334],[25,-1],[30,-16],[47,-42],[23,3],[46,-22],[53,11],[18,-9],[40,-1],[23,-32],[13,-1],[-4,-21],[55,-23],[-13,-14],[7,-24],[-25,-13],[-37,-90],[-3,-21],[18,-17],[2,-61],[-14,-31],[-13,-6],[6,-27],[-13,-14],[3,-13],[15,2],[14,-19],[-7,-27],[20,-16],[18,-64],[194,-127],[24,-56],[22,0],[4,13],[21,-9],[18,-46],[73,-15],[36,22],[4,-19],[30,2],[3,-9]],[[39908,57796],[-48,-9],[-14,7],[1,-10],[-38,-7],[-25,-20],[-32,3],[-104,38],[-61,0],[-21,21],[-8,-2],[-15,23],[-14,0],[-38,42],[-19,1],[-47,-27],[-40,1],[-91,36],[-4,16],[-24,13],[-1,36],[-18,38],[4,14],[32,10],[11,15],[-14,26],[8,24],[-14,63],[27,68],[-17,42],[6,13],[-18,23],[-43,6],[-26,-7],[-32,9],[-26,-7],[-26,29],[-16,-7],[-17,16],[-46,-20],[-147,126]],[[34968,61985],[-9,13],[-37,10],[-14,27],[-2,47],[-13,13],[-29,9],[-58,-3],[-26,21],[-14,49],[-43,42],[-35,72],[141,41],[31,41],[53,30],[16,40],[21,15],[28,52],[-3,23],[-26,17],[15,14],[-15,47],[25,11],[-5,41],[45,56],[-14,33],[1,99],[17,44],[41,39],[19,5],[-14,17],[-6,38],[11,20],[17,5],[-1,50],[7,6],[27,-8],[30,4],[65,26],[49,47],[61,33],[7,41],[33,46],[44,36],[-81,213],[-42,-6],[-38,-39],[-52,42],[-8,58],[18,29],[-16,31],[14,33],[-35,43],[4,35]],[[35593,64483],[87,8],[92,-21],[21,15],[18,44],[67,70],[5,37],[50,28],[29,39],[-24,95],[26,4],[44,-3],[13,-6],[-1,-12],[86,10],[30,-17],[75,5],[54,-37],[35,2],[44,-20],[78,14],[68,-6],[75,-26],[77,-44],[42,-4],[0,-23],[12,-3],[-10,-16],[23,-27],[22,-7],[84,7],[11,10],[17,-10],[47,-5],[78,4],[13,-22],[35,8],[17,-30],[28,-8],[31,1],[44,34],[56,19],[77,-21],[25,8],[14,-12],[43,-6],[54,9]],[[46237,65213],[-29,60],[11,51],[24,14],[20,30],[41,15],[16,62],[-19,56],[37,39],[29,12],[22,69],[-5,48],[-22,31],[-1,18],[-55,5],[-14,16],[-3,24],[46,48],[9,32],[39,26],[23,67],[-12,79],[-34,10],[-28,91],[-24,25],[-2,26],[19,33],[-9,29],[-27,21],[0,19],[-22,1],[-12,-11],[7,-52],[-68,-72],[-12,-48],[-19,-29],[-102,-10],[-12,7],[-1,35],[-29,14],[-23,-17],[-23,-50],[-88,-71],[-121,-47],[-37,11],[-24,23]],[[45703,65953],[-1,33],[-22,15],[21,21],[-8,62],[-22,-3],[-17,8],[-10,23],[-27,16],[-33,-2],[-126,366],[-43,8],[-39,-48],[-71,-38],[-56,10],[-461,357],[13,2],[4,22],[15,3],[25,-11],[13,-23],[44,-11],[13,-14],[-8,-9],[19,-6],[-5,-15],[20,-7],[1,-21],[39,-17],[0,-26],[15,-3],[17,-22],[16,2],[5,20],[39,-10],[26,8],[8,-8],[18,41],[70,28],[-16,6],[11,25],[-6,19],[53,4],[-11,10],[7,18],[-19,77],[30,0],[-8,30],[40,-4],[7,18],[11,-6],[3,-19],[29,6],[11,7],[-9,10],[28,1],[-23,33],[39,32],[22,0],[3,-8],[14,19],[30,-12],[39,9],[1,7],[28,5],[-14,11],[11,11],[39,-10],[23,14],[3,-7],[-20,-13],[13,-9],[32,21],[24,-14],[2,8],[16,-5],[2,18],[8,1],[-9,5],[9,6],[-7,26],[38,-11],[19,11],[-1,16],[15,3],[-8,4],[22,-1],[-9,32],[12,-9],[17,9],[-15,6],[14,48],[11,-7],[5,12],[32,-20],[50,19],[-21,36],[18,14],[-10,2],[11,6],[-7,4],[11,4],[-8,1],[8,12],[26,-18],[10,7],[-5,9],[12,-1],[17,-32],[8,11],[19,-2],[26,23],[-11,-23],[12,-9],[17,23],[18,1],[23,-29],[14,31],[24,8],[3,-10],[3,17],[15,-4],[-13,-11],[13,-1],[8,16],[18,8],[-9,8],[19,36],[-7,15],[26,19],[-5,-14],[29,-15],[11,3],[8,51],[24,-14],[-10,15],[21,6],[-10,16],[17,5],[-3,8],[10,-4],[-2,10],[18,-7],[10,24],[35,11],[-34,20],[-13,-6],[13,26],[-6,10],[29,-2],[-3,7],[18,1],[11,28],[21,-8],[17,20],[-10,22],[-15,-1],[10,15],[-15,34],[20,-17],[10,13],[24,2],[10,18],[11,-16],[-14,-20],[39,-1],[8,14],[5,-8],[15,11],[-10,11],[33,6],[-16,20],[23,-3],[30,30],[10,-33],[34,8],[46,-8],[-7,-11],[10,-11],[11,8],[2,-11],[13,0],[-1,12],[16,-2],[-1,-15],[41,-12],[-15,-13],[11,-12],[-15,-1],[3,-19],[28,-4],[15,-20],[21,2],[14,-10],[13,20],[30,-2],[1,28],[20,-1],[8,21],[21,-7],[-2,12],[41,6],[-4,8],[57,-3],[7,-9],[51,24],[18,-10],[28,24],[7,19],[30,5],[28,25],[-15,55],[8,42],[26,20],[33,59],[-43,60],[-55,144],[-44,73],[-18,71],[95,67],[14,21],[-6,42],[-68,45],[-10,30],[39,34],[25,0],[55,-24],[27,30],[-15,30],[-22,13],[-67,10],[-38,71],[-28,21],[20,38],[1,26],[-39,82],[47,38],[7,24],[-12,21],[-58,21],[-8,11],[0,27],[34,39],[2,18],[-23,44],[-46,31],[-20,28],[4,41],[33,52],[-1,29],[-26,48],[1,23],[25,29],[65,16],[10,24],[-64,87],[0,17],[22,32],[33,17],[102,2],[3,-38],[23,-17],[2,-14],[-16,-15],[-43,0],[-9,-14],[17,0],[-13,-29],[10,-6],[0,12],[17,-3],[15,-24],[8,-30],[-13,-10],[3,-18],[73,-19],[1,-28],[8,14],[21,3],[51,-4],[48,-19],[-3,-19],[24,-14],[6,-17],[-8,-13],[47,-38],[76,-3],[31,-17],[4,-31],[51,-15],[-16,-19],[55,1],[25,12],[63,-13],[23,11],[29,-17],[-5,-51],[21,-11],[41,6],[11,14],[37,2],[25,38],[46,-27],[41,-10],[-7,-12],[9,-17],[35,-17],[-4,-13],[27,-9],[15,-24],[9,0],[-8,11],[11,18],[33,5],[1,-41],[18,2],[7,-12],[3,16],[17,0],[29,-30],[30,0],[3,31],[19,4],[15,32],[19,14],[35,-5],[23,7],[6,34],[23,9],[-4,40],[32,-6],[13,12],[29,0],[-8,-10],[20,-6],[-6,42],[30,15],[-3,15],[42,16],[0,7],[26,0],[9,19],[18,-6],[2,17],[68,-1],[28,53],[57,41]],[[39860,57692],[7,40],[41,64]],[[39908,57796],[39,42],[60,94],[0,54],[14,47],[-17,31],[-41,29]],[[40462,58043],[16,5],[20,-16],[29,19],[98,1],[29,21],[17,0],[2,-13],[75,-45],[13,-24],[38,-32],[41,-22],[39,9],[22,-13],[29,7],[26,21],[30,-3],[14,22],[74,51],[43,4]],[[35061,61256],[41,152],[-51,53],[-22,47],[-49,54],[15,93],[42,66],[-11,75],[-35,44],[-23,145]],[[34968,61985],[93,36],[6,77],[25,30],[36,21],[81,18],[-17,31],[8,32],[57,57],[12,42],[36,10],[45,42],[167,-70],[149,-12],[21,-10],[34,13],[77,-21],[67,-25],[21,-25],[95,42],[-7,38],[14,24],[-51,54],[8,27],[-3,109],[-28,58],[-10,70],[21,84],[-17,41],[12,55],[45,26],[14,17],[-3,15],[19,11],[48,-3],[16,-23],[66,-14],[26,-50],[30,-20],[17,-32],[50,-8],[39,-18],[23,-21],[15,-33],[19,7],[40,-28],[27,-42],[47,-6],[62,8],[107,-43],[27,-28],[-7,-53],[101,-57],[23,24],[39,-4],[25,11],[19,-3],[24,22],[31,59],[104,59],[6,28],[-29,34],[6,9],[-23,12],[-32,48],[7,31],[27,7],[5,11],[-53,46],[10,26],[-60,-21],[-27,8],[33,41],[-8,83],[-20,31],[37,46],[31,104],[30,16],[61,7],[59,53],[34,1],[60,-24],[65,-5],[32,13],[15,19],[64,25],[5,10],[27,-8],[-25,-18],[-9,-61],[-25,-36],[-53,-28],[-13,-25],[-27,-16],[-6,-60],[40,-16],[26,-23],[28,-30],[21,-51],[51,-38],[81,12],[20,12],[26,-22],[50,9],[8,-14],[-6,-50],[36,5],[67,-9],[94,-64],[69,-18],[25,17],[11,37],[42,10],[64,81],[46,18],[39,-6],[40,18],[97,-9],[43,44],[13,2],[0,44],[-32,21],[-28,83],[10,32],[37,34],[19,6],[9,-8],[29,8],[22,-5],[19,15],[19,-3],[7,17],[37,17],[40,-2],[28,-15],[8,20],[17,-5],[21,7],[79,64],[56,3],[26,13],[-3,16],[15,-6],[7,16],[44,9],[15,14],[17,-2],[33,31],[14,-10],[35,4],[41,-19],[6,15],[29,7],[8,20],[16,-8],[22,3],[24,28],[59,153],[68,62],[28,-49],[43,-34]],[[41105,67107],[12,1],[34,-24],[44,-8],[37,4],[18,-9],[1,-16],[29,-15],[40,4],[50,-19],[95,-2],[55,18],[35,-4],[28,25]],[[41583,67062],[14,-33],[23,-12],[13,-33],[106,-53],[46,-48],[2,-58],[20,-46],[6,-90],[36,-25],[28,-55],[6,-52],[76,-43],[31,-7],[-38,-145],[28,-61],[-16,-40],[20,-39],[-31,-72],[-37,-25],[4,-102],[-108,-150],[84,-33],[48,12],[20,-23],[40,-11],[97,43],[51,10],[17,-8],[8,-32]],[[40406,63976],[-9,6],[-15,-9],[-70,64],[-43,10],[-9,14],[8,4],[-4,30],[9,3],[-7,31],[12,16],[-4,18],[-57,6],[-39,41],[-48,10],[-12,20],[-32,-7],[-16,27],[-43,12],[-14,20],[-32,5],[-42,-15],[-34,10],[-37,-6],[-69,-50],[-28,35],[9,28],[-28,-2],[-25,11],[-11,34],[-14,2],[-1,29],[12,9],[-1,80],[24,25],[5,38],[-8,16],[-75,31],[-31,39],[-27,9],[39,2],[21,23],[37,17],[41,64],[-36,92],[-15,8],[0,34],[-19,56],[5,28],[-20,33],[-39,-18],[-50,-8],[-49,12],[-18,-42],[8,-19],[-23,-12],[-20,-36],[-52,-13],[23,-24],[3,-23],[-82,-39],[-100,14],[-55,-30],[-5,-10],[34,-12],[13,-18],[-11,-85],[-37,-52],[-39,-9],[-19,-23],[-14,-49],[-31,-30],[-26,3],[-31,23],[-26,-14],[-19,2],[-49,79],[-26,5],[-35,-16],[-84,80],[-56,6],[-25,-14],[-30,2],[-51,20],[-39,40],[-48,5],[-51,21],[-37,-8],[-33,-26],[-50,-20],[-116,-22],[-26,-37],[-21,-63],[-17,-17],[-81,-11],[-99,50],[-19,23],[-25,2],[-21,-17],[-19,-55],[-78,-43],[-43,-11],[-58,15],[-63,2],[-34,27],[-81,33],[-64,-13],[-46,35],[-43,11],[-15,20]],[[37405,64568],[-629,801],[-101,155],[-182,213],[-23,46],[-73,46],[-47,81],[-49,29]],[[40193,56078],[-20,6],[4,33],[-18,12],[4,9],[-39,17],[11,17],[-5,40],[-22,11],[-20,64],[-39,39],[10,67],[-14,9],[-18,46],[-17,10],[-19,48],[-30,16],[-25,40],[-32,15],[-3,10],[-32,10],[-16,17],[-25,-6],[-8,27],[-40,5],[-28,100],[-27,52],[9,36],[-11,39],[14,51],[-7,42],[37,74],[-8,39],[-45,17],[-53,44],[-108,9],[-18,-12],[-28,9]],[[39507,57140],[20,25],[-17,10],[0,12],[-25,2],[-18,-16],[-8,6],[6,42],[-12,14],[1,20],[10,9],[-3,30],[45,61],[-2,14],[29,51],[29,37],[60,13],[3,14],[-17,21],[22,26],[31,-15],[22,40],[29,23],[89,11],[11,23],[-1,38],[26,10],[23,31]],[[39860,57692],[140,-49],[44,-33],[4,-35],[73,-20],[26,-31],[35,-11],[26,-50],[119,-37],[65,-52],[68,-23],[31,-25],[33,3],[20,-9],[4,-32],[46,-28],[30,-36],[29,-18],[45,-85],[41,-28],[181,-23],[17,-20],[47,-15],[29,-26],[61,-17],[29,-33],[37,-22],[11,-25]],[[43732,57327],[-18,-8],[-16,7],[-5,-9],[-30,6],[-1,-9],[-15,15],[-3,-24],[-69,-14],[-2,16],[-15,-4],[-30,45],[-12,-14],[-26,12],[-17,-2],[-4,19],[-24,-8],[-12,9],[-82,-8],[-24,19],[-9,-5],[-14,25],[-48,-23],[-21,22],[-156,-22],[-39,19],[-48,49],[-23,4],[-31,27],[-41,11],[-23,-21],[0,21],[-29,4],[-18,-10],[-40,23],[-34,-17],[-32,19],[-1,18],[-31,12],[10,12],[-24,22],[-52,-6],[-1,11],[38,8],[10,24],[-22,7],[-5,-12],[-8,5],[5,21],[-21,11],[7,19],[16,6],[-12,17],[-17,-6],[-30,6],[-1,18],[-13,-7],[-25,6],[-24,25],[-50,18],[-52,-19],[-24,-36],[4,-10]],[[45753,60227],[50,-10],[26,29],[35,12],[19,24],[13,-5],[18,13],[36,-6],[31,9],[17,32],[100,-7],[30,21],[59,6],[58,-24],[136,-108],[174,-97],[33,-34],[111,-66],[103,-35],[150,-111],[109,-51]],[[46899,58641],[10,94],[-16,71],[67,110],[26,4],[50,39],[23,77],[69,96],[67,49],[74,10],[34,17],[82,-8],[39,12],[46,36],[43,16],[75,98],[18,42],[-33,13],[-96,8],[-60,-21],[-51,15],[-31,51],[-12,69],[-28,10],[-36,-14],[-29,23],[-22,65],[-29,38],[8,34],[-26,62],[-34,34],[-57,17],[-9,11]],[[47061,59819],[0,12],[23,3],[-28,56],[8,25],[18,3],[-14,51],[36,19],[5,21],[33,20],[-8,19],[-30,22],[7,28],[27,32],[-11,14],[3,17],[-21,2],[-11,-19],[-41,-17],[-24,10],[-17,-23],[-40,18],[-21,-16],[-18,6],[-17,-17],[-12,14],[115,252],[-37,-10],[-15,-21],[-20,11],[-20,-20],[-45,-10],[-28,10],[-5,14],[-11,-5],[-13,14],[-19,2],[-5,16],[16,40],[-23,15],[-36,74],[-23,13],[-2,11],[38,7],[16,22],[61,16],[9,15],[14,-5],[26,25],[11,31],[6,-4],[12,20],[8,-1],[1,35],[-44,26],[6,33],[-25,2],[7,20],[20,13],[-24,45],[-30,26],[-43,17],[-19,53],[-20,18],[-14,-4]],[[43846,57215],[-10,16],[-49,4],[5,19],[-24,21],[1,22],[-37,30]],[[43732,57327],[17,21],[-23,86],[-33,36],[8,56],[-35,38],[24,83],[33,11],[-22,60],[5,42],[-9,11],[8,17],[-23,9],[-9,21],[-30,-8],[0,-21],[-17,-18],[-51,0],[-48,-17],[-15,23],[-18,-1],[9,30],[-14,15],[1,15],[-28,1],[-31,77],[-32,37],[0,29],[-39,27],[-17,33],[-21,14],[18,31],[55,15],[-26,39],[-1,34],[-19,20],[-3,36],[-6,8],[-28,-3],[-32,16],[-9,-21],[-16,-7],[-56,3],[-72,81],[17,23],[-8,23],[-37,11],[-50,-4],[-9,11],[-72,28],[-43,14],[-14,-14],[-7,14],[-68,19],[-68,-7],[-43,-26],[-28,3],[-7,13],[-38,-37],[-17,20],[-10,-2],[-5,15],[22,26],[-7,10],[-32,6],[35,39],[-11,30],[-54,71],[-60,22],[-7,10],[-15,-1],[62,38],[-5,13],[-23,5],[-7,20],[-52,22],[-13,-42],[-23,15],[21,34],[-11,18],[5,79],[-15,23],[23,17],[-20,18],[12,46],[-9,10]],[[44023,60583],[31,-4],[70,11],[74,21],[43,-16],[85,-4],[7,-27],[17,3],[-4,-18],[26,-6],[17,-16],[15,13],[20,-7],[-2,-14],[23,-12],[-2,-29],[11,-14],[9,3],[0,-23],[16,-6],[10,-20],[16,-4],[23,13],[7,-13],[18,-5],[7,14],[27,-3],[31,-24],[69,-21],[51,-3],[51,-21],[32,5],[92,-44],[27,2],[64,-15],[31,-23],[29,-1],[70,19],[36,31],[126,35],[56,41],[76,13],[9,-12],[33,-4],[13,-10],[54,-55],[-9,-17],[42,-15],[4,-17],[25,-13],[-7,-24],[33,-14],[21,7],[25,-7],[17,10],[65,-16]],[[45753,60227],[-4,-47],[13,-7],[-8,-5],[-69,5],[-7,-16],[-12,2],[-7,-10],[-43,-1],[-11,-13],[-20,-2],[-21,-32],[-25,-8],[-73,-3],[-29,14],[-30,-8],[-27,-25],[-14,-3],[-10,8],[-10,-31],[14,-27],[-52,-13],[-29,12],[-53,-10],[-4,-20],[10,-7],[-16,-29],[-88,-14],[-21,-8],[-9,-16],[-10,10],[-4,-12],[-33,-16],[-4,-19],[-45,11],[-56,-1],[-40,-26],[4,-40],[-34,-38],[1,-23],[-36,45],[-34,22],[-32,73],[-3,33],[-27,15],[-12,-26],[-55,-34],[1,-46],[-12,-31],[-53,-25],[-1,-36],[-17,-22],[-15,-10],[-38,-4],[-40,18],[-33,-54],[-45,-19],[-79,2],[-38,12],[-56,100],[-28,-4],[-40,43],[-31,68],[-31,5],[-31,-7],[-31,11],[-4,-12],[-35,-4],[0,-6],[20,-11],[27,-65],[26,-16],[26,-59],[-5,-29],[-63,-31],[-95,-26],[-22,-13],[2,-25],[-68,-31],[-73,-10],[-25,21],[-19,-1]],[[43752,59570],[0,1],[-1,0],[0,-1],[1,0]],[[43752,59570],[5,-20],[-17,-10],[-4,-30],[-18,0],[-17,12],[-25,-10],[-40,24],[-24,-69],[-41,-61],[-51,-19],[-24,2],[-61,-28],[1,-21],[45,-4],[-10,-13],[-29,-6],[-16,-17],[8,-9],[-14,-5],[24,-5],[-14,-5],[-8,-20],[7,-20],[13,-1],[-1,9],[7,-22],[30,-9],[-34,0],[12,-31],[-21,0],[-2,-12],[-110,11],[7,-16],[-25,-2],[2,-26],[-16,-2],[-21,-24],[-49,-14],[-1,-27],[-13,-6],[7,-8],[-20,-20],[20,-14],[2,6],[19,-6],[10,-63],[29,-23],[6,-75],[13,10],[5,-14],[27,-18],[-7,-1],[6,-62],[-19,-22],[25,-22],[53,-10],[27,-16],[22,2],[23,-21],[43,-16],[52,9],[26,-5],[21,9],[-1,10],[-25,13],[-6,19],[-3,38],[17,36],[-12,35],[10,25]],[[41322,56715],[54,-48],[56,-29],[11,42],[19,10],[12,22],[-13,33],[7,33],[-15,34],[17,68],[-28,81],[13,29],[40,42],[11,42],[-26,64],[-21,20],[-5,45],[-19,15],[0,71],[40,33],[-29,83],[5,19],[-22,23],[11,43],[-12,13],[0,41],[-13,14],[-1,15],[14,8],[-4,26],[-22,12],[9,6],[-5,16],[-18,1],[1,9],[-26,20],[10,15],[-10,7],[4,20],[-15,0],[-23,19],[6,38],[-10,17],[25,25],[-6,31],[57,26],[32,44],[61,-2],[8,8]],[[41648,58078],[5,-15],[-14,-50],[11,-21],[57,-2],[45,-15],[-5,-15],[31,-23],[32,12],[34,-28],[1,-19],[62,-21],[8,-14],[6,10],[8,-6],[12,7],[-4,7],[21,-5],[26,9],[15,-25],[41,19],[12,-42],[27,-19],[10,8],[49,-4],[5,10],[14,0],[8,-15],[43,10],[10,-9],[-2,-27],[18,-15],[0,-18],[27,-16],[14,-38],[16,-6],[23,6],[84,-37]],[[42398,57671],[10,-31],[40,-42],[-16,-69],[-30,-11],[-47,-36],[5,-30],[-11,-50],[11,-21],[36,-25],[-3,-23],[-29,-26],[-73,-15],[-51,-32],[-43,10],[-62,30],[-44,-3],[-56,-56],[12,-39],[-26,-30],[-4,-39],[-15,-12],[13,-20],[-12,-12],[6,-18],[-10,-16],[-25,-7],[-12,-21],[-24,9],[-16,-16],[13,-6],[-12,-72],[12,-14],[6,-70],[11,-13],[-11,-93],[12,-14],[-17,-28],[6,-13],[-35,-31],[17,-27],[1,-27],[-23,-36],[0,-27],[-15,-24],[6,-46]],[[41253,60891],[51,-72],[-1,-70],[-9,-15],[-28,-1],[-20,-16],[12,-53],[-18,-20],[-54,-7],[-5,-13],[8,-13],[15,3],[5,-13],[14,2],[7,-12],[33,-10],[14,-29],[22,-11],[-29,-64],[31,-40],[-2,-41],[-72,-43],[-14,-18],[-38,5]],[[39864,59443],[-13,16],[-40,10],[-53,-3],[-35,-38],[-50,-8],[-39,-22],[-24,4],[-22,-10],[-50,-3],[-13,-28],[-43,-26],[-8,-47],[-25,2],[-50,-22],[-40,9],[-23,-6],[-40,12],[-11,25],[-23,16],[-14,-1],[-24,18],[-63,12],[-43,54],[-95,-18],[8,17],[-6,40],[-129,103],[10,26],[-5,19],[-11,29],[-28,18],[-6,17]],[[38492,60916],[128,-13],[22,16],[-5,24],[11,21],[-9,21],[17,23],[-8,25],[31,59],[29,11],[-6,46],[15,25],[4,68],[46,55],[-2,42],[25,27],[-22,51],[21,36],[4,47],[30,55],[-14,33],[12,50],[10,4],[-34,51],[9,17],[65,10],[28,13],[14,41],[-30,58],[45,41],[39,90],[86,43],[21,68],[42,21],[8,27],[36,42],[-3,9],[-34,11],[-22,52],[-20,13],[7,23],[-15,45],[-31,28],[-45,17],[-7,15],[-3,32],[26,44],[-18,82],[13,38],[-31,40],[35,65],[4,29],[50,12],[15,17],[36,3],[66,69],[-44,104],[-38,49],[12,88],[-16,106],[13,29],[-8,66],[16,11],[34,-1],[13,62],[43,50],[-24,28],[-14,49],[22,75]],[[39192,63524],[48,22],[60,-41],[59,20],[14,-26],[44,-1],[25,15],[22,53],[31,4],[35,-9],[-9,-33],[6,-38],[-24,-15],[-1,-52],[40,-79],[9,-39],[39,-37],[47,-18],[81,5],[18,-69],[33,-33],[-23,-26],[23,-42],[85,-59],[78,-38]],[[44531,57321],[23,18],[45,91],[14,72],[-24,44],[31,50],[-17,40],[-23,-7],[-92,52],[-35,74],[-47,27],[6,15],[39,22],[-18,29],[-12,2],[10,25],[-28,26],[9,51],[17,25],[-66,66],[-23,0],[-33,26],[-27,0],[-67,52],[-7,11],[10,18],[-56,34],[-11,22],[10,63],[-14,18],[2,20],[-26,30],[-105,26],[-24,-36],[-39,-3],[-12,4],[9,15],[-16,8],[-22,4],[-16,-8],[-11,8],[-43,2],[-32,45],[-56,23],[12,19],[-14,25],[-15,-6],[-16,27],[-67,29],[14,30],[46,23],[4,22],[-17,35],[-25,23],[-15,12],[-31,4],[4,29],[-19,30],[26,59],[-31,32],[0,28],[-15,3],[-3,15],[-15,-4]],[[43577,58860],[-2,15],[-26,18],[11,21],[112,-15],[35,40],[38,-15],[42,31],[42,1],[-1,20],[19,26],[76,-3],[39,22],[35,-1],[26,-24],[57,-25],[46,-2],[95,-35],[22,8],[-7,19],[22,41],[39,13],[26,-5],[12,15],[29,-4],[10,11],[19,-6],[15,12],[36,-60],[33,-18],[12,17],[17,1],[10,21],[32,4],[7,14],[20,-13],[24,28],[22,2],[36,33],[20,3],[-3,41],[24,13],[22,32],[5,28],[35,39],[24,79],[58,51],[-9,-28],[11,-11],[-1,-25],[36,-50],[20,-5],[-5,-33],[36,-19],[36,-47],[-1,-11],[25,-12],[41,-48],[-4,-10],[10,-2],[9,-25],[28,-16],[29,-49],[38,-27],[-31,-14],[0,-18],[-12,-7],[10,-16],[-6,-13],[52,-18],[33,0],[14,-12],[31,9],[27,-54],[-17,-21],[62,-2],[12,-19],[53,-23],[36,2],[34,23],[36,-30],[44,-4],[25,27],[31,10],[84,-22],[10,-15],[56,-28],[40,-4],[20,-21],[47,2],[82,-51],[54,-5],[25,-42],[46,-34],[16,-81],[62,-16],[9,-33],[20,1],[4,-7],[11,11],[8,-5],[14,-54],[13,-6],[-7,-14],[9,-38],[15,-7],[111,55],[57,0],[19,18],[27,56],[73,-30],[69,23],[27,-6],[54,10],[57,-2],[101,57],[34,36],[33,18],[24,120]],[[46899,58641],[106,-36],[13,-49],[-8,-38],[34,-10],[15,-44],[28,1],[11,-26],[-8,-10],[15,-4],[9,-22],[35,-10],[-3,-22],[14,12],[10,-16],[16,3],[8,-8],[34,9],[10,-37],[14,-8],[-6,-25],[-10,-1],[10,-17],[-10,-13],[-10,2],[1,-21],[-17,-15],[-3,-51],[-23,-5],[23,-38],[-7,-77],[27,-58],[125,25],[73,-19],[52,-29],[87,-10],[14,32],[-23,17],[-4,20],[45,8],[20,34],[19,5],[22,33],[-32,21],[21,57],[34,18],[28,-19],[29,-1],[-2,25],[13,8],[68,-11],[20,6],[23,31],[-20,20],[13,5],[36,-11],[37,71],[25,-25],[33,6],[16,-35],[14,0],[17,-29],[15,17],[17,-9],[24,3],[-9,-25],[18,-13],[13,17],[36,1],[-3,20],[8,5],[9,-9],[-5,-23],[18,7],[25,-20],[87,44],[1,-27],[22,13],[21,-29],[1,31],[17,-2],[12,-18],[7,32],[46,-1],[12,24],[35,9],[9,-8],[-5,-23],[28,19],[17,-8],[24,8],[66,74]],[[50786,63740],[5,-15],[16,-2],[-11,-26],[-9,3],[-12,-18],[-23,9],[-23,-25],[8,-6],[-10,-11],[-13,3],[3,-13],[-17,4],[0,-11],[-7,9],[-20,-3],[14,-8],[-18,-8],[12,0],[17,-18],[-16,-45],[9,-13],[-15,-11],[-32,4],[-25,-21],[-22,3],[-28,-11],[-18,1],[-16,13],[-42,-21],[-14,11],[-2,-9],[-33,0],[-4,-13],[-13,9],[2,-15],[-17,4],[-19,-12],[11,-14],[-70,-2],[-6,-19],[10,-8],[-10,-25],[-13,9],[-10,-12],[18,-10],[-25,-11],[5,-29],[18,1],[-21,-21],[10,-3],[-5,-38],[-43,-37],[2,-11],[-34,-8],[-4,11],[21,-3],[-15,10],[2,12],[-19,-3],[-15,26],[-14,-14],[-35,23],[-1,-16],[-19,-4],[-10,-17],[-7,30],[-30,-12],[8,-27],[-33,5],[-2,-31],[-23,5],[-9,-18],[-98,0],[-10,23],[-48,-20],[-18,-35],[11,-47],[-97,-47],[-6,-32],[29,-20],[-5,-22],[21,-8],[-10,-50],[-26,-42],[-70,-26],[11,-24],[34,-2],[1,-17],[-28,-40],[-42,-12],[-20,-17],[-5,-39],[-31,-42],[-7,-47],[-21,-44],[-37,-32],[0,-10],[-55,-20],[-6,-20],[-31,-21],[-39,4],[-14,18],[-19,6],[-22,24],[-2,26],[-11,-4],[-29,33],[-20,7],[-7,28],[-22,20],[-74,24],[-54,-13],[-23,-16],[-32,-63],[28,-25],[-15,-32],[52,-16],[10,-19],[25,-15],[32,12],[40,-10],[20,5],[45,-38],[19,1],[2,14],[35,24],[22,-10],[27,-34],[-22,-1],[-10,-41],[12,-11],[-25,-14],[2,-33],[-48,-59],[-10,-28],[-24,-11],[-70,-69],[-8,-25],[-22,-3],[-64,-57],[-8,-34],[-65,-55]],[[46761,63670],[3,56],[-20,-2],[3,70],[16,6],[5,42],[-22,-26],[-14,0],[-21,14],[9,23],[-24,8],[-9,-11],[-21,20],[-19,-9],[-1,26],[19,26],[-30,13],[13,31],[-6,16],[-19,10],[10,18],[-9,16],[13,4],[0,16],[13,1],[-5,15],[14,33],[48,0],[-11,12],[2,19],[-27,3],[15,42],[39,16],[-16,24],[11,11],[32,0],[20,35],[-16,15],[-8,37],[14,11],[-12,8],[7,21],[-18,35],[13,59],[-26,45],[-69,32],[-3,39],[16,14],[-10,19],[23,20],[10,54],[-44,2],[-11,12],[0,62],[-28,23],[4,21],[-22,30],[-6,32],[-18,4],[7,43],[-43,42],[-11,24],[-20,11],[-1,26],[-34,0],[-25,31],[-45,-1],[-34,18],[-35,-9],[-55,9],[-42,105],[7,71]],[[46237,65213],[1465,278],[530,364],[199,108],[3,31],[39,33],[2,17],[31,32],[116,47],[14,23]],[[42790,56318],[-1,63],[14,38],[-16,25],[7,54],[35,19],[8,26],[31,22],[17,32],[38,17],[62,-7],[50,26],[10,14],[18,-1],[16,18],[35,2],[3,9],[35,11],[14,-5],[34,25],[44,9],[31,25],[53,3],[95,46],[65,15],[26,47],[33,24],[-16,33],[24,4],[-3,21],[19,7],[-7,37],[21,16],[1,27],[13,-3],[14,19],[14,1],[1,19],[11,0],[5,20],[25,20],[13,-7],[14,56],[28,34],[79,24],[16,14],[27,-2]],[[43846,57215],[2,-16],[11,-2],[-1,-73],[-27,-22],[-2,-13],[41,-52],[-25,-56],[30,-9],[64,22],[47,1],[28,18],[9,25],[29,30],[-4,26],[35,38],[3,41],[32,17],[51,4],[40,21],[34,36],[-3,66],[75,-20],[40,4],[65,-13],[111,33]],[[44531,57321],[26,-13],[-18,-52],[57,1],[38,24],[45,-3],[9,37],[62,61],[55,-1],[55,16],[53,-9],[59,55],[29,0],[42,-16],[69,1],[53,13],[47,43],[11,56],[31,11],[33,40],[21,-2],[34,-27],[41,-17],[7,-19],[28,-20],[-9,-88],[8,-20],[35,-17],[2,-33],[53,-49],[-10,-45],[-35,-32],[6,-19],[39,-28],[7,-115],[-26,-40],[-35,-28],[-14,-41],[7,-66],[-29,-31],[-47,-93],[-64,-50],[-15,-70],[75,-17],[69,27],[37,32],[53,-9],[46,16],[39,-8],[56,13],[12,14],[56,4],[-3,15],[10,6],[24,-15],[25,4],[5,15],[15,-4],[17,17],[21,0],[-6,17],[26,16],[33,2],[35,20],[49,10],[15,-7],[15,22],[30,16],[18,44],[18,5],[14,52],[19,5],[3,12],[-13,7],[8,19],[-7,17],[13,9],[-7,13],[12,-3],[12,9],[5,16],[-15,12],[19,23],[1,17],[43,9],[5,25],[32,18],[12,2],[53,-41],[96,-41],[38,36],[33,67],[23,4],[5,13],[16,-7],[76,41],[-23,41],[4,53],[20,8],[11,29],[8,-27],[12,-3],[54,45],[-14,14],[8,16],[-12,3],[-7,16],[10,12],[-26,24],[15,13],[6,37],[29,15],[-23,17],[17,38],[17,25],[36,25],[1381,-382]],[[41253,60891],[-30,15],[-44,-4],[-24,12],[-89,13],[-51,-9],[-48,-31],[-54,-3],[-21,-14],[-64,-6],[-42,-36],[-92,0],[1,-27],[-32,-35],[-40,-9],[-17,-16],[-42,-6],[-8,-32],[-27,-23],[-17,8],[-20,-6],[-11,14],[-2,-19],[-30,-35],[16,-109],[-15,-14],[-54,15],[-12,-8],[11,-65],[-16,-23]],[[40379,60438],[-1,1],[0,-1],[1,0]],[[40379,60438],[-2,-15],[-38,10],[15,-26],[-9,-39],[10,-39],[-20,-42],[-52,-9],[-55,12],[19,28],[-13,50],[8,47],[-8,15],[-69,-29],[-22,-34],[-37,3],[13,129],[-4,23],[-38,25],[-9,25],[18,69],[-25,63],[29,57],[-13,47],[24,27],[4,21],[-2,51],[-12,18],[20,32],[35,5],[35,-9],[22,19],[-1,36],[25,49],[22,92],[-6,54],[16,78],[-15,39],[6,53],[-45,32],[13,25],[-4,19],[-29,6],[-11,13],[-5,46],[-31,49],[-9,79],[-10,16],[-106,74],[5,29],[-23,33],[-6,41],[29,89],[-25,19],[-18,49],[-60,88],[-50,-3],[-36,41],[-16,91],[39,10],[71,52],[2,10],[-11,20],[-59,37],[-29,85],[-49,39],[-23,33],[25,28],[8,32],[24,5],[32,28],[18,37],[0,17],[-31,18],[-37,53],[16,19],[-9,24],[101,88],[46,25],[11,59],[-31,40],[5,20]],[[39932,62988],[18,20],[48,22],[33,67],[-5,47],[-15,17],[22,32],[2,53],[20,62],[-32,51],[29,32],[19,47],[-12,54],[26,75],[-2,25],[73,47],[9,20],[-3,44],[36,56],[-2,13],[-40,19],[2,11],[43,10],[53,27],[28,49],[33,-1],[7,14],[-18,13],[16,46],[9,-7],[53,3],[24,20]],[[40406,63976],[5,47],[31,5],[30,39]],[[40673,63301],[6,-8],[-11,-15],[14,-10],[-20,-13],[-14,2],[15,-9],[-12,-6],[16,-31],[-13,-35],[17,-21],[-32,-24],[-4,-37],[-66,-80],[10,-36],[-15,-12],[13,-6],[-17,-20],[2,-21],[-24,3],[-17,-27],[15,-34],[-11,-14],[10,-21],[-10,-8],[18,-9],[1,-10],[-21,-18],[4,-14],[-11,-2],[7,-7],[-16,-6],[5,-10],[-14,-13],[25,-18],[-3,-13],[-19,-8],[15,-32],[21,-12],[18,-27],[-22,-33],[-36,-29],[-17,-26],[0,-19],[26,-7],[35,5],[25,19],[19,63],[19,-2],[30,12],[6,12],[46,2]],[[40735,62570],[17,-74],[-14,-11],[15,-51],[-7,-23],[20,-87],[33,-61],[-4,-56],[-13,-15],[20,-22],[22,-73],[-12,-11],[7,-19],[-7,-21],[-19,-5],[25,-59],[-7,-19],[18,-118],[-4,-15],[-22,-12],[11,-19],[-25,-33],[-5,-25],[19,-21],[-10,-15],[-3,-48],[20,-31],[20,-11],[15,-44],[32,-5],[77,-79],[13,-53],[-25,-64],[14,-9],[3,-19],[50,-40],[73,-18],[21,-41],[-9,-66],[16,-15],[32,1],[36,-47],[36,-9],[12,-12],[12,-61],[28,-13],[14,-35],[-20,-35],[15,-38],[-22,-22]],[[42352,60484],[-34,57],[22,34],[-4,53],[27,33],[-8,18],[9,17],[68,-25],[16,16],[77,-11],[56,-28],[19,14],[-6,28],[-24,5],[-3,20],[-45,23],[-15,71],[21,56],[9,77],[22,29],[-16,6],[-10,51],[-46,47],[-14,33],[-28,1],[-19,27],[-56,6],[0,12],[-35,35],[-43,3],[-2,7],[18,9],[-13,19],[-13,-3],[-2,13],[-17,5],[-18,-12],[-8,13],[-21,1],[8,27],[-10,29],[21,16],[-40,21],[1,13],[-12,7],[11,5],[0,14],[-25,1],[16,24],[-27,13],[26,39],[34,8],[9,16],[33,0],[31,37],[-57,48],[-22,35],[-46,21],[-3,16],[-57,-28],[-15,25],[-35,22],[-11,21],[7,24],[-20,3],[-15,17],[13,48],[23,-10],[30,34],[18,-15],[17,11],[1,9],[-15,8],[5,27],[-36,22],[-8,18],[-24,0],[-6,14],[-33,-1],[-19,11],[-8,-11],[-19,1],[-20,-27],[-45,-5],[-72,-37],[-7,23],[-35,-5],[-16,6],[-4,13],[-7,-6],[-25,5],[-5,20],[-15,9],[-14,-9],[-19,10],[-42,1],[-44,27],[6,18],[-8,5],[10,10],[-21,46],[5,13],[-10,11],[-17,-4],[2,17],[-23,-6],[-17,13],[19,45],[26,14],[-6,11],[18,8],[11,30],[-8,4],[7,12],[-27,22],[13,10],[0,31],[-8,4],[3,11],[11,0],[-10,18],[17,18],[23,7],[1,11],[-15,10],[15,24],[-23,22],[-13,32],[-38,10],[-14,17],[1,16],[-18,4],[-7,24],[20,20],[-5,16],[-24,3],[-66,-51],[3,27],[-11,22],[10,8],[-22,55],[-13,9],[-35,-7],[-62,-62],[-38,-2],[-31,-36],[-13,-36],[-50,1],[-21,-14],[6,-85],[-64,-49],[2,36],[-13,21],[-34,1],[-42,26],[-39,4],[-14,25],[-201,191]],[[40735,62570],[-49,46]],[[40686,62616],[-2,39],[15,8],[10,47],[48,26],[4,44],[-14,37],[1,31],[13,18],[12,76],[16,35],[45,49],[58,-20],[8,5],[5,21],[16,13],[-4,15],[16,17],[173,-42],[53,11],[43,30],[19,-2],[61,-31],[6,-35],[16,-12],[3,-19],[21,9],[56,-21],[51,2],[25,-15],[56,14],[64,-30],[25,27],[14,2],[10,50],[42,19],[31,35],[18,0],[16,43],[23,-2]],[[43093,62433],[-15,-64],[14,1],[37,-22],[36,-50],[33,-4],[19,-43],[-7,-24],[-17,-9],[6,-43],[87,5],[9,-21],[34,-31],[31,-11],[1,-9],[22,-2],[5,-20],[45,-9],[7,-25],[24,-27],[24,-3],[15,-18],[55,-4],[48,-21],[11,-54],[23,2],[14,-24],[47,0],[17,-25],[-32,-7],[4,-17],[-21,-27],[10,-8],[-5,-24],[29,-15],[20,11],[27,-4],[4,-61],[50,-14],[10,-13],[50,-4],[34,-18],[36,7],[59,-6],[96,-103],[15,-3],[7,-30],[14,-9],[23,1],[25,-20],[30,-4],[7,-12],[26,-8],[0,-31],[42,-18],[11,-23],[34,-23],[-8,-29],[12,-4],[1,-14],[-20,-11],[0,-9],[16,-25]],[[44255,61194],[-40,-24],[-24,-27],[-25,8],[-67,-1],[-34,-34],[-3,-38],[-60,-13],[-27,-27],[-13,-1],[-2,-38],[-15,-2],[-3,-19],[-59,-36],[-6,-16]],[[40673,63301],[-15,8],[4,18],[-11,2],[16,31],[-11,18],[22,15],[-24,17],[-3,66],[15,15],[-11,51],[-23,25],[-2,103],[-18,18],[-5,34],[-21,30],[4,12],[-36,33],[-4,45],[-32,16],[22,125],[-16,22],[-25,9],[-27,53]],[[40472,64067],[74,9],[72,75],[16,2],[28,-13],[12,25],[38,17],[57,-9],[113,37],[51,8],[22,-1],[33,-26],[14,4]],[[41195,63876],[19,-13],[-29,-55],[3,-39],[-18,-41],[-4,-49],[-46,-92],[-56,-70],[-51,-47],[-44,-25],[-10,-23],[-40,-27],[-19,-38],[-27,-23],[-102,1],[-98,-34]],[[40712,55569],[-18,47],[-30,14],[1,15],[-37,69],[-59,23],[-31,4],[-23,-9],[-9,8],[12,66],[45,41],[10,49],[-13,18],[8,21],[-43,59],[-51,27],[-15,-25],[-53,-10],[-40,60],[-36,34],[-137,-2]],[[40193,56078],[46,49],[-1,49],[-20,27],[24,23],[38,7],[28,18],[31,2],[9,10],[23,-2],[33,23],[32,-2],[0,14],[24,21],[1,12],[15,-2],[1,17],[20,8],[1,26],[48,7],[-2,15],[24,12],[3,33],[23,-7],[8,7],[18,-11],[-7,101],[64,3],[26,40],[127,86],[12,22],[1,38],[22,15],[93,26],[45,1],[20,19],[4,29],[53,80],[71,18]],[[41151,56912],[9,-12],[29,-7],[52,7],[12,-59],[52,-29],[-17,-63],[34,-34]],[[41322,56715],[-14,-51],[22,13],[24,-20],[24,-6],[32,-35],[36,-7],[37,-42],[-11,-10],[10,-39],[-21,-20],[-22,-46],[33,-86],[-42,-61],[10,-26],[0,-61],[13,-2],[-2,-13],[44,-35],[51,33],[17,1],[35,32]],[[40596,58433],[8,-22],[48,-6],[4,-87],[7,-16],[23,-9],[-33,-29],[3,-30],[-32,12],[-36,-10],[-27,-25],[-34,-62],[-21,-7],[4,-9],[-48,-90]],[[40462,58043],[-42,-23],[-30,-2],[-24,10],[-33,-6],[-69,45],[-70,-31],[-41,-7],[-64,18],[-57,56],[-69,-10]],[[39963,58093],[-27,38],[-22,75],[-25,28],[-76,51],[-20,62],[10,33],[33,46],[-11,28],[44,104],[-2,50]],[[36003,69805],[-735,-621],[-60,-9],[-62,-56],[-39,-6],[-19,8],[2,12],[-17,1],[-18,0],[-18,-18],[-3,9],[-25,2],[-2,-11],[-39,-10],[-10,-40],[-44,-15],[-11,7],[2,13],[-12,-3],[-10,11],[-19,-16],[-14,30],[-23,-11],[-5,-13],[-10,1],[-37,-44],[-39,16],[-20,-7],[4,-15],[-16,-9],[-6,-33],[-15,10],[-14,-8],[-17,14],[-11,-39],[-29,2],[-7,-11],[-39,13],[-28,-10],[-11,6],[-6,-11],[-11,6],[-11,-7],[-13,-22],[-66,-15],[-32,8],[-38,42],[-53,20],[-24,27],[-40,-16],[-3,-16],[-15,-6],[-221,-58],[-29,1],[-20,12],[-32,-7],[-46,5],[-2,-10],[21,-19],[-2,-28],[-27,-17],[-24,10],[-13,-6],[-13,-60],[-25,-25],[-8,-68],[-63,-13],[-44,22],[-38,7],[-9,22],[-14,1],[-45,-31],[-24,-5],[2,-17],[-19,-20],[-68,-31],[-5,19],[-14,-2],[-29,-64],[30,-31],[-31,-36],[-13,-3],[2,13],[-14,5],[-6,-15],[-21,-4],[2,-18],[-30,-5],[12,-37],[-18,-32],[15,-17],[-15,0],[-14,-13],[15,-6],[-7,-20],[-13,-6],[24,-45],[-9,-42],[41,-57],[-13,-56],[55,-61],[-66,-28],[21,-53],[-25,-90],[20,-40],[-5,-16],[8,-2],[-21,-25],[15,-29],[17,5],[-3,-15],[22,-2],[27,-30],[-5,-10],[-20,7],[-3,-14],[37,-9],[-7,-13],[-38,-2],[5,-23],[-25,-4],[20,-17],[-4,-6],[-19,8],[5,-28],[-40,-5],[40,-20],[-30,-13],[-3,-13],[28,1],[13,-13],[-28,0],[12,-17],[13,-1],[-10,-19],[-30,10],[-14,-13],[16,9],[1,-15],[33,-4],[-25,-5],[0,-8],[30,2],[12,-8],[-13,-7],[0,-23],[-12,13],[-24,-20],[14,7],[13,-19],[22,7],[-14,-23],[10,-13],[21,22],[-14,27],[5,9],[56,-12],[6,-12],[17,8],[26,-43],[-2,17],[17,-16],[40,3],[4,-16],[-19,7],[-19,-14],[17,-2],[2,-15],[19,1],[-9,-45],[-24,37],[2,-28],[-35,-25],[24,-11],[18,5],[9,-17],[29,-1],[-6,13],[13,1],[9,-14],[-26,-13],[34,-6],[9,-13],[-39,-17],[11,-15],[16,-1],[-7,-17],[19,-20],[14,3],[-19,13],[-2,13],[22,14],[39,-13],[21,-35],[28,18],[22,-2],[8,-23],[-32,-16],[9,-16],[-12,-21],[8,-12],[52,6],[10,21],[6,-11],[-8,-15],[15,8],[14,-22],[55,30],[-5,-16],[46,-15],[12,-16],[30,-11],[24,10],[18,-14],[7,16],[12,-7],[5,11],[10,-18],[14,-1],[-2,-13],[38,-10],[15,-36],[-22,-5],[2,-68],[18,-15],[3,-19],[22,-4],[-2,-16],[33,-7],[-21,-18],[66,-75],[17,-35],[-9,-15],[19,-3],[77,-47],[22,5],[20,-28],[49,-7],[-10,-19],[24,4],[1,-13],[19,8],[-18,-20],[4,-15],[20,-4],[20,10],[-20,-30],[19,-9],[1,-17],[-21,-14],[27,-2],[-6,-16],[17,2],[0,-10],[22,-5],[-11,-2],[4,-25],[35,-17],[-11,-24],[19,16],[10,-4],[-15,-17],[6,-22],[-29,6],[-4,-11],[26,-6],[-21,-7],[27,-16],[7,-23],[-7,-14],[17,5],[7,-6],[-264,-3]],[[32238,70839],[121,5],[95,-19],[43,-22],[-23,-26],[15,26],[-19,-4],[-30,21],[-40,-94],[-15,24],[-36,-7],[-8,37],[-24,-9],[8,-56],[-20,-9],[36,-39],[-14,-67],[7,-41],[59,-121],[46,-9],[10,12],[19,-1],[17,-29],[16,0],[15,7],[30,44],[-2,35],[10,0],[0,11],[-39,20],[-29,58],[46,-21],[13,-16],[29,-1],[19,-15],[0,17],[10,-8],[-5,12],[-27,3],[-8,10],[39,2],[10,-16],[-4,-18],[-30,-38],[26,-15],[45,22],[47,-16],[16,-15],[-8,-7],[-19,7],[10,10],[-18,-1],[-3,9],[-11,-8],[-30,4],[-20,-7],[35,-19],[-4,-14],[-16,16],[-29,5],[-8,-49],[14,19],[21,4],[26,-21],[52,-3],[14,-20],[-58,-8],[-40,5],[14,-32],[-24,0],[-19,17],[-24,-4],[-13,-21],[26,-12],[24,-29],[-24,0],[-18,-24],[-21,6],[-2,35],[-12,-5],[-38,10],[9,-32],[-20,6],[8,-40],[-46,-58],[6,-45],[-17,-27],[0,-43],[25,-26],[49,-19],[41,-32],[2,-10],[-13,-3],[12,-31],[-41,-8],[19,-11],[22,4],[-6,-17],[27,-34],[39,-4],[158,58],[21,14],[20,35],[55,26],[1,49],[-13,33],[-27,15],[5,5],[76,-15],[39,1],[232,39],[89,25],[-45,-34],[94,18],[46,-18],[18,-20],[-45,4],[-81,-41],[-27,8],[-16,-23],[-38,9],[-38,-19],[-22,5],[-14,-9],[11,-22],[-32,-21],[35,-26],[-15,-15],[47,-34],[-12,-10],[-12,12],[-11,-4],[-20,-25],[5,-18],[37,-17],[81,24],[-10,-16],[10,-2],[12,11],[-18,25],[5,8],[26,-19],[81,4],[-23,-3],[-17,-23],[-21,-5],[-26,-44],[-40,9],[-23,-27],[-102,-17],[-13,-15],[-38,10],[-10,-19],[-21,4],[-15,-19],[22,-13],[19,18],[0,-29],[14,-16],[24,10],[53,-4],[15,-14],[81,-1],[64,-52],[4,-15],[-9,-5],[-1,15],[-24,9],[-3,-11],[18,-15],[-35,-23],[-15,43],[-9,2],[4,-19],[-8,-2],[-35,17],[6,15],[-51,26],[-100,-8],[-24,-13],[11,-35],[12,3],[7,28],[13,5],[4,-48],[22,-11],[24,3],[-4,-29],[-21,6],[13,-24],[30,-1],[54,-20],[-1,-23],[46,-15],[33,1],[11,-29],[-63,-21],[-24,11],[2,13],[-34,15],[-33,0],[-52,-16],[10,26],[-26,9],[-32,-26],[-21,-2],[-8,63],[-54,61],[-44,12],[-99,-2],[-49,-19],[-43,-54],[4,-29],[-22,9],[-27,-23],[-13,-44],[13,-31],[-27,-32],[28,-7],[29,-32],[-51,-56],[-3,-120],[-29,-147],[9,-50],[62,-88],[71,-32],[177,-36],[126,-11],[31,-18],[11,17],[24,5],[198,-8],[215,11],[191,30],[79,27],[56,40],[8,40],[-19,29],[-86,56],[35,-13],[16,11],[35,-18],[52,20],[19,24],[-37,47],[2,30],[94,61],[32,62],[-33,82],[-32,13],[-2,27],[-16,6],[-24,-6],[-6,14],[-30,-12],[29,33],[-4,25],[-27,29],[30,-12],[34,16],[16,-6],[43,35],[9,24],[-53,32],[4,10],[17,1],[-8,7],[-29,4],[-1,7],[14,6],[79,-26],[34,13],[29,72],[4,49],[-45,54],[8,22],[-24,44],[-15,4],[-16,23],[-16,-14],[-15,21],[33,10],[-40,-4],[-15,15],[0,-15],[-24,-7],[-3,-3],[29,8],[-8,-16],[23,-57],[-5,-7],[-24,-2],[0,-1],[-8,-3],[0,-1],[32,6],[8,-24],[-17,0],[9,-8],[-8,-20],[-18,6],[-34,-22],[-2,25],[16,36],[-15,22],[13,19],[-10,23],[4,39],[24,31],[-12,92],[-26,13],[-23,-40],[-48,43],[-30,-1],[1,-17],[-23,36],[70,49],[47,57],[29,71],[13,82],[-7,43],[-27,47],[-6,48],[-22,32],[-17,117],[-21,19],[-5,104],[-29,41],[-14,47],[-67,27],[-24,49],[112,231],[29,104],[-4,94],[-47,51],[19,171],[-2,77],[-60,105],[-41,40],[-100,4],[-8,37],[-34,40],[-23,118],[-41,82],[-42,58],[-102,93],[-82,49],[-84,34],[-301,82],[-61,31],[-56,22],[-17,1],[-24,18],[8,45],[-25,-6],[-19,-18],[-19,10],[-20,-11],[-45,33],[24,-56],[59,-59],[50,41],[24,1],[31,-16],[-53,-4],[-42,-22],[-41,-6],[-66,85],[-9,68],[41,36],[204,120],[73,64],[36,59],[-9,33],[15,84],[254,10],[429,53],[252,54],[376,64],[104,27],[182,65],[31,18],[32,55],[42,35],[6,40],[-30,63],[-22,12],[50,20],[34,34],[9,48],[-29,8],[-2,8],[142,31],[21,26],[161,27],[227,76],[173,76],[76,45],[-2,61],[13,14],[-4,17],[13,36],[156,74],[37,30],[15,26],[263,113],[37,18],[-3,6],[14,0],[-2,6],[30,7],[-2,8],[5,3],[7,-5],[-2,8],[37,14],[31,26],[36,66]],[[38492,60916],[-22,-44],[-100,-73],[-10,-18],[-38,-14],[-16,-23],[10,-39],[-21,-35],[44,-16],[15,-39],[45,5],[25,-9],[17,24],[21,1],[25,-56],[103,-67],[19,-64],[-6,-45],[20,-24],[5,-45],[-15,-72],[-28,-21],[1,-51],[21,-11],[61,-6],[40,-33],[67,-33],[39,21],[9,-42],[27,-28],[22,3],[44,-22],[19,-32],[28,-9],[-6,-90],[-15,-26],[11,-42],[-16,-4],[-42,-49],[15,-38],[-22,-32],[3,-12],[-26,-20],[5,-18],[-14,-10]],[[38856,59658],[-51,-17],[-12,-13],[1,-20],[-30,-15],[-26,4],[-42,-53],[-138,-21],[-10,-36],[25,-67],[-17,-20],[9,-68],[33,-5],[28,-18],[-2,-36],[29,-33],[-17,-41],[-22,-14],[-2,-26],[35,-22],[27,-32],[7,-32],[-12,-20],[44,-15],[60,-36],[-13,-40],[9,-37],[-10,-6],[14,-30],[-17,-53],[27,-84],[10,-13],[33,-9],[-22,-67],[8,-17],[23,-8],[13,-31],[-4,-28],[-18,-8],[5,-19],[76,-64],[-14,-49]],[[38893,58439],[-34,2],[-31,-15],[-42,-38],[7,-21],[-31,-4],[-8,-13],[-15,2],[-44,-34],[-81,7],[-39,-8],[-24,19],[-60,-1],[-12,-16],[3,-22],[27,-44],[-43,-11],[-39,-27],[-21,-1],[-16,18],[-29,-3],[-25,-34],[-28,-15],[14,-19],[-2,-22],[-25,-17],[-12,-24],[-57,-36]],[[35865,58998],[-36,39],[5,109],[-48,44],[-5,17],[-25,1],[-39,28],[-25,-1],[-77,29],[-26,-14],[-52,28],[7,-32],[-45,7],[-24,-29],[14,-23],[-3,-18],[-70,-28],[-6,36],[-39,29],[-36,68],[-3,18],[13,14],[-10,25],[24,72],[-18,64],[-13,191],[-42,111],[2,26],[31,30],[-2,34],[15,42],[-9,65],[13,26],[-8,26],[16,24],[-11,24],[6,46],[-26,40],[10,52],[-32,25],[-15,47],[-40,10],[-34,76],[55,42],[1,12],[-45,56],[-52,32],[13,76],[-9,36],[33,110],[-3,62],[-12,33],[-94,67],[-7,54],[-35,32],[-12,25],[-65,26],[-34,39],[84,42],[22,39],[-4,44],[23,53]],[[35061,61256],[43,7],[35,17],[36,79],[24,5],[19,18],[61,5],[19,-23],[33,9],[49,-71],[-3,-71],[24,-29],[-11,-24],[-41,-23],[-10,-20],[28,-17],[5,-24],[37,-51],[28,-2],[49,-34],[31,3],[14,14],[15,-6],[4,-27],[33,-15],[16,-21],[5,-95],[65,-21],[26,-18],[40,34],[36,3],[18,15],[31,161],[32,15],[-16,33],[7,17],[105,98],[0,25],[38,-2],[37,35],[26,6],[-6,23],[44,9],[-9,30],[62,8],[0,26],[-10,6],[15,15],[87,-4],[38,13],[17,16],[19,-9],[10,17],[26,-20],[14,2],[10,-23],[34,-22],[30,-1],[-7,-7],[7,-20],[-17,-18],[24,-18],[-14,-5],[5,-14],[-13,-17],[26,-2],[1,-12],[23,-8],[0,-14],[16,-10],[-11,-19],[17,-6],[22,22],[-5,-28],[29,-11],[18,3],[8,-10],[-7,-26],[-16,-4],[1,-19],[18,-8],[6,-15],[16,-3],[-5,-16],[-20,0],[-8,-23],[19,-42],[23,-10],[17,-30],[57,-11],[75,-32],[32,17],[30,-10],[31,12],[8,20],[39,17],[8,57],[39,7],[12,32],[27,20],[50,6],[23,24],[62,-31],[49,-3],[21,16],[37,0],[24,50],[110,100],[14,39],[72,14],[66,-14],[29,13],[3,12],[33,23],[5,32],[43,-8],[44,4],[29,21],[27,-8],[50,26],[31,4],[32,-15],[21,-39],[31,-5],[70,-35],[22,9],[31,-23],[-4,-32],[66,-18],[54,-64],[45,-13],[34,15],[16,-2],[40,-28],[1,-27],[20,-23],[77,17],[22,-9],[16,-85],[28,-72],[26,-26],[61,-15]],[[43093,62433],[-75,1],[-25,-8],[-9,7],[-17,-5],[-65,15],[-23,-3],[-26,19],[-15,-6],[-52,22],[-16,27],[-20,-13],[-50,-3],[10,-18],[-10,-7],[-20,10],[-26,-3],[-28,9],[-33,-10],[-28,10],[-27,-26],[-19,-2],[-15,-17],[-61,-24],[-41,-10],[-51,2],[-8,27],[-359,302],[-48,8],[-14,47],[-43,28],[-24,1],[-24,52],[-62,20],[7,70],[-36,39],[19,25],[-6,50],[13,29],[-7,12]],[[41759,63110],[5,44],[-32,52],[0,25],[-50,55],[-7,54],[-16,9],[-7,20],[-37,19],[-35,37],[-12,51],[22,43],[-9,5],[-6,57],[-27,21],[4,15],[-17,-2],[-26,12],[-9,41],[-20,6],[-40,60],[-49,18],[-6,18],[-72,-8],[-31,6],[-20,23],[-30,69],[-18,15],[-19,1]],[[41195,63876],[-36,24],[-10,42],[-38,35],[5,58],[-50,13],[-32,28],[-1,42],[-22,12],[-12,27],[3,38]],[[41002,64195],[89,55],[62,125],[13,92],[16,32],[39,14],[84,-7],[53,9],[28,45],[124,68],[54,103],[55,37],[91,24],[85,52],[46,16],[193,15],[40,26],[83,98],[47,26],[212,-43],[121,79],[33,33],[81,38],[-30,51],[-47,10],[-7,14],[-16,-2],[-18,52],[-18,-10],[-1,14],[-13,-8],[-9,15],[-21,5],[-31,72],[-15,-6],[-9,17],[-9,-9],[-9,15],[-15,1],[-13,15],[12,8],[-7,14],[8,14],[-28,27],[-27,-8],[-11,-14],[-28,1],[2,7],[-14,2],[-38,-32],[-31,1],[-6,-13],[-16,2],[-17,17],[-43,-14],[-13,14],[-41,12],[4,50],[35,45],[0,26],[13,3],[12,23],[2,39],[-15,6],[18,24],[-9,22],[36,29],[9,148]],[[42177,65831],[6,27],[27,11],[3,21],[17,16],[75,-2],[11,-16],[43,-14],[0,-27],[22,-21],[26,1],[6,-18],[31,3],[-2,11],[19,-23],[-1,-14],[51,-18],[18,6],[12,-16],[40,9],[36,-3],[20,13],[13,-11],[60,56],[16,-13],[24,17],[26,-29],[35,23],[18,0],[14,-15],[30,34],[7,-8],[16,7],[9,-15],[18,20],[33,-30],[20,6],[9,-9],[30,31],[8,-4],[20,12],[18,-8],[16,15],[12,-1],[10,18],[23,6],[4,15],[48,16],[24,-1],[3,-17],[28,-4],[-1,-9],[8,10],[3,-7],[30,4],[12,14],[5,-14],[19,0],[34,30],[12,-4],[14,18],[39,-12],[16,8],[-9,12],[3,45],[24,39],[-10,5],[54,32],[-14,39],[13,20],[-10,14],[11,21],[-8,19],[65,9],[13,-7],[15,5],[11,-13],[1,14],[14,1],[35,-84],[48,-12],[30,2],[2,-10],[20,6],[20,-13],[-8,-6],[7,-10],[-10,1],[9,-16],[-21,-19],[-5,-48],[13,-7],[-18,1],[0,-16],[53,-7],[5,-15],[15,2],[11,-9],[-10,-7],[9,-4],[-4,-28],[-53,7],[-15,-18],[-24,-3],[0,-13],[54,-36],[-23,-46],[-16,1],[11,-4],[-10,-8],[10,-13],[-9,-4],[45,-28],[5,-14],[-11,-2],[10,-21],[-10,-10],[17,-10],[-17,-16],[8,-16],[-15,-12],[6,-26],[-31,-47],[10,-47],[24,-25],[-22,-19],[-11,-40],[25,-56],[28,-9],[-12,-14],[-48,-2],[-26,-14],[-18,-25],[-25,-9],[-20,-23],[-6,-57],[-34,-26],[1,-18],[28,-42],[2,-65],[16,-4],[16,-30]],[[43654,65018],[-25,-2],[-67,-35],[-13,-31],[-38,-25],[-1,-48],[16,-41],[-22,-105],[13,-9],[-6,-21],[13,-67],[48,-57],[79,-53],[24,-54],[26,-15],[49,-7],[27,-18],[26,2],[50,-30],[18,2],[29,-29],[-3,-24],[20,-17],[-3,-12],[31,-54],[-5,-22],[-11,-5],[10,-11],[-14,-34],[8,-22],[-27,-58],[26,-137],[19,-2],[29,-25],[32,-45],[78,5],[47,16],[25,-24],[-5,-13],[16,-18],[-26,-54],[-30,-21],[-15,-41],[37,-73],[-26,-30],[29,-38],[-3,-48],[14,-61],[-6,-22],[10,-10],[-14,-56],[20,-31],[-22,-54]],[[44141,63334],[-5,-18],[-61,13],[-28,-22],[-30,-3],[-9,-106],[-22,-9],[-4,-23],[-27,-19],[-29,-2],[5,-29],[-30,-40],[16,-39],[-20,-12],[-2,-14],[9,-15],[-8,-11],[14,-11],[-9,-16],[13,-100],[-25,-15],[-41,2],[-16,-74],[-19,4],[-24,-21],[-24,32],[-50,15],[6,-17],[-10,-15],[7,-14],[-13,-7],[4,-49],[-20,-7],[-67,14],[-15,-23],[-14,2],[-10,-49],[-40,-13],[-26,-33],[-25,1],[-12,-13],[-35,1],[-17,17],[-35,7],[-33,25],[-15,-17],[-93,-45],[-65,-4],[-67,-41],[5,-48],[-12,-18],[3,-16],[-23,-6]],[[49073,62014],[-102,-106],[-18,-1],[1,-14],[-20,-6],[-36,-55],[-11,-8],[-13,5],[-76,-71],[-52,-2],[-27,-38],[-41,-32],[-29,-7],[8,-17],[-40,13],[-23,-7],[2,13],[-31,4],[-7,12],[-16,-16],[8,-13],[-7,-5],[-14,7],[1,11],[-22,8],[-1,14],[-36,22],[-19,0],[-17,14],[-64,3],[-14,7],[-5,17],[-22,0],[-40,-18],[-78,6],[-8,-12],[13,-6],[-5,-15],[8,-1],[-24,-12],[21,-7],[-16,-30],[6,-8],[-17,-7],[-8,6],[10,-17],[-21,-14],[10,-14],[-18,-11],[3,-14],[-8,4],[-6,-12],[-34,4],[-49,-34],[-2,13],[-17,-3],[-7,-11],[-26,27],[-8,-6],[-17,7],[-13,-10],[-31,9],[-21,-6],[3,-21],[-53,14],[-14,-3],[-3,-10],[-35,-4],[-1,11],[-13,-3],[-17,11],[-41,38],[-29,-6],[-36,-32],[-13,10],[-25,0],[-41,58],[-16,-4],[-5,8],[-27,2]],[[47561,61643],[-1,0],[0,1],[1,0],[0,-1]],[[47561,61643],[-52,8],[-4,-9]],[[47505,61642],[1,0],[0,1],[-1,0],[0,-1]],[[47505,61642],[-43,-26],[-43,26],[-13,-4],[3,11],[-18,5],[-26,-19],[6,-13],[-32,3],[-50,-47],[-10,-89],[-32,6],[1,-13],[-35,-11],[4,-36],[-17,1],[-1,-12],[-193,106],[-415,-330],[-9,-143],[83,-11],[41,-44],[23,-6],[24,-61]],[[46753,60935],[-38,-15],[-22,8],[-42,-35],[-37,7],[-22,22],[-60,11],[-5,9],[-12,-7],[-54,18],[-36,-7],[-29,21],[-38,2],[-17,13],[-49,4],[-27,-15],[-25,23],[2,25],[-27,-1],[-18,12],[-33,-9],[-49,14],[-3,19],[-24,10],[-37,-2],[-37,-22],[-29,12],[-1,21],[-34,-3],[-16,14],[-40,5],[-14,13],[-14,-17],[-58,-5],[-45,52],[-17,4],[-11,24],[-13,-8],[-3,-20],[-21,-2],[-33,-22],[-49,31],[-16,-15],[-20,2],[-24,-17],[-42,-4],[-7,-8],[-13,7],[-11,-7],[-15,14],[-12,-18],[-25,2],[-1,24],[15,7],[-5,10],[-23,7],[-25,34],[-34,13],[-29,40],[-56,46],[17,23],[-19,12],[2,19],[-25,-14],[-12,4],[3,14],[-16,-4],[-25,16],[-36,-2],[5,-9],[-20,-2],[-42,25],[-4,-6],[-16,8],[-2,-8],[-13,11],[-37,-12],[6,-39],[-8,-1],[11,-14],[-15,-21],[-62,-1],[-36,-14],[-43,14],[-48,-16],[-16,-12],[-3,-27],[-17,-5],[-19,-43],[-93,-51],[-45,-7],[-51,15],[-6,-9],[-60,26],[-15,-2],[-14,21],[-25,-4],[-36,12],[-17,-7],[-17,15],[-40,-3],[-7,7],[-31,-9],[-23,9],[-22,-6],[-26,15]],[[44255,61194],[2,17],[24,21],[14,30],[-8,15],[29,12],[8,14]],[[44324,61303],[28,20],[30,3],[28,15],[16,21],[32,-10],[31,10],[36,-7],[38,8],[16,44],[-21,55],[61,78],[-12,15],[13,15],[-17,18],[-3,83],[28,15],[5,35],[42,23],[86,12],[24,22],[28,-8],[17,5],[-1,57],[-31,7],[-9,11],[42,53],[-2,12],[-32,21],[16,15],[-11,21],[35,53],[15,0],[44,34],[41,52],[-59,28],[-10,27],[-36,26],[-38,46],[12,34],[18,11],[-1,20],[24,-1],[-13,16],[6,12],[45,41],[-3,16],[-22,20],[14,11],[0,16],[30,4],[18,22],[-5,21]],[[44917,62481],[29,-1],[12,-12],[3,11],[47,14],[2,-9],[21,-2],[-6,-21],[35,-8],[9,15],[12,-1],[11,-7],[-7,-3],[7,-17],[35,-2],[4,-14],[41,-5],[4,-8],[4,8],[22,2],[-3,-9],[12,4],[6,-14],[15,14],[23,3],[26,-42],[46,-10],[6,-13],[62,-29],[8,6],[17,-21],[26,7],[39,-27],[3,25],[36,21],[7,22],[-21,25],[-70,-7],[-26,88],[-17,10],[-21,47],[-42,38],[3,16],[24,5],[3,24],[20,23],[4,44],[-14,6],[1,18],[31,14],[10,38],[34,9],[12,16],[21,6],[23,-39],[41,-29],[5,-19],[27,-24],[17,3],[-4,-7],[29,-14],[12,7],[10,-11],[30,3],[12,-26],[21,-7],[10,-22],[10,2],[-3,-7],[26,-10],[-2,-9],[18,-5],[15,-21],[13,-7],[8,5],[2,-9],[33,2],[4,-11],[16,2],[3,-15],[22,-2],[8,-19],[28,-18],[-8,-5],[13,-7],[-5,-22],[54,-16],[8,-9],[-5,-18],[81,-22],[10,-34],[29,-13],[5,-20],[56,-1],[27,-15],[-2,82],[39,6],[9,19],[33,6],[-1,27],[-20,15],[15,12],[27,-6],[5,11],[20,2],[-2,11]],[[46305,62474],[-1,-1],[3,0],[-1,1],[-1,0]],[[46305,62474],[1,2]],[[46306,62476],[0,1],[1,0],[0,-1],[-1,0]],[[46306,62476],[12,12],[-14,30],[7,15],[14,4],[-6,18],[34,20],[-3,11],[-17,5],[0,41],[-39,22],[-21,25],[10,21],[-6,21],[67,-6],[12,22],[15,3],[-6,8],[13,2],[30,31],[23,-1],[45,27],[0,25],[16,6],[6,23],[23,10],[-17,34],[12,40],[17,12],[-27,13],[-21,-1],[-29,39],[-8,33],[12,13],[14,-10],[14,4],[11,18],[50,32],[-1,41],[9,11],[-64,17],[-13,20],[15,9],[11,36],[-24,26],[-10,34],[48,7],[22,70],[-19,12],[28,37],[66,-4],[8,12],[25,-2],[11,22],[-5,78],[9,26],[17,1],[38,43],[5,59],[36,17]],[[46761,63670],[15,-5],[-20,-5],[7,-24],[-13,-7],[8,-15],[-16,-18],[7,-26],[-11,-30],[17,-14],[-11,-7],[10,-17],[-23,-5],[-16,-22],[21,-15],[5,-37],[28,-12],[-15,-19],[20,-18],[13,-35],[28,-14],[3,-14],[15,-8],[-9,-37],[18,-9],[2,-26],[15,-9],[2,-58],[24,-21],[-4,-18],[9,-8],[26,6],[16,-20],[20,0],[-1,-24],[16,-11],[-14,-7],[3,-33],[105,31],[0,14],[37,-7],[5,19],[19,13],[-10,13],[21,12],[-1,15],[14,-1],[24,16],[34,-6],[19,20],[13,-1],[-2,-13],[18,-8],[6,-17],[27,14],[4,17],[41,9],[25,-11],[-3,-24],[9,7],[36,-5],[-1,7],[37,6],[25,-6],[20,12],[40,-18],[34,6],[12,-8],[2,7],[52,12],[29,-6],[23,-19],[5,28],[33,9],[25,76],[25,1],[5,8],[19,-14],[31,13],[33,-15],[44,18],[39,-5],[37,7],[26,-5],[1,-22],[14,-11],[28,1],[13,11],[35,-2],[0,19],[13,2],[19,26],[20,5],[3,12],[15,1],[28,-2],[-8,-32],[42,8],[5,-19],[20,-2],[17,11],[6,-18],[11,8],[5,-13],[19,17],[39,-8],[23,8],[-7,-14],[8,-19],[51,6],[38,-54],[1,-19],[-13,-10],[5,-14],[-27,-39],[6,-13],[13,-13],[14,4],[20,-27],[26,2],[1,-17],[-15,7],[-10,-22],[7,-21],[10,2],[8,-11],[8,10],[34,-8],[15,-32],[11,-2],[-2,-58],[-8,-32],[-14,-14],[11,-19],[-4,-27],[-42,-28],[-9,-28],[-16,-12],[21,-31],[-30,8],[-10,-8],[2,-18],[-30,-5],[1,-44],[36,-31],[8,-33],[18,-23],[25,0],[-18,-25],[14,-34],[-13,-125],[-8,-7],[13,-57],[-19,-9],[3,-32],[-9,-12],[6,-38],[20,-11],[-19,-20],[4,-30],[17,-12],[-23,-16],[12,-20],[-6,-22],[9,-21],[6,-5],[11,18],[36,7],[16,17],[49,3],[61,18],[73,-12],[18,-14],[62,-16],[63,4],[25,-13],[0,-19],[16,-9],[59,-2],[40,11],[34,-25]],[[72174,63622],[46,4],[35,-19],[35,14],[34,-16],[38,13],[40,-12],[97,9],[131,-46],[180,51],[28,42],[33,21],[5,32],[38,-2],[19,10],[13,17],[4,42],[34,27],[38,6],[96,-6],[67,-23],[30,42],[82,16],[22,12],[7,26],[-40,18],[-16,73],[59,42],[23,1],[18,-50],[35,-15],[34,23],[50,79],[61,29],[94,-2],[26,-36],[25,-14],[39,-3],[68,13],[3,9],[-25,11],[1,14],[46,39],[-21,10],[-25,-17],[-30,5],[-7,13],[7,17],[23,16],[55,-18],[36,22],[21,1],[28,-25],[50,-3],[17,-21],[22,27],[7,27],[51,-1],[87,21],[71,3],[34,-28],[33,-11],[29,21],[24,49],[37,11],[0,22],[15,15],[26,1],[54,-32],[55,-17],[59,0],[126,29],[75,-8],[37,5],[30,17],[28,40],[19,5],[19,-5],[30,-63],[27,-26],[34,-16],[54,-8],[34,-20],[78,-12],[20,-18],[3,-29],[10,-6],[45,10],[33,-7],[38,8],[20,-15],[55,-4],[47,-20],[144,29],[-7,27],[13,14],[55,-6],[36,33],[23,0],[38,-19],[33,12],[14,-21],[36,-6],[38,-33],[12,-42],[21,-8],[26,-32],[-16,-22],[-21,1],[-6,-12],[13,-20],[42,15],[9,-10],[-44,-31],[53,-3],[16,11],[19,-36],[25,-3],[59,-42],[15,-1],[3,-12],[-27,-27],[37,-15],[3,-25],[31,-20],[13,-25],[65,-2],[-2,15],[11,6],[115,-44],[51,-4],[8,15],[41,-3],[8,33],[21,19],[20,-5],[14,-16],[-33,-25],[73,-6],[34,29],[17,-38],[1,30],[39,5],[9,-32],[23,-23],[-9,-22],[26,-15],[6,-27],[39,-29],[42,7],[4,15],[29,-2],[14,20],[45,-38],[69,23],[17,-3],[29,-24],[57,0],[7,-53],[21,-8],[13,-18],[31,0],[-7,-36],[15,-28],[54,5],[7,-8],[-25,-8],[3,-10],[35,4],[35,-47],[47,0],[29,-22],[30,2],[42,-36],[99,17],[42,-2],[54,-18],[39,13],[27,27],[43,-19],[29,19],[53,1],[60,32],[18,23],[29,15],[-7,19],[9,12],[29,2],[100,34],[10,7],[0,24],[35,23],[48,5],[39,-8],[32,23],[24,-16],[40,20],[33,-17],[19,14],[45,-10],[15,14],[45,-17],[22,12],[91,12],[53,22],[22,-11],[4,-20],[78,-22],[54,21],[54,4],[4679,-4949]],[[65677,63934],[46,-2],[37,-15],[98,3],[25,-13],[52,-1],[44,-25],[142,-30],[112,-46],[103,-15],[79,-39],[75,13],[75,49],[44,-9],[39,15],[32,-11],[16,20],[31,-2],[26,12],[75,-19],[13,14],[34,9],[23,0],[22,-12],[85,44],[31,-15],[55,8],[28,-5],[22,18],[29,5],[37,42],[-26,68],[0,37],[8,5],[54,5],[14,21],[39,11],[94,-2],[190,20],[150,-3],[27,-8],[41,-36],[108,-19],[20,-36],[4,-73],[70,-16],[51,24],[44,6],[93,1],[88,-28],[18,3],[39,18],[28,27],[22,50],[55,18],[64,-11],[40,-39],[56,-12],[70,6],[75,24],[23,39],[29,3],[20,-11],[9,-32],[-21,-53],[-40,-32],[-4,-20],[16,-33],[-1,-27],[26,-13],[27,6],[42,39],[37,18],[49,7],[55,-8],[106,43],[41,0],[37,-14],[50,-26],[36,-32],[28,-3],[21,7],[30,55],[41,21],[32,-12],[12,-15],[41,-85],[52,-8],[61,48],[5,21],[-25,47],[19,28],[28,10],[43,-22],[10,-73],[-15,-48],[16,-35],[16,-6],[31,2],[6,9],[1,89],[17,4],[67,-22],[41,60],[44,23],[87,-20],[74,10],[60,-7],[38,-29],[44,-69],[49,-18],[34,2],[66,22],[161,-16],[144,30],[98,39],[102,-26],[119,44],[22,-12],[26,-62],[63,-2],[37,-35],[20,-4],[24,17],[28,52],[36,19],[106,-48],[35,4],[46,31],[25,-7],[20,-24],[15,-4],[164,42],[129,6],[27,32],[83,-1],[22,-3],[25,-26],[15,-28],[-10,-47],[16,-14],[29,-10],[58,9],[37,-21],[6,-20],[-47,-15],[-36,26],[25,-42],[-18,-28],[7,-20],[115,-17],[46,-25]],[[72174,63622],[-807,-648],[103,-4],[15,-5],[2,-18],[8,0],[10,24],[46,-13],[66,28],[21,-11],[75,-6],[-1,-14],[52,-12],[14,12],[62,-7],[26,-22],[17,4],[34,-12],[58,-58],[59,13],[35,33],[27,1],[3,-19],[44,-20],[18,3],[19,-20],[65,-20],[25,18],[14,-9],[24,10],[16,-2],[-4,-11],[11,-15],[13,-9],[20,2],[2,-12],[19,-1],[4,14],[8,-4],[13,12],[7,-7],[14,12],[15,-2],[6,-13],[13,3],[1,-10],[22,1],[25,-26],[-3,-31],[15,-30],[-7,-15],[19,-27],[26,-7],[18,11],[15,-13],[-15,-29],[16,-5],[6,-42],[33,-18],[8,-16],[-9,-9],[20,-14],[-16,-19],[-37,7],[-9,-18],[16,-2],[-5,-13],[23,-5],[-2,-16],[23,-41],[20,8],[34,-7],[360,-670],[14,-9],[-15,-26],[33,8],[4,-22],[32,-14],[30,1],[24,13],[16,-4],[4,7],[31,-7],[26,-19],[2,-19],[43,-1],[5,21],[10,-11],[21,-1],[75,-54],[32,1],[40,-12],[17,-18],[51,-19],[115,-534],[-27,-1],[-4,7],[14,3],[-16,8],[-35,-31],[-17,13],[-53,8],[-22,16],[-5,22],[-15,-2],[0,12],[-20,8],[2,8],[17,-5],[-1,29],[-10,7],[-4,-16],[-27,18],[-20,27],[7,6],[-7,12],[-12,-14],[-22,2],[1,-10],[-21,2],[4,-17],[-46,13],[-17,-5],[9,-11],[-16,-9],[-52,6],[5,-6],[-11,0],[-3,-10],[17,1],[-13,-9],[-16,12],[7,19],[-29,-3],[-42,13],[5,12],[-17,4],[10,15],[-33,-4],[-40,32],[-14,-2],[-1,-12],[-15,20],[-12,-9],[-9,10],[-11,-15],[-21,9],[-53,-18],[-28,10],[-12,-14],[7,-13],[-12,-2],[-5,12],[1,-11],[-12,4],[-15,-15],[12,-19],[-12,1],[3,-15],[-12,-4],[-5,14],[-2,-10],[-13,1],[-3,-16],[-24,13],[-14,-9],[-17,3],[-3,-9],[-9,2],[0,13],[-18,-14],[-8,16],[-26,-11],[-11,25],[-13,-8],[-16,22],[-28,-16],[-9,19],[-24,-13],[-14,31],[-36,2],[-11,9],[-11,-7],[8,-11],[-13,-19],[-20,3],[9,-25],[-8,10],[-19,-1],[11,-13],[-6,-21],[-16,7],[-9,-7],[-18,8],[-15,-5],[-36,16],[-66,-7],[-10,16],[-28,-3],[7,13],[-11,22],[-18,-21],[-28,27],[-11,-25],[-114,22],[-26,-26],[-20,5],[-29,42],[-43,-1],[-59,-30],[-24,14],[-32,-3],[-41,-21],[-17,1],[-17,-16],[-56,14],[-12,-9],[-2,11],[-35,22],[-42,2],[-16,-8],[-19,11],[-35,-3],[-34,9],[-22,-11],[2,-25],[-21,-6],[-26,-43],[-27,16],[-8,19],[-24,-4],[-16,17],[-4,-7],[-18,4],[-27,32],[-10,-5],[17,-12],[-14,-12],[-24,-8],[-29,17],[-32,-18],[-5,15],[16,7],[-3,18],[-28,-6],[-15,11],[-7,-15],[7,-9],[-20,2],[2,25],[-21,5],[1,9],[11,0],[-10,18],[-22,0],[6,-9],[-10,-10],[-42,7],[0,16],[-16,7],[20,14],[-5,6],[-36,0],[8,22],[-25,-16],[5,25],[-12,-7],[-3,17],[-9,-4],[-7,13],[-39,-8],[-17,-31],[-31,37],[-6,-5],[-14,10],[-17,-14],[7,12],[-11,-1],[4,10],[-11,-1],[-16,22],[-11,-3],[7,-12],[-10,-6],[-55,15],[-52,-7],[-20,6],[-23,24],[-36,5],[-35,18],[-36,-13],[5,-31],[-18,-14],[15,-6],[3,-16],[-13,-17],[-12,3],[0,11],[-86,-14],[-19,7],[-8,15],[-25,-5],[-17,-12],[-6,-19],[478,-362],[-62,-1169],[14,-1],[1,13],[17,-8],[9,-15],[-15,-9],[15,3],[6,-9],[10,15],[2,-8],[35,5],[-12,-22],[17,-11],[14,10],[-1,-31],[30,0],[-1,13],[48,-5],[-7,12],[17,-2],[13,10],[17,-19],[12,13],[43,5],[-5,10],[24,-11],[-13,-12],[9,-6],[17,14],[-9,7],[5,7],[17,-17],[5,23],[16,3]],[[213,95461],[26,-19],[12,-24],[38,-9],[40,-27],[-5,-7],[-60,1],[-43,-25],[21,-30],[-16,-13],[-9,7],[-20,5],[17,4],[-11,2],[-7,6],[-5,1],[-1,-14],[15,-12],[11,7],[6,-12],[19,-1],[-2,-12],[-48,-7],[2,-11],[24,-4],[-7,-62],[8,-33],[-28,-14],[6,-57],[-45,-45],[-15,-107],[-74,-122],[-27,-15],[-19,12],[-16,54],[6,31],[34,42],[7,103],[-7,4],[-1,10],[17,2],[-46,13],[-10,15],[27,81],[14,13],[-20,44],[66,69],[7,71],[89,77],[30,8]],[[319,95205],[-5,4],[0,4],[8,-2],[-3,-6]],[[318,95222],[-2,2],[1,1],[2,-4],[-1,1]],[[312,95486],[-7,0],[5,11],[6,-7],[-4,-4]],[[2518,99947],[15,-35],[52,-11],[-28,-38],[10,-1],[-8,-13],[29,-41],[-2,1],[-17,-1],[-4,-6],[51,11],[0,-29],[-47,-18],[9,-57],[-30,-53],[-60,-11],[-56,-48],[-26,2],[-38,-21],[-20,2],[-21,30],[11,30],[-13,33],[-24,11],[21,48],[-5,35],[10,30],[27,45],[26,21],[36,7],[8,-11],[23,-2],[19,9],[13,16],[-4,39],[26,15],[1,13],[16,-2]],[[2474,99999],[13,-5],[-14,-9],[-3,-28],[13,0],[6,-7],[-15,-20],[-41,-5],[-28,25],[8,32],[16,4],[-2,7],[47,6]],[[40218,48941],[30,-18],[45,4],[23,13],[23,-13],[14,11],[43,3],[84,-6],[35,82],[15,14],[10,-4],[29,12],[22,61],[16,10],[1,31],[34,1],[13,12],[23,-3],[17,31],[18,1],[25,27],[11,-5],[-3,17],[8,-4],[11,14],[13,-5],[11,29],[14,2],[-6,10],[16,-1],[-5,21],[6,12],[15,-2],[-5,11],[11,1],[1,29],[26,2],[-2,24],[18,13],[-9,8],[15,9],[-9,7],[17,17],[-3,18],[16,3],[36,43],[19,11],[13,-4],[13,12],[13,48],[21,30],[-6,27],[11,27],[24,12],[-12,19],[33,8],[37,-15],[10,22],[17,10],[20,-4],[15,33],[18,3],[0,18],[58,39],[2,15],[64,51],[-2,26],[6,17],[18,5],[-5,10],[17,0],[30,26],[107,-7],[39,-21],[13,-47],[-12,-17],[-10,-61],[24,-10],[50,5],[19,-20],[10,-39],[51,-37],[9,-34],[19,-4],[-10,-7],[55,-14],[13,-32],[29,-17],[47,-52],[4,-15],[-11,-16],[17,-10],[-26,-46],[46,-33],[4,-12],[13,2],[20,-13]],[[44156,85258],[35,26],[2,32],[27,40],[29,22],[109,6],[80,62],[118,2],[41,8],[43,23],[45,89],[92,38],[-2,28],[46,-6],[22,10],[115,16],[22,14],[-1,26],[60,8],[48,17],[24,50],[121,11],[91,44],[65,66],[42,83],[2,32],[21,13],[18,62],[15,18],[-17,34],[-32,7],[-16,-10],[-3,-18],[-24,-13],[-34,0],[-11,-26],[-21,-6],[-2,-12],[-31,-1],[-6,-19],[-22,-12],[2,30],[35,43],[43,32],[58,14],[53,60],[145,83],[253,25],[68,32],[37,35],[-11,-1],[19,29],[13,42],[-8,4],[27,18],[25,4],[26,45],[81,18],[57,37],[14,33],[-16,33],[8,33],[121,-14],[130,7],[159,42],[95,38],[17,29],[-27,65],[-43,172],[19,0]],[[43987,84686],[26,-3],[45,30],[70,9],[80,-95],[21,-45],[33,-21],[24,7],[53,59],[79,5],[16,11],[27,-6],[46,18],[105,-29],[284,38],[67,-3],[11,-19],[23,-11],[288,-10],[-8,33],[-38,28],[40,8],[18,-24],[23,36],[33,18],[26,35],[-5,45],[21,35],[67,33],[-7,79],[-18,-3],[-3,8],[13,4],[9,61],[-7,13],[-100,5],[12,55],[22,19],[28,7],[25,-11],[73,-5],[2,15],[19,17],[-9,9],[6,8],[-3,-6],[118,-3],[2,27],[13,1],[11,21],[-17,36],[51,-2],[10,-31],[52,29],[-15,4],[-5,13],[-40,11],[0,13],[23,21],[-5,21],[-15,11],[-15,-4],[31,21],[-7,24],[-17,-1],[2,11],[15,6],[-7,11],[14,0],[-5,6],[13,0],[-1,7],[18,-1],[15,-11],[2,-15],[33,8],[12,-6]],[[45810,85371],[1,-1]],[[45811,85370],[1,-1],[1,1],[-2,0]],[[45811,85370],[-1,1]],[[45810,85371],[16,7],[5,-7],[12,10],[11,-10],[1,16],[31,16],[13,21],[-8,50],[17,5],[4,17],[19,6],[11,17],[55,28],[35,63],[57,-6],[30,-23],[22,0],[8,14],[26,2],[29,-34],[-6,-11],[44,-4],[14,-16],[49,26],[21,-1],[1,-19],[16,-13],[31,52],[26,-17],[71,18],[60,1]],[[46974,83479],[-60,60],[-34,3],[8,11],[-9,3],[12,2],[7,22],[-42,27],[10,21],[-57,43],[-52,78],[-11,27],[28,27],[1,44],[-33,7],[-30,43],[-76,45],[66,134],[-4,35],[42,39],[-234,706],[14,-7],[3,-18],[8,-1],[-3,11],[16,-10],[-1,-23],[19,9],[-12,-16],[18,-5],[-3,-4],[-8,1],[-3,-4],[24,3],[5,-10],[23,-4],[19,7],[1,-32],[77,6],[28,-7],[13,66],[-7,8],[14,28],[-9,5],[4,15],[29,24],[10,51],[5,10],[13,0],[22,66],[33,58],[0,25],[28,31],[50,1],[3,14],[22,9],[6,60],[-11,2],[2,20],[-53,-10],[-3,29],[23,42],[20,17],[12,-4],[8,28],[-505,5],[106,134],[-21,13],[-12,25],[-2,55]],[[46531,85579],[15,31],[19,14],[30,0],[7,11],[114,26],[38,24],[-25,7],[0,15],[-16,13],[42,42],[18,87],[54,43],[7,29],[40,29],[53,24],[96,-8],[14,12],[3,26],[41,32],[17,0],[42,22],[13,-28],[31,60],[41,12],[27,-10],[12,10],[22,-7],[22,7]],[[51699,62450],[90,117],[7,29],[95,108],[12,28],[4,73],[11,14],[51,32],[82,90],[126,74],[109,85],[24,28],[18,47],[41,49],[30,19],[45,6],[71,62],[101,43],[76,45],[119,53],[78,14],[68,65],[57,10],[165,142],[62,94],[5,55],[-18,32],[3,44],[-29,125],[-2,82],[-41,47],[8,8],[-131,86],[-43,55],[-72,60],[-26,54],[17,154],[-14,65],[-36,46],[-5,61],[53,95],[40,47],[12,39],[6,91],[13,20],[4,37],[-30,87],[-2,68],[19,60],[29,46],[11,53]],[[55558,64590],[-24,38],[-52,17],[39,7],[32,-19],[28,3],[12,-11],[15,7],[24,-13],[10,18],[20,-3],[-1,26],[15,5],[3,-11],[22,-2],[3,9],[-12,9],[15,11],[26,-4],[-9,-16],[10,-7],[29,21],[15,-16],[5,11],[40,-7],[13,17],[-1,-21],[45,-6],[3,-21],[29,1],[12,27],[13,1],[10,-16],[5,33],[40,-12],[4,-19],[42,36],[11,-6],[10,-47],[17,14],[14,-29],[23,3],[16,19],[-14,2],[15,38],[26,-12],[13,-20],[17,11],[41,4],[-13,21],[7,15],[-11,7],[2,25],[18,1],[0,17],[16,-15],[15,14],[15,-1],[-4,25],[22,29],[23,-2],[-7,14],[20,-1],[26,17],[8,19],[12,-15],[12,4],[-1,15],[25,-11],[16,26],[14,-5],[9,15],[16,-12],[26,33],[22,-10],[82,131],[39,41],[-7,17],[23,9],[45,81],[26,5],[16,42],[21,14],[0,20],[49,85],[-4,10],[-34,13],[-32,37],[6,63],[-38,43],[13,61],[-23,15],[33,16],[-9,10],[13,-1],[-5,10],[14,20],[-10,-5],[1,24],[-4,-8],[-12,11],[10,35],[-14,3],[12,6],[-17,10],[10,-1],[-2,11],[-18,3],[3,9],[-12,-6],[-9,6],[38,9],[0,11],[-23,14],[21,16],[-15,6],[-17,-14],[-4,11],[23,12],[-3,30],[15,11],[-27,7],[7,-11],[-15,3],[-4,-21],[-47,43],[23,51],[-11,9],[29,13],[4,20],[11,-4],[1,-18],[8,3],[5,42],[-42,8],[-8,19],[-9,-12],[-35,28],[-36,0],[-10,-12],[-28,7],[-13,-13],[-23,6],[-23,16],[-6,46],[-14,12],[-21,-4],[-10,-32],[-19,-17],[-36,4],[-50,66],[-42,37],[-30,55],[-36,28],[-2,31],[33,23],[1,19],[-24,12],[-35,-15],[-24,5],[-14,21],[15,54],[-14,8],[-72,3],[0,28],[41,25],[6,23],[-33,10],[-57,-16],[-14,6],[-3,29],[26,22],[1,12],[-19,16],[-33,4],[-5,32],[-10,7],[-28,3],[-30,17],[-49,-1],[-51,25],[-49,-34],[-23,4],[-12,34],[-42,13],[-48,40],[0,34],[-22,42],[-43,0],[-21,17],[10,68],[-61,-7],[-32,16],[-5,74],[20,33],[-42,16],[-8,26],[-58,70],[-220,35],[-26,26],[-49,-2],[-21,28],[-32,2],[-13,21],[-28,-36],[-19,1],[-29,26],[-19,-26],[-17,-4],[-26,32],[10,13],[-24,8],[-31,-36],[-24,-5],[-10,23],[14,31],[-62,4],[7,27],[-11,28],[9,4],[17,-17],[20,9],[-11,34],[13,32],[-20,9],[-32,-15],[-10,4],[-3,27],[20,36],[-5,15],[-30,2],[-28,-37],[-24,27],[-30,-15],[-24,1],[-8,16],[28,19],[0,12],[-60,-10],[13,38],[-53,3],[-22,79],[-13,10],[-63,-17],[-25,-31],[-24,-3],[-17,-19],[-23,-4],[-53,19],[-2,40],[-45,35],[-58,-11],[-34,35],[-30,-9],[-15,6],[-3,29],[-37,53],[-8,45],[43,41],[-31,21],[-5,14],[27,28],[-22,37],[27,9],[12,17],[-13,30],[13,21],[-20,14],[-6,19],[35,19]],[[59845,61878],[-10,111],[34,68],[89,25],[44,-2],[33,35],[8,31],[-26,16],[-35,49],[-27,54],[2,21],[-26,38],[0,39],[36,37],[16,50],[-6,57],[24,157],[-30,17],[-29,-15],[-22,-29],[-103,-79],[-57,49],[-50,0],[-15,14],[-34,-8],[-19,7],[40,63],[-10,13],[9,33],[36,45],[16,5],[41,70],[32,30],[31,11],[-5,15],[23,18],[7,19],[-13,16],[-6,64],[90,70],[32,10],[44,43],[18,50],[-21,48],[46,20],[10,22],[36,30],[11,98],[-24,29],[-2,17],[19,29],[-5,17],[63,59],[45,68],[-4,23],[18,19],[8,41],[-47,38],[-6,27],[10,22],[36,17],[4,21],[39,33],[-7,62],[9,41],[8,10],[57,-19],[16,19],[33,2],[43,20],[2,32],[24,22],[13,32],[-9,30]],[[62590,63195],[45,-66],[-2,-61],[-40,-22],[13,-60],[20,-22],[26,0],[22,-11],[14,-63],[34,-19],[-1,-18],[13,-15],[32,-17]],[[54145,62924],[23,17],[-16,14],[5,15],[15,-12],[16,11],[3,-14],[12,63],[38,13],[-48,4],[16,35],[-9,4],[-15,-10],[-12,17],[17,9],[17,-5],[-22,29],[26,-3],[-15,20],[31,1],[-5,9],[-18,0],[10,10],[-7,8],[13,7],[17,-5],[2,9],[14,-8],[17,5],[-5,-29],[30,21],[26,0],[-13,-11],[22,-31],[18,39],[9,-4],[-5,-16],[19,-12],[13,14],[21,-13],[1,14],[22,1],[2,-44],[9,-8],[7,22],[23,-5],[4,24],[9,-22],[-5,-22],[10,-4],[2,16],[8,-4],[-7,-21],[16,15],[16,-1],[-1,-12],[31,-17],[27,46],[16,-2],[-2,19],[49,-17],[10,23],[20,-28],[44,0],[12,8],[-18,26],[17,6],[18,-22],[13,20],[42,-21],[12,-24],[-28,-5],[-1,-17],[18,-20],[25,13],[17,-14],[6,-15],[-17,-12],[4,-7],[41,34],[0,-28],[24,-6],[6,49],[22,4],[8,-13],[29,-4],[1,22],[-25,18],[-488,317],[982,1053],[27,10],[23,-7]],[[55486,64463],[4,0]],[[55490,64463],[-1,-3],[4,-2],[3,4],[-6,1]],[[55490,64463],[-4,0]],[[55486,64463],[-14,8],[10,5],[-26,5],[102,109]],[[55558,64590],[43,-35],[32,-50],[75,-66],[-14,0],[-45,36],[15,-29],[16,-90],[-37,-144],[12,-63],[-9,-41],[20,-106],[-10,-43],[72,6],[53,29],[-3,8],[33,6],[18,30],[31,-4],[12,23],[26,5],[-18,-28],[-8,-41],[7,-103],[-18,-16],[-34,-76],[-7,-86],[20,-71],[34,-32],[28,6],[45,-17],[126,-88],[37,-2],[63,-27],[89,-21],[79,11],[16,12],[23,-1],[28,13],[41,-14],[17,-20],[26,10],[35,-17],[18,19],[16,-7],[15,6],[-9,40],[6,5],[6,0],[-1,-15],[42,-16],[16,-43],[42,-34],[72,-6],[40,27],[5,-24],[-38,-42],[54,-14],[-16,-47],[-22,-21],[8,-29],[108,4],[29,-20],[12,-61],[25,-30],[5,-63],[-28,-63],[-23,-105],[-14,-18],[14,-57],[-31,-16],[-20,-24],[2,-24],[-40,-82],[-9,-101],[-29,-46],[1,-17],[-20,-17],[19,-28]],[[28730,42248],[-52,43],[24,40],[33,3],[-8,12],[-82,15],[-95,-10],[-110,-51],[-14,6],[7,-16],[-46,11],[-9,36],[374,420],[20,11],[27,-8],[23,10],[28,83],[24,5],[101,56],[231,194],[26,7],[26,-5],[5,-12],[-13,-3],[6,-27],[32,-37],[15,6],[-5,29],[51,66],[-15,12],[14,54],[57,61],[58,41],[91,134],[35,79],[52,55],[11,-3],[-9,-52],[10,-37],[-30,-45],[16,-1],[-3,-18],[5,-1],[-1,20],[9,7],[-2,-30],[-10,-5],[18,-33],[38,-22],[66,54],[17,-5],[12,14],[58,24],[5,11],[-38,45],[7,74],[-68,27],[-32,31],[-87,37],[-44,40],[1,15],[37,59],[216,180],[22,45],[-3,31],[113,112],[92,112],[55,38],[24,-1],[-17,-15],[8,-21],[18,-6],[79,23],[38,-1],[227,70],[2,-16],[-22,-24],[25,-5],[53,28],[87,93],[38,13],[18,36],[49,-10],[28,29],[22,136],[34,27],[-15,38],[3,40],[48,9],[37,-31],[75,-27],[17,29],[-15,20],[-4,44],[4,133],[-26,8],[-15,33],[-41,7],[-30,-34],[-17,-5],[-4,-24],[-26,-4],[-32,180],[-23,44],[7,23],[-18,105],[11,42],[36,13],[25,-24],[65,-1],[48,12],[35,39],[-10,34],[-31,36],[-16,86],[-50,139],[26,16],[1,-13],[24,-18],[40,-15],[55,8],[33,-14],[42,0],[-1,11],[20,13],[-5,14],[23,1],[61,-29],[18,21],[-2,24],[30,26],[63,7],[23,16],[19,39],[-8,40],[44,45],[6,32],[54,10],[11,13],[67,30],[94,-5],[12,32],[62,-13],[55,40],[8,43],[-25,2],[-13,5],[-1,-1],[-2,1],[0,-1],[-2,1],[-15,-21],[-11,0],[-26,17],[2,8],[-9,-7],[-4,10],[-16,1],[4,12],[-21,-5],[4,9],[-24,16],[-1,13],[-27,17],[-7,23],[16,1],[-10,47],[-42,22],[-61,-32],[11,-11],[7,-53],[-8,-49],[-22,-25],[-76,-22],[-51,24],[-45,-5],[-24,-22],[-43,9],[-111,-84],[-61,-25],[-33,-4],[-29,-41],[-12,1],[-2,18],[-55,-18],[10,-22],[-39,-57],[-31,4],[-55,37],[-14,-5],[-33,11],[-17,-9],[-8,-27],[-116,13],[-16,-8],[11,-16],[-21,-9],[-35,25],[-49,6],[-42,-12],[-34,-30],[-12,19],[-27,-1],[-13,21],[-31,3],[9,-4],[-5,-11],[14,2],[-8,-9],[-31,11],[-21,19],[-1,15],[-21,-11],[-20,18],[-10,-16],[-40,8],[-28,68],[-10,-9],[-17,3],[4,17],[-30,30],[-62,17],[-11,33],[8,29],[-13,11],[54,8],[-2,-14],[36,22],[-13,19],[23,21],[13,31],[17,8],[-1,23],[-79,39],[-23,-17],[-53,42],[2,17],[-55,-39],[-26,0],[-7,53],[22,8],[-15,68],[32,-8],[34,45],[-45,101],[5,12],[21,-5],[8,21],[23,-2],[-1,20],[20,1],[-2,-12],[34,18],[24,-4],[8,9],[-16,15],[35,25],[27,38],[2,31],[18,-2],[8,11],[13,-7],[-7,-17],[5,-16],[11,-3],[11,28],[-7,19],[28,6],[2,-18],[17,-14],[-3,36],[16,8],[-10,9],[17,5],[56,-6],[-3,-21],[28,15],[6,-10],[-8,-9],[26,5],[-2,-14],[58,4],[17,19],[-22,25],[31,7],[25,-23],[11,13],[-15,6],[6,19],[40,10],[14,-12],[18,4],[-5,19],[14,8],[23,-13],[13,5],[-2,26],[13,-2],[34,41],[30,11],[17,-3],[1,24],[21,15],[-48,-1],[45,29],[25,37],[34,19],[-21,29],[3,8],[9,-8],[13,5],[-20,18],[33,-1],[0,7],[-26,-4],[-4,6],[27,16],[-6,11],[3,10],[13,1],[3,28],[-29,21],[-77,-4],[-20,34],[-105,-16],[-13,44],[26,18],[0,18],[-38,48],[-70,9],[-15,-15],[-14,-51],[-56,-19],[-44,-44],[-34,40],[-3,36],[12,22],[-11,-10],[-11,7],[-105,-126],[1,-15],[-13,-12],[-50,-2],[4,-14],[-9,-7],[-6,11],[-12,0],[4,8],[-26,-3],[-3,-6],[16,-1],[3,-8],[-33,-33],[-18,5],[6,22],[-14,-7],[-17,-45],[-12,-5],[17,-28],[-16,-11],[-11,2],[2,7],[-18,-4],[-5,-17],[7,1],[0,-13],[12,2],[-10,-9],[7,-15],[-7,-9],[-23,2],[17,-20],[-26,10],[-1,-20],[-15,-13],[0,-8],[30,2],[6,-17],[-18,-10],[-21,10],[-12,-54],[-11,-8],[34,-3],[-10,-27],[-21,-12],[0,-10],[14,7],[3,-10],[-15,-11],[1,-13],[-16,4],[8,-9],[-14,-15],[19,-15],[-1,-20],[-38,-1],[-5,14],[-18,5],[-80,-187],[-4,-41],[-13,-22],[-37,-18],[-25,0],[-11,-13],[-26,13],[-22,28],[-7,41],[-32,58],[-107,122],[-31,7],[-128,101],[-149,96],[-44,63],[-7,37],[-65,70]],[[30492,46918],[5,11],[48,-5],[6,7],[18,-11],[-42,-48],[4,33],[-11,-8],[-2,9],[-6,-4],[-9,-25],[-6,17],[-24,17],[9,21],[10,-14]],[[33358,45987],[-497,666],[30,32],[53,11],[107,81],[6,24],[-11,44],[11,17]],[[40825,50744],[43,-320],[-9,-13],[-51,-16],[-47,8],[-11,-9],[-96,17],[-136,-24],[-13,12],[-10,-7],[-5,11],[-36,-8],[-37,15],[-2,-8],[-31,6],[-5,-10],[-7,6],[-13,-7],[-8,33],[-38,9],[-33,0],[-12,-9],[-14,8],[-28,-2],[-32,-10],[-4,-9],[-13,15],[-33,1],[-24,16],[-21,-2],[-12,14],[-20,-2],[-42,-73],[-21,-12],[-12,-24],[-30,-5],[-45,-25],[-13,-25],[7,-23],[-26,-21],[1,-17],[-49,-44],[-39,-7],[-13,-37],[41,-38],[-5,-23],[13,-14],[-76,-48],[-11,-41],[17,-20],[19,-5],[-6,-14],[27,5],[-1,-17],[-14,-19],[1,-18],[-27,-19],[4,-13],[-42,-19],[-9,-24],[47,-24],[-9,-25],[-31,1],[-22,-20],[-8,-32],[7,-20],[-12,-10],[24,-5],[4,-11],[37,-5],[-13,-29],[20,-6],[1,-32],[-13,-12],[7,-18],[-8,-45],[-15,-8],[-12,-60],[-18,-7],[29,-27],[19,3],[-6,-53],[-26,-5],[-9,-11],[-11,5],[-11,-17],[27,-10],[-11,-17],[5,-16],[58,-30],[29,1],[-88,-38],[-20,2],[-11,-13],[-19,10],[-15,-7],[2,-8],[30,-8],[-4,-16],[-15,1],[-13,-12],[-7,-35],[9,-19],[-9,-14],[-16,-4],[-8,16],[-10,-2],[-10,-16]],[[36165,45220],[-16,102],[49,21],[42,-35],[42,-88],[43,-29],[63,-26],[24,8],[50,-18],[39,-31],[48,-9],[25,-20],[16,4],[4,-13],[17,2],[46,-28],[11,-21],[14,14],[27,-24],[24,4],[26,-21],[-1,-18],[25,14],[4,-8],[26,7],[13,-20],[37,-9],[13,10],[27,-21],[47,-1],[49,-33],[90,7],[11,-19],[17,-6],[33,11],[37,-16],[56,5],[21,12],[52,-3],[70,-46],[12,-16],[-9,-15],[10,-31],[39,-20],[81,-18],[48,18],[15,19],[24,44],[7,75],[28,24],[72,3],[28,18],[27,-5],[39,23],[22,-11],[66,-3],[53,-30],[18,6],[76,-37],[12,17],[49,22],[-8,66],[14,66],[42,54],[-4,18],[54,83],[58,63],[6,28],[44,27],[15,25],[38,-14],[12,-18],[95,-36],[18,9],[45,-1],[15,-11],[38,6],[27,-40],[64,-36],[53,12],[14,14],[23,-17],[45,26],[44,3],[33,22],[34,-4],[42,-29],[18,-62],[73,-83],[2,-15],[35,-22],[38,4],[8,-17],[31,-1],[15,-12]],[[39591,49111],[-1,-13],[31,-18],[-26,-5],[7,-26],[24,11],[35,-35],[35,14],[15,-20]],[[36866,50658],[54,-6],[30,-26],[74,3],[40,-9],[113,-43],[51,-7],[87,-46],[31,5],[31,-10],[43,19],[49,-1],[67,30],[29,-4],[18,-35],[-11,-33],[12,-11],[3,-29],[-24,-15],[16,-31],[32,12],[17,-7],[30,5],[115,56],[61,-16],[9,-17],[33,-13],[4,-16],[12,6],[18,-12],[17,11],[22,-1],[102,-28],[40,46],[40,146],[31,14],[97,86],[-21,20],[-1,27],[-15,21],[8,22],[20,15],[-5,26],[24,19],[16,37],[20,1],[9,-29],[61,-19],[16,-71],[51,10],[35,-11],[36,12],[54,-57],[30,-5],[-1,-22],[47,-1],[2,-12],[-16,-18],[12,-17],[67,22],[39,-29],[29,3],[0,-140],[-45,-53],[-14,-88],[-32,-5],[-20,-19],[-2,-14],[29,-32],[-3,-19],[-48,-27],[-7,-21],[11,-6],[25,20],[29,-14],[38,10],[43,-39],[-11,-40],[34,-6],[6,-9],[-43,-19],[-39,30],[-9,-2],[-8,-25],[36,-47],[-6,-30],[-26,-7],[-47,9],[-45,-24],[-6,-33],[13,-14],[34,-9],[10,-29],[-29,-31],[-17,-42],[-45,-32],[19,-67],[-18,-9],[-25,7],[-16,-8],[6,-10],[49,-6],[12,-29],[-16,-21],[-40,-15],[-19,-51],[-58,-28],[-9,-66],[-51,-57],[-71,-43],[-27,-35],[-29,7],[-3,-15],[11,-7],[38,15],[19,-3],[12,-19],[-20,-25],[3,-16],[50,-14],[12,-23],[64,2],[30,39],[108,21],[24,-42],[13,-1],[3,-15],[12,-2],[9,-24],[18,4],[0,-11],[22,-2],[-1,-9],[15,8],[47,-11],[3,-22],[22,-4],[16,-21],[40,-5],[28,-17],[13,-43],[-8,-19],[22,-2],[-2,-16],[13,-13],[-12,-78],[28,4],[16,22],[58,2],[21,13],[44,-4],[24,41],[30,3],[43,-14],[-11,-42],[4,-46],[47,-5],[34,23],[3,15],[15,2],[14,-5],[3,-21],[19,7],[23,-22],[24,7],[22,-7],[-19,30],[21,14],[65,9],[27,15],[13,-12],[28,16],[30,-5],[19,48],[25,26],[11,0]],[[38631,48148],[6,22],[30,5],[-18,11],[15,19],[-6,34],[13,8],[10,-14],[3,26],[15,1],[-6,10],[26,54],[-20,8],[44,56],[-2,29],[31,7],[-4,-11],[13,0],[-5,-12],[18,-3],[10,9],[24,-15],[20,8],[9,-12],[2,10],[14,-2],[3,8],[9,-9],[26,13],[7,-11],[26,36],[33,10],[-6,16],[9,11],[-16,25],[33,45],[27,11],[72,-54],[29,21],[15,2],[8,-19],[16,23],[19,-4],[19,72],[43,62],[-2,20],[9,8],[-13,33],[5,34],[-20,15],[7,10],[-14,2],[-3,28],[35,18],[25,29],[14,38],[14,8],[47,0],[60,37],[15,22]],[[39424,48956],[4,3]],[[39428,48959],[8,2],[0,1],[-4,0],[-4,-3]],[[39428,48959],[-4,-3]],[[39424,48956],[14,9],[27,-17],[8,19],[15,-10],[-1,34],[16,0],[33,23],[48,-11],[12,10],[33,-1],[7,10],[15,-9],[60,6]],[[39711,49019],[46,8],[20,-10],[73,33],[23,-18],[-8,-22],[35,1],[9,-22],[26,4],[27,-20],[40,-8],[16,21],[33,19],[58,-32],[46,16],[16,-34],[47,-14]],[[40218,48941],[14,-40],[-27,-27],[16,-64],[-8,-23],[36,-23],[32,-33],[2,-23],[25,-14],[-26,-63],[15,-43],[-35,-65],[10,-26],[-14,-27],[17,-18],[-1,-33],[35,-18],[15,-45],[-15,-33],[-22,-8],[-12,-57],[-17,-9],[6,-28],[-16,-31],[-62,-44],[-18,-54],[-92,-117],[-8,-73],[39,-64],[-25,-27],[2,-25],[-18,-21],[-11,-37],[-41,-50],[-23,-67],[-36,-32],[-7,-29],[15,-43],[-12,-25],[12,-36],[-11,-46],[30,-28],[5,-17],[28,-11],[-7,-30],[-38,-47],[4,-20],[73,12],[38,-10],[20,4],[58,-24],[60,-5],[39,-13],[20,-17],[36,-2],[23,12],[6,-29],[45,-19],[4,-19],[16,-11],[132,-3],[18,10]],[[37015,46474],[-1,-1],[0,1],[1,0]],[[37015,46474],[-13,-3],[-28,14],[-13,27],[-79,84],[-14,6],[-13,-9],[-39,24],[-23,2],[-30,35],[16,21],[-4,32],[9,11],[18,-4],[6,-31],[14,3],[9,15],[-6,17],[-33,18],[3,40],[-24,25],[36,7],[48,-38],[16,12],[-21,39],[16,24],[-47,26],[11,40],[-12,8],[-29,-7],[-7,6],[26,25],[-20,11],[2,10],[55,7],[12,40],[20,20],[-36,40],[-14,4],[-19,-38],[-23,-6],[-36,3],[-13,-8],[-5,10],[-53,-13],[-23,6],[-20,-9],[-1,-11],[-28,6],[-29,-10],[-9,-14],[-15,8],[-13,-8],[-25,12],[-31,-11],[-13,4],[-47,-41],[0,-44],[31,-42],[-41,-24],[-1,-23],[-59,-16],[-40,-33],[-69,2],[-33,-23],[-43,0],[-38,-33],[-66,30],[-9,13],[30,32],[31,84],[-11,67],[18,32],[-11,29],[-20,3],[-28,-11],[-39,-40],[-57,9],[-35,25],[-79,-45],[-12,13],[-31,3],[-3,12],[-41,-9],[-74,33],[-47,-7],[-96,16],[-50,48]],[[35798,47995],[42,22],[16,47],[51,27],[8,13],[-20,98],[108,52],[45,2],[50,15],[13,67],[-17,15],[22,12],[14,32],[124,4],[24,15],[50,-6],[37,10],[22,-11],[46,-1],[31,-21],[55,-11],[26,11],[93,-26],[25,15],[10,35],[146,-48],[45,8],[17,17],[7,-10],[-22,-21],[7,-36],[30,-44],[29,-12],[30,10],[6,-13],[28,-13],[20,6],[22,41],[37,23],[6,18],[47,21],[3,14],[42,39],[1,19],[38,0],[37,-35],[10,-57],[-7,-16],[28,-22],[-10,-6],[-6,-36],[45,-8],[40,-34],[33,-2],[15,-33],[45,-14],[68,71],[-40,38],[57,16],[15,18],[-19,27],[-42,-5],[-2,10],[88,5],[33,30],[30,5],[3,8],[-24,9],[-7,13],[52,34],[14,37],[24,-29],[-3,-41],[14,0],[10,44],[-7,23],[15,14],[136,-68],[49,-34],[32,-60],[107,-77],[27,-5],[23,-26],[28,-11],[7,-35],[10,4],[15,-13],[18,-43],[46,-10],[1,-9],[12,1],[22,-22],[26,8],[51,-17],[8,19],[77,14],[30,20],[33,-1],[31,-14],[4,15],[19,9],[57,-8],[30,6],[11,11]],[[38631,48148],[13,-10],[-17,-19],[24,-11],[1,-12],[23,0],[0,-7],[33,4],[1,-10],[15,9],[-3,-11],[27,-7],[19,-28],[35,0],[5,-12],[9,9],[18,-22],[28,-1],[2,-25],[36,-3],[30,-19],[10,7],[34,-32],[76,-5],[8,-22],[35,-27],[-19,-37],[42,-45],[-1,-30],[31,-11],[22,-23],[-6,-29],[17,-18],[13,-6],[38,28],[44,0],[27,23],[13,-12],[90,-12],[24,-28],[29,1],[14,-9],[0,-44],[20,-45],[79,-52],[5,-15],[-18,-13],[-18,-46],[-39,-34],[42,-81],[-10,-72],[26,-64],[-10,-23],[4,-23],[19,-16],[22,7],[58,-15],[92,3],[58,-52],[28,-11],[6,-37],[-14,0],[-4,-9],[38,-21],[0,-26],[19,-27],[-16,-57],[12,-29],[-17,-13],[-8,-28],[17,-3],[42,-66],[67,-58],[-47,-96],[19,-42],[51,-47],[15,-26],[-1,-32],[29,-33],[41,-19],[32,-63],[-19,-81],[4,-32],[-16,-42],[3,-51]],[[39901,46065],[-35,24],[-12,34],[1,60],[-47,27],[-30,50],[-65,21],[-38,-12],[-47,8],[-122,-39],[-18,-8],[4,-6],[-17,-1],[-73,-72],[-24,-3],[-36,19],[-42,-23],[-51,16],[-13,-9],[-37,9],[-15,-7],[-31,15],[-79,4],[-52,-8],[-45,-45],[-81,-27],[-31,14],[-84,-11],[-48,32],[-26,3],[-39,-9],[-74,14],[-62,-11],[-17,16],[-45,-7],[-42,11],[-39,-15],[-36,26],[-36,7],[-15,52],[-15,7],[-6,54],[16,5],[4,48],[-2,12],[-13,4],[8,13],[-11,13],[-4,42],[-77,35],[-27,-20],[-22,-58],[-49,-78],[-7,-75],[-24,-6],[-34,20],[-42,-47],[-57,-29],[-53,-1],[-12,6],[-5,33],[-23,32],[3,27],[-15,21],[-123,0],[-26,-7],[-29,-28],[-20,-2],[-69,45],[-5,21],[-18,13],[-34,-4],[-62,31],[-42,3],[-68,-38],[-1,40],[32,8],[-52,7],[-17,14],[-45,0],[-14,46],[-48,41],[-51,-2],[-5,16],[-26,-7],[-5,-10],[-26,4],[-19,-8],[-47,19]],[[33574,42329],[11,39],[-13,55],[11,19],[58,26],[70,9],[44,63],[36,32],[3,47],[31,41],[-8,40],[25,25],[18,41],[31,19],[-5,32],[-19,11],[3,19],[33,46],[23,9],[23,38],[46,-5],[67,89],[65,19],[5,23],[45,41],[3,60],[18,24],[0,17],[20,12],[-11,12],[14,38],[-57,23],[-19,88],[-23,18],[-24,48],[-44,-23],[-23,0],[-32,24],[-75,8],[-35,18],[-60,2],[-22,9],[-27,33],[-5,47],[-39,40],[6,38],[-10,17],[-65,-4],[-58,16],[-11,53],[5,23],[-49,101],[-37,23],[-6,32],[-30,43],[-72,32],[-6,49],[-34,54],[-19,-22],[-81,24],[-103,55],[-79,-3],[10,42],[-10,38],[56,84],[-34,68],[-66,31],[-28,-7],[-36,47],[-29,-4],[-28,-25],[-37,-1],[-3,41],[-36,10],[30,24],[31,54],[51,23],[18,26],[25,4],[5,12],[87,3],[27,-16],[18,20],[14,0],[22,-4],[0,-10],[29,-12],[59,-1],[35,-15],[95,62],[11,55],[63,24],[-6,35],[47,47],[-20,49],[21,30],[-19,50],[-46,55],[-47,-4],[-14,11],[-24,-2],[-45,43],[8,27],[-13,75],[39,21],[26,50],[-24,62],[75,1],[26,22],[30,-8],[22,6],[8,18],[45,34],[74,21],[51,88],[-27,54],[-23,21],[-10,47],[-17,17],[11,9],[-15,13],[10,9],[-21,20],[7,17],[-21,10],[5,11],[7,-7],[-5,16],[-30,23],[3,24],[-17,-6],[-7,37],[-20,7],[1,23],[-15,8],[2,19],[-35,25],[-13,32],[-20,14],[-1,15],[-71,89]],[[33358,45987],[100,17],[74,-33],[27,-50],[269,-36],[90,-41],[27,9],[9,-15],[90,-40],[155,110],[23,0],[20,14],[41,-20],[29,10],[58,-6],[21,-30],[124,-68],[77,28],[73,57],[98,28],[101,-4],[73,-43],[41,-44],[52,12],[50,-10],[-109,-80],[-1,-23],[21,-46],[-17,-36],[-23,-16],[-1,-20],[-24,-26],[-17,-2],[-24,-24],[-14,-30],[-38,-9],[-12,-19],[49,-29],[2,-13],[-27,-9],[-5,-11],[-37,1],[-6,-37],[29,-12],[-29,-72],[-22,14],[-2,19],[-21,7],[-20,1],[8,-10],[-10,-9],[10,-6],[-10,-2],[25,-32],[43,-21],[68,2],[24,37],[16,-10],[-7,-5],[27,-3],[2,-24],[27,-6],[24,6],[8,12],[3,-10],[22,8],[21,-16],[22,13],[60,-40],[76,1],[3,-10],[54,42],[18,0],[46,35],[11,-1],[0,9],[26,-1],[26,37],[21,0],[19,17],[66,0],[3,9],[20,-7],[10,-15],[199,373],[44,-26],[29,1],[57,-25],[88,14],[10,-6],[-19,-46],[-19,-18],[6,-29],[-9,-15],[-17,-23],[-17,0],[-43,-22],[-26,-39],[-1,-49],[10,-20],[-8,-40],[26,-25],[-13,-36],[44,-37],[24,-1],[2,-13],[-18,-23],[102,-45],[23,-24],[22,-5],[8,-22],[42,-1],[58,44],[47,18]],[[36165,45220],[-6,-15],[-34,-18],[-11,-17],[-3,-24],[17,-17],[-41,-24],[1,-66],[-48,-11],[-1,-24],[-39,-25],[-6,-23],[12,-59],[-67,-46],[-3,-55],[-17,-8],[-46,2],[-23,-13],[3,-20],[59,-38],[-1,-7],[-25,-27],[-48,4],[-23,-44],[16,-35],[-5,-18],[-19,-15],[-50,-14],[30,-31],[5,-61],[21,-44],[-23,-14],[-34,17],[-10,-5],[20,-26],[1,-24],[20,-14],[-31,-41],[18,-43],[-21,-36],[-2,-45],[-18,-2],[-40,20],[-54,-2],[-53,-12],[-15,-40],[13,-26],[56,-24],[48,-6],[21,-20],[-3,-21],[-13,-11],[-68,35],[-26,-7],[-38,-33],[14,-41],[-6,-30],[-20,-25],[11,-26],[-9,-46],[5,-23],[45,-23],[18,-68],[40,-56],[10,-44],[-22,-31],[19,-70],[-4,-29],[16,-14],[11,7],[36,-9],[32,-29],[2,-109],[-27,-21],[-6,-18],[9,-14],[-18,-22],[21,-41],[-5,-30],[9,-21],[-19,-44],[-20,5],[-16,-11],[39,-54],[13,-54],[24,-12],[-18,-28],[3,-33],[-9,-16],[24,-35],[-1,-46]],[[37704,77264],[-16,-3],[5,-38],[-22,-14],[-46,11],[-14,20],[-20,8],[11,47],[49,25],[38,8],[24,-12],[-13,-5],[11,-47],[-7,0]],[[39767,79510],[5,-16],[-50,-2],[5,16],[40,2]],[[39841,79525],[-4,-5],[-4,6],[5,1],[3,-2]],[[39873,79574],[-1,-4],[-3,0],[2,8],[2,-4]],[[39854,79579],[1,-2],[-4,-2],[-2,5],[5,-1]],[[39867,79583],[1,-4],[-8,-2],[0,6],[7,0]],[[39891,79628],[7,-21],[39,-7],[-5,-20],[-6,7],[-7,-12],[-4,13],[-16,-9],[18,-14],[15,10],[3,-12],[2,18],[22,-1],[0,7],[-22,-3],[12,13],[83,-20],[18,4],[9,-9],[-9,-23],[-154,-2],[-38,-9],[-5,38],[11,-32],[6,24],[14,3],[4,-16],[0,28],[12,3],[-10,25],[-6,-33],[-3,24],[-10,2],[5,-9],[-11,-5],[-7,8],[33,30]],[[39876,79584],[-4,2],[2,5],[4,-3],[-2,-4]],[[40400,81662],[2,0],[-1,-2],[-2,1],[1,1]],[[40269,81695],[23,-10],[40,4],[-2,-11],[-12,-1],[26,-14],[8,-21],[-47,-10],[-44,65],[8,-2]],[[40460,81733],[6,-5],[-11,-3],[-4,10],[9,-2]],[[40520,81737],[-3,1],[0,1],[4,-1],[-1,-1]],[[40438,81746],[-1,-5],[-2,0],[-2,7],[5,-2]],[[40432,81750],[0,-6],[-2,0],[-3,6],[5,0]],[[40523,81751],[-1,-8],[-6,0],[8,12],[-1,-4]],[[40442,81753],[0,-2],[-2,-1],[0,3],[2,0]],[[40471,81754],[1,0],[0,-2],[-1,0],[0,2]],[[40394,81759],[3,-5],[-11,4],[1,3],[7,-2]],[[40402,81749],[-3,2],[-4,15],[10,-14],[-3,-3]],[[40408,81766],[1,1],[0,-1],[-1,0]],[[40568,79256],[30,-11],[45,5],[5,-2],[-56,-17],[-42,29],[18,-4]],[[40722,81570],[4,5],[4,-11],[-6,0],[-2,6]],[[40977,81586],[0,6],[3,0],[0,-6],[-3,0]],[[40983,81587],[2,6],[-1,-6]],[[40976,81593],[0,-5],[-3,0],[1,5],[2,0]],[[40991,81594],[-3,0],[-1,3],[3,0],[1,-3]],[[41094,81652],[-11,-2],[-16,0],[10,3],[17,-1]],[[41115,81670],[-6,-5],[-5,-13],[-1,14],[12,4]],[[41143,81669],[0,-5],[-4,0],[0,5],[4,0]],[[40549,81750],[-1,-10],[11,-3],[10,18],[1,-18],[-25,-15],[-17,7],[-3,4],[15,-3],[6,26],[3,-6]],[[40669,81776],[45,-10],[28,16],[-2,-9],[16,-6],[-18,-19],[-7,11],[-14,-14],[8,6],[4,-3],[-12,-4],[-19,-1],[-17,-7],[-21,-22],[-43,-6],[-22,8],[-10,59],[21,8],[7,-21],[5,8],[36,-9],[12,7],[-3,16],[6,-8]],[[40582,81761],[6,-3],[-6,-1],[2,-13],[-1,-11],[-3,-2],[-7,25],[9,5]],[[40585,81770],[1,2],[1,-4],[-1,0],[-1,2]],[[40805,81774],[-10,-2],[-4,5],[2,1],[12,-4]],[[40770,81775],[-1,-3],[-6,-2],[4,12],[3,-7]],[[40795,81784],[1,1],[2,0],[-1,-2],[-2,1]],[[40730,81786],[-3,-2],[-3,3],[3,0],[3,-1]],[[40735,81786],[1,1],[2,-3],[-2,0],[-1,2]],[[40669,81789],[-1,0],[0,1],[1,0],[0,-1]],[[40662,81789],[0,1],[1,0],[0,-1],[-1,0]],[[41188,81669],[0,2],[2,0],[-1,-3],[-1,1]],[[41164,81675],[2,-2],[-6,-1],[0,3],[4,0]],[[41220,81673],[-1,2],[5,0],[-1,-3],[-3,1]],[[41177,81678],[1,-2],[-2,-1],[-1,2],[2,1]],[[41141,81685],[6,1],[-9,-6],[-1,8],[4,-3]],[[41165,81683],[0,4],[2,0],[1,-4],[-3,0]],[[41235,81704],[-4,-18],[-24,-5],[-7,19],[-10,-15],[-8,1],[2,14],[-17,-1],[-14,-13],[-21,5],[4,-26],[-11,1],[8,29],[38,8],[37,-1],[16,17],[11,-15]],[[41732,82494],[10,-21],[-13,-4],[-7,24],[-10,3],[22,5],[-2,-7]],[[41742,82524],[1,-6],[20,-5],[-22,-4],[1,15]],[[42043,81734],[88,-12],[-17,6],[14,90],[-27,84],[5,91],[-11,9],[-13,-12],[-11,36],[-51,2],[-30,-16],[-10,-24],[5,-20],[-26,0],[11,42],[-15,28],[25,-2],[11,11],[26,0],[5,14],[29,-3],[22,14],[19,-6],[26,14],[-20,-1],[1,9],[-113,37],[-36,-18],[-62,-69],[-64,-8],[-74,-23],[-43,-26],[-42,-43],[-88,-64],[-118,-19],[-28,-37],[-91,-75],[23,33],[-13,6],[-8,23],[-3,-17],[-20,-18],[14,-37],[-66,-59],[-38,-68],[-102,-87],[-57,11],[-25,-9],[-7,7],[31,7],[-2,11],[-11,2],[-7,-14],[-37,-11],[30,-3],[-20,-40],[-41,-2],[-55,17],[-26,19],[-13,29],[10,13],[56,23],[4,10],[5,-26],[-16,3],[-11,-11],[17,1],[-6,-9],[14,-2],[19,4],[-4,30],[8,8]],[[40983,81587],[1,0]],[[40984,81587],[29,22],[-12,13],[41,27],[16,-18],[24,14],[18,-8],[63,7],[65,24],[34,35],[-6,14],[-31,8],[3,20],[52,4],[0,16],[53,44],[44,11],[9,11],[4,-14],[6,13],[-16,12],[72,66],[13,22],[-2,19],[47,27],[27,29],[22,42],[2,34],[36,-17],[2,-19],[24,12],[54,-14],[-3,-9],[-30,-7],[14,-10],[31,5],[-15,54],[-42,8],[9,7],[-16,2],[-3,10],[-15,-7],[5,9],[-51,-2],[-1,-8],[-40,33],[-47,6],[-25,17],[-4,14],[24,9],[20,21],[-3,8],[22,4],[1,8],[24,-12],[55,2],[25,9],[16,21],[25,-2],[3,-11],[27,-5],[21,6],[-46,14],[-27,20],[12,31],[-18,38],[45,90],[70,24],[2,-16],[-19,-3],[-2,-8],[20,1],[0,-44],[-6,-7],[-13,9],[4,-10],[-14,-12],[15,-14],[-3,-14],[21,-28],[37,-24],[24,-6],[33,11],[-16,-8],[23,-3],[-8,-10],[18,-22],[6,19],[-9,17],[34,29],[70,29],[9,-18],[20,-5],[52,4],[20,19],[-22,33],[-54,-23],[-11,0],[109,53],[4,20],[-22,40],[4,15],[30,-57],[5,11],[30,-10],[25,11],[-1,29],[31,6],[9,0],[7,-4],[-17,0],[-9,-11],[-10,4],[4,-24],[22,25],[19,-12],[3,9],[15,-6],[22,11],[-5,40],[16,23],[-20,-9],[-14,32],[-21,3],[8,22],[-10,62],[15,8],[-14,3],[-11,22],[16,20],[34,7],[-39,28],[-2,8],[14,4],[-12,33],[-1,-10],[-12,9],[21,32],[-9,0],[-7,19],[19,38],[-12,21],[7,0],[-26,49],[-29,12],[1,9],[-4,-8],[-14,8],[-46,-3],[12,35],[-18,-15],[-1,-23],[14,-15],[14,2],[-6,-11],[-43,21],[-12,25],[-35,26],[25,-9],[34,22],[28,-22],[-11,15],[11,6],[-39,10],[23,13],[9,-20],[10,0],[1,48],[-49,0],[-8,-9],[5,9],[-16,-8],[5,9],[-43,4],[15,13],[-49,34],[4,16],[-27,9],[-12,12],[4,9],[-17,-19],[30,-27],[-10,-5],[14,-1],[5,-8],[-16,-6],[-42,-73],[62,-31],[4,-11],[-74,25],[-23,-15],[-37,28],[-6,1],[-3,-2],[-1,0],[-2,-2],[-1,1],[10,5],[4,0],[-7,8],[20,1],[42,26],[29,31],[5,32],[-23,56],[53,41],[111,45],[0,11],[8,-5],[4,13],[13,0],[2,10],[12,0],[0,9],[7,-3],[32,30],[53,25],[-2,9],[93,95],[38,72],[-8,36],[-53,27],[-9,21],[16,29],[-13,21],[36,78],[15,62],[-57,88],[-85,58],[19,59],[72,28],[89,7],[85,20],[101,50],[22,34],[41,177],[84,46],[49,11],[73,36],[26,21],[12,31],[62,24],[57,35],[27,112],[195,24],[57,22],[107,0],[157,19],[131,32],[113,53],[47,36],[6,67],[63,62],[-16,59],[1,38],[-17,11],[-5,-15],[12,-30],[-9,-38],[-13,21],[8,189],[22,12],[7,22],[23,15],[12,72],[180,-32],[88,8]],[[44156,85258],[3,-21],[-45,-26],[-13,-29],[71,-34],[-10,-26],[-39,-28],[-7,-45],[-15,-2],[0,-17],[-69,-52],[2,-19],[-19,-20],[-9,-47],[-35,-52],[9,-4],[-4,-19],[28,-9],[-13,-21],[0,-28],[-19,-26],[17,-13],[-9,-21],[7,-13]],[[43987,84686],[35,-38],[-16,-138],[16,-58],[90,-57],[5,-35],[29,-41],[-39,-69],[20,-54],[-12,-58],[9,-65],[-17,-39],[-52,-63],[55,-60],[25,5],[16,-41],[-31,-18],[-5,-29],[-51,-46],[9,-16],[-30,-24],[-16,-56],[34,-40],[-34,-41],[-6,-24],[9,-31],[38,-37],[10,-54],[44,-19],[24,19],[17,2],[45,-32],[39,3],[22,-21],[103,-18],[61,-53],[87,-37],[16,-24],[53,-27],[10,-33],[25,-14],[2,-65],[55,-24],[18,-35],[15,-1],[1,-12],[51,-23],[-8,-10],[44,-33],[-21,-8],[72,27],[83,9],[151,46],[54,-9],[45,-26],[117,-136],[155,-89],[41,-14]],[[41754,82587],[-43,-28],[16,-2],[-10,-14],[-12,14],[-53,17],[6,10],[-18,36],[16,45],[-17,46],[21,27],[-11,18],[4,14],[32,21],[3,20],[42,20],[24,48],[-10,13],[18,10],[35,-44],[76,-33],[7,-11],[63,-1],[55,-16],[21,-33],[-6,-4],[-8,19],[-9,-24],[-18,19],[-55,-16],[10,-4],[-8,-21],[26,-16],[18,-3],[-36,23],[7,18],[18,4],[9,-4],[-12,-7],[8,-15],[50,-13],[-37,-31],[5,-11],[-28,-2],[-12,-31],[-14,2],[-10,15],[-20,-6],[9,11],[-13,16],[-5,-8],[-8,26],[-23,-9],[11,-41],[-17,18],[-12,-7],[3,20],[-19,15],[-23,-22],[-32,1],[-3,-20],[-40,-18],[22,-16],[5,-21],[13,-3],[-11,-11]],[[51415,72814],[-38,-61],[10,-31],[-1,-13],[-12,-6],[1,-28],[-55,-15],[3,-9],[-13,-11],[17,-37],[21,-5],[10,-19],[-3,-16],[-19,-1],[3,-26],[-25,-25],[35,-15],[19,-21],[-3,-10],[-23,-2],[-3,-14],[18,-2],[-14,-12],[6,-14],[41,-11],[4,-20],[-19,-14],[8,-11],[-10,-19],[-51,-25],[-13,-19],[-20,22],[-70,-52],[-17,9],[-32,-9],[-6,-38],[-32,-23],[-26,-6],[-8,-16],[-36,-5],[-23,-44],[13,-25],[-16,-16],[-20,-9],[-10,5],[-25,-35],[-21,-11],[-15,-5],[-13,11],[-13,-13],[-13,3],[-3,-16],[-26,-25],[-76,-47],[-16,3],[-22,-10],[-29,-42],[-29,-2],[1,-23],[-13,0],[6,-23],[36,1],[5,-11],[37,-18],[53,4],[31,-4],[12,-10],[-50,-69],[3,-22],[-16,-31],[19,-30],[-4,-11],[-62,-49],[-12,-31],[-55,-14]],[[48623,66172],[-61,-13],[-47,18],[-40,39],[17,19],[-4,27],[-38,-18],[-66,104],[17,51],[55,54],[0,19],[-20,8],[-13,20],[-1,49],[18,34],[3,38],[26,14],[98,4],[23,25],[-13,28],[0,51],[20,26],[1,26],[-22,65],[-3,121],[2,20],[28,34],[-3,75],[29,54],[-25,57],[13,128],[21,35],[63,20],[50,31],[19,40],[74,50],[67,4],[26,27],[59,10],[84,-3],[43,-15],[48,30],[39,7],[-9,87],[21,39],[-22,23],[-50,-1],[-13,33],[-70,-13],[-27,26],[-10,32],[-24,4],[-19,30],[-19,128],[6,54],[-14,121],[-24,10],[-33,-13],[-23,12],[6,47],[49,62],[1,71],[-16,53],[-50,79],[-5,81],[33,65],[-7,115],[10,76],[17,22],[-41,57],[-73,29],[0,95],[-22,89],[-59,9],[-38,44],[-31,14],[-16,41]],[[48638,69206],[-30,20],[-22,32],[-37,16],[-6,30],[-26,22],[-2,37],[-37,31],[-44,21],[-7,36],[-34,39],[-3,41],[-42,42],[7,31],[-42,-25],[-35,-9],[-76,22],[-19,84],[-20,25],[-91,13],[-18,-23],[-22,-8],[-41,27],[-17,-2],[-15,13],[-46,11],[-1,38],[-29,32],[-9,30],[-41,5],[-16,25],[-33,14],[-28,27],[-40,3],[-7,-15],[-34,1],[-31,16],[-22,45],[-30,-11],[-19,5],[-32,40],[-16,63],[-23,12],[-62,-12],[-82,55],[-37,7],[-36,19],[-11,-33],[-33,1],[-28,-19],[-16,1],[-21,27],[-73,43],[-11,43],[-41,31],[-24,70],[-58,36],[-35,10],[11,74],[-9,17],[-27,14],[-2,23],[-23,-2],[-28,48],[-45,10]],[[46189,77269],[26,16],[41,-12],[28,6],[28,38],[24,4],[45,31],[75,20],[22,20],[3,-47],[24,-14],[36,20],[73,6],[43,48],[-2,13],[21,34],[51,16],[32,32],[43,-13],[211,86]],[[49120,75270],[0,-1],[-1,0],[0,1],[1,0]],[[49120,75270],[2,0]],[[49122,75270],[-16,5],[6,13]],[[49112,75288],[0,-1],[1,0],[0,1],[-1,0]],[[49112,75288],[3,16],[-10,2],[-14,-38],[-43,-23],[-6,22],[-17,15],[-20,11],[-17,-2],[-16,-11],[14,-29],[-55,-1],[-21,-17],[-17,32],[-36,4],[-26,17],[-31,-6],[3,-31],[-18,5],[-24,18],[-16,37],[-17,14],[-35,-27],[-7,17],[-41,-34],[-43,20],[-16,-21],[-43,-9],[-18,16],[-4,31],[-12,-14],[-32,-7],[-14,-26],[21,-9],[10,-25],[36,1],[14,-27],[-71,-46],[-27,22],[-44,17],[-55,-11],[-15,-11],[-37,26],[-66,13],[-23,-4],[-41,-41],[-21,-1],[-33,67],[-45,44],[-115,101],[-91,38],[-59,36],[-67,94],[-126,112],[-7,18],[-34,23],[-77,83],[7,234],[30,79],[-11,51],[-16,23],[-52,36],[-115,8],[-35,11],[-11,21],[1,37],[46,33],[39,6],[39,33],[5,58],[52,143],[63,52],[8,-3],[87,79],[129,37],[51,26],[35,40],[3,25],[-18,93],[-45,61],[-98,47],[-184,66],[-100,58],[-62,74],[-23,49],[4,62],[82,98],[30,56]],[[51506,73104],[-129,-6],[-25,2],[-8,20],[-12,4],[-60,-13],[-13,10],[-9,-8],[-58,3],[-19,11],[-43,-18],[-49,3],[-28,-13],[-8,-19],[-32,-4],[-277,190],[-8,16],[-30,-3],[-29,29],[-20,50],[-23,5],[-38,-17],[-10,11],[6,17],[-40,20],[-49,-12],[31,30],[4,33],[48,24],[-29,34],[-28,-17],[-4,24],[-10,0],[-12,-21],[-37,21],[17,25],[0,28],[-26,36],[20,65],[-7,17],[20,33],[-17,12],[-16,43],[30,29],[-28,24],[-37,2],[-39,36],[-34,4],[-16,31],[-50,46],[34,15],[-30,40],[11,11],[111,20],[-42,50],[-85,162],[-31,29],[-144,72],[-80,-7],[-19,6],[-3,40],[8,2],[25,-8],[44,7],[62,-4],[19,-6],[12,-25],[29,-6],[22,-17],[38,12],[37,31],[43,6],[15,-73],[35,-32],[57,-6],[43,30],[55,2],[37,-14],[19,33],[53,47],[95,61],[7,85],[9,13],[28,9],[2,49],[16,25],[-26,38],[9,36],[71,18],[51,73],[-45,22],[-16,-34],[-34,11],[-39,-7],[-14,40],[-47,-9],[-100,54],[0,45],[-16,17],[-26,8],[-45,-28],[-73,0],[-123,27],[16,37],[-46,-7],[-28,-16],[-16,20],[-16,-27],[-28,-9],[-52,7],[-32,-16],[-33,0],[-36,20],[-21,-14],[-38,13],[-27,-5],[-55,-39],[-47,7],[-19,62],[1,34],[-85,5],[5,16],[-24,16],[-7,22],[-28,2],[1,28],[-106,32],[-49,33],[-55,-15],[-10,67],[-21,-3],[-14,25],[18,23],[-9,21],[-25,14],[-6,32],[-20,10],[-14,55],[-23,9],[22,32],[-10,29],[-32,-28],[-43,30],[-14,-18],[-31,1],[-12,11],[-65,-1],[17,67],[-9,12],[-21,3],[1,-9],[-58,-43],[4,-28],[-51,-4],[-15,-18],[8,-30],[9,-1],[12,-25],[-1,-26],[11,7],[-1,-9],[26,-22],[-10,-30]],[[53012,65394],[-162,-120],[-20,-50],[-7,14],[17,27],[-2054,-1525]],[[50786,63740],[-24,-13],[-22,11],[-50,-1],[-16,29],[-72,7],[-13,12],[-27,1],[-50,-23],[-14,-37],[-34,10],[-10,13],[-18,-12],[-54,-10],[-15,-15],[-26,18],[12,22],[-38,-2],[-5,27],[-45,46],[-49,-26],[-8,-20],[-33,10],[-63,-7],[-39,7],[-43,-14],[1,37],[8,4],[-10,12],[21,22],[-14,40],[12,13],[17,126],[-20,56],[10,12],[4,85],[-24,43],[-15,-10],[-29,1],[-7,-16],[-6,39],[-22,-11],[-37,47],[-3,36],[24,6],[-19,27],[13,7],[3,17],[-19,19],[22,23],[-7,20],[-45,35],[-3,66],[-34,25],[-28,81],[-22,-6],[7,21],[-29,28],[6,19],[-7,7],[-25,-13],[1,26],[-17,14],[-4,57],[-39,0],[-26,30],[11,31],[-15,17],[40,39],[-28,36],[7,18],[-11,-1],[-1,2],[37,16],[-12,7],[9,16],[-9,4],[-4,15],[14,-2],[21,18],[-6,9],[15,7],[14,51],[-8,31],[9,3],[8,42],[24,19],[14,0],[-8,18],[9,-4],[8,9],[-8,47],[16,10],[-8,8],[12,15],[-15,24],[10,14],[-12,11],[11,8],[-7,25],[15,8],[-11,10],[14,15],[-7,10],[-30,-1],[-23,28],[3,21],[-30,8],[5,14],[-22,3],[4,27],[-16,4],[15,6],[-10,20],[9,5],[0,24],[-11,9],[12,1],[1,40],[25,31],[-4,24],[53,37],[7,30],[14,11],[27,-2],[33,21],[30,-1],[1,58],[88,78],[-5,33],[42,31],[33,3],[19,15],[27,54],[23,1],[9,32],[65,45],[6,39],[26,2],[34,37],[-24,41],[-24,10],[-9,24],[-32,13],[-17,23],[-24,-2],[-24,14],[-44,8],[-14,-8],[-19,6],[-19,23],[-4,30],[-26,28],[-63,18],[-9,0],[-25,-55],[-32,-25],[-145,-30],[-77,-2],[-67,-109],[71,-2],[-27,-142],[19,-79],[-43,-75],[-44,-42],[-29,-7],[-57,4],[-64,-16],[-29,-66],[-106,-31],[2,-49],[-15,-25],[-57,-18],[-54,-5],[-32,-1],[-35,19],[-65,86],[-15,60],[-45,36],[-24,34],[-61,27],[-49,62],[-67,30],[-26,33],[-74,16],[-16,78]],[[48636,66146],[-13,26]],[[48623,66172],[-7,35],[-27,15],[-3,25],[15,35],[-26,18],[4,27],[99,37],[-3,20],[11,21],[38,-12],[20,9],[1,92],[31,-15],[28,10],[7,-44],[15,-10],[-4,31],[13,12],[-10,27],[30,12],[-4,34],[13,7],[57,-45],[-1,-18],[18,2],[-3,13],[30,6],[35,-15],[10,-61],[52,18],[21,20],[27,-6],[12,18],[-9,26],[13,29],[1,74],[-24,61],[12,43],[-16,-1],[1,45],[-36,9],[-4,15],[36,53],[44,11],[13,19],[25,0],[23,20],[27,1],[-10,26],[26,19],[-14,11],[7,18],[-9,15],[10,10],[18,-8],[22,14],[-14,28],[7,31],[-14,26],[16,14],[4,24],[-22,21],[4,28],[-17,11],[5,14],[-8,4],[-13,-10],[-11,7],[20,24],[26,2],[8,15],[22,4],[16,20],[-16,17],[12,12],[20,0],[-11,23],[8,30],[-15,1],[5,9],[-17,10],[-17,1],[20,86],[34,39],[-9,29],[26,11],[25,-16],[20,30],[-12,9],[17,26],[17,-1],[-4,-12],[12,3],[-4,29],[-33,2],[2,34],[-36,1],[-4,19],[9,9],[-24,2],[11,57],[-13,23],[9,17],[-14,7],[51,25],[-14,29],[34,61],[-13,26],[18,22],[-22,19],[7,25],[-17,25],[20,63],[-15,46],[-12,6],[20,74],[78,79],[61,-6],[136,-46],[161,-3],[49,15],[96,85],[52,83],[-4,24],[-33,14],[-54,6],[-1,12],[61,60],[47,31],[7,17],[99,68],[-8,22],[19,37],[-66,29],[-7,46],[35,58],[65,22],[39,36],[-17,14],[-4,47],[38,8],[49,-7],[12,33],[32,11],[77,-20],[24,-31],[17,15],[54,9],[59,34],[16,0],[97,65],[33,39],[2,89],[-37,65],[3,22],[-19,19],[-14,61],[-16,10],[5,25],[-57,13],[2,15],[-18,31],[-46,47],[-9,24],[-33,7],[-18,25],[-22,2],[-5,18],[45,58],[63,20],[28,29],[13,33],[-9,32],[37,46],[-13,28],[42,33],[47,136],[-74,35],[-24,67],[10,44],[-18,19],[-16,-4],[-29,36],[-16,58],[4,28],[-53,9],[-8,20],[-26,7],[-58,-10],[-43,14],[-35,43],[-25,8],[-45,42],[-1,22],[-24,39],[-26,10],[-2,-10],[-22,-3],[-20,21],[-136,48],[-83,60],[36,55],[-17,53],[8,38],[-7,23],[32,66],[-20,43],[8,26],[86,4],[80,42],[69,204],[35,1],[141,58],[103,102],[12,38],[97,48],[2,23],[-34,34],[2,16],[103,23],[34,65],[24,15]],[[50696,71565],[9,-16],[-9,-29],[23,-24],[95,-22],[22,4],[10,12],[56,2],[12,15],[16,-4],[27,17],[55,5],[23,23],[36,-3],[37,-24],[42,-17],[17,2],[25,18],[-33,41],[18,3],[32,37],[34,7],[26,29],[34,5],[11,22],[60,22],[62,71],[12,32],[105,65],[39,12],[21,-16],[27,34],[17,-8],[67,39],[-2,7],[-20,-2],[-12,14],[12,24],[-25,21],[11,19],[24,0],[14,-24],[36,2],[7,-20],[20,-6],[24,36],[35,1],[-12,30],[16,12],[26,-7],[-4,-23],[23,2],[12,-22],[45,-9],[17,-26],[-23,-64],[-21,-24],[-69,-26],[25,-7],[32,8],[31,20],[45,69],[28,10],[47,58],[8,64],[39,12],[44,36],[48,12],[-14,26],[47,9],[73,85],[67,27],[31,62],[70,48],[66,20],[38,24],[-7,23],[20,6],[12,27],[-18,22],[-21,-2],[-5,21],[-32,18],[-1,10],[-21,0],[23,32],[32,-8],[21,11],[33,-6],[58,30],[-41,-1],[-51,18],[-52,24],[-26,31],[-55,31],[6,65],[21,25],[-26,5],[-30,-11],[-46,1],[-28,12],[-16,-15],[-21,19],[-15,0],[-23,25],[-15,-7],[-35,4],[-16,16],[-329,16],[-26,-36],[-19,18],[-20,-2],[1,13],[-37,6],[-4,8],[-4,-11],[-25,19],[-28,-2],[-41,31],[-79,-1],[-182,-88]],[[51415,72814],[20,58],[36,49],[-1,27],[38,43],[6,-5],[17,13],[3,16],[-22,39],[4,45],[-10,5]],[[51506,73104],[13,0],[25,-26],[20,-7],[10,-21],[27,-11],[3,-15],[20,-11],[42,28],[24,-12],[54,10],[28,-16],[47,-8],[24,30],[54,21],[11,32],[-16,32],[38,26],[19,-6],[54,9],[23,-10],[60,16],[94,-51],[62,-2],[84,19],[50,0],[28,25],[8,21],[57,38],[24,-8],[-4,-13],[12,1],[9,-29],[21,-10],[-2,-14],[42,-34],[16,2],[-4,14],[27,26],[33,2],[4,-18],[33,-21],[5,-31],[17,11],[41,72],[84,48],[8,28],[20,1],[19,41],[-36,44],[19,20],[-12,21],[8,16],[12,-9],[23,8],[3,-44],[13,16],[13,-1],[19,-15],[-16,-6],[3,-12],[20,-10],[30,8],[2,-23],[41,6],[9,13],[44,18],[16,25],[21,-2],[1,-19]],[[53107,73337],[0,1],[1,0],[0,-1],[-1,0]],[[53107,73337],[14,36],[97,60],[19,3],[66,-19],[-20,78],[23,2],[45,30],[38,-6],[24,11],[-18,42],[-44,25],[-19,36],[13,44],[26,-3],[1,17],[21,-9],[14,25],[-13,52],[-29,33],[-57,20],[10,49],[-15,23],[24,8],[24,29],[67,41],[27,31],[4,24],[87,30],[43,0],[41,28],[19,48],[34,4]],[[53965,70213],[-20,-36],[-39,-19],[-121,-13],[-34,-15],[-40,-66],[-74,-74],[-46,-17],[-110,-81],[-64,-27],[-36,-29],[-40,-74],[6,-70],[-25,-103],[1,-66],[-12,-26],[30,-211],[40,-59],[150,-118],[52,-82],[3,-22],[-18,-28],[8,-84],[-20,-51],[4,-61],[7,-43],[87,-114],[-8,-50],[17,-47],[-16,-125],[10,-29],[76,-78],[22,-86],[55,-95],[1,-19],[-52,-74],[-85,-90],[-65,-22],[-28,-52],[22,-27],[55,-33],[65,-74],[0,-23],[-32,-79],[27,-41],[19,-63],[79,-88],[-17,-44],[-25,-12],[-58,14],[-21,-4],[-23,-19],[0,-36],[46,-58],[9,-55],[-27,-36],[-85,-33],[-16,-18],[8,-43],[-17,-102],[-69,-54],[-57,-179],[-32,-13],[-86,4],[-23,-51],[-52,-40],[-14,-50],[-12,-11],[-152,-29],[-41,-18],[-21,-25],[-29,-119],[54,-45],[8,-22],[-5,-42],[40,-30],[11,-40],[41,-55],[-4,-128],[-19,-33],[-4,-67],[-11,-28],[-45,-27],[24,-77],[1,-50],[-66,-230],[-3,-92],[-12,-38]],[[41774,81229],[-52,179],[3,42],[22,10],[49,-29],[42,9],[52,60],[3,37],[61,30],[26,53],[45,17],[48,46],[-3,8],[-13,-7],[5,-9],[-20,-12],[-15,22],[-19,1],[-14,-10],[-5,-21],[-19,-11],[4,35],[18,22],[-11,22],[-21,12],[-47,-19],[-10,34],[12,-3],[40,16],[30,-9],[30,49],[12,-7],[-7,-17],[15,-6],[-37,-23],[6,-14],[24,-2],[1,-15],[12,-4],[2,19]],[[42043,81734],[34,-29],[56,-14],[5,-23],[17,-11],[93,3],[-93,272],[189,26],[41,142],[-119,37],[7,33],[5,5],[18,-22],[17,2],[10,18],[35,10],[4,8],[-32,15],[-10,36],[19,15],[21,42],[6,48],[39,9],[29,-33],[1,-35],[34,4],[-11,29],[-14,-1],[-22,33],[-5,61],[-24,32],[-2,102],[53,11],[76,-11],[48,-25],[95,-22],[2,29],[-143,67],[5,119],[-92,88],[79,67],[20,40],[17,-18],[48,51],[2,38],[27,-1],[71,-27],[84,31],[11,36],[110,-3],[114,25],[48,24],[88,3],[68,41],[2,41],[51,-25],[12,-16],[86,-14],[32,-30],[38,3],[4,-26],[62,-25],[15,-55],[40,-19],[16,-49],[24,-10],[21,-27],[17,-4],[36,-62],[63,22],[18,-18],[-2,-42],[-25,-37],[0,-48],[-29,-22],[-34,0],[-15,-17],[27,6],[21,-11],[10,-23],[39,-7],[40,2],[19,12],[2,-22],[73,-19],[4,-14],[26,-7],[8,-48],[31,-24],[-42,-54],[40,-49],[112,-59],[70,64],[22,8],[20,4],[55,-16],[33,49],[36,21],[25,-10],[-4,-108],[16,32],[35,-23],[34,8],[-5,8],[14,13],[-31,42],[31,-26],[-26,30],[21,-20],[39,-8],[14,-23],[71,7],[12,16],[9,-1],[5,-19],[9,9],[-5,9],[30,26],[22,1],[49,-17],[33,-27],[15,1],[17,-24],[37,-3],[14,-21],[-5,-13],[27,-28],[41,7],[24,-7],[27,12],[56,-8],[44,11],[51,32],[48,13],[-36,-7],[17,143],[36,13],[40,-2],[53,68],[-6,44],[43,-13],[-36,44],[-17,67],[24,6],[41,-9],[96,2],[25,13],[27,45],[23,-8],[31,21],[33,7],[11,33]],[[45499,82802],[76,-8],[70,-19],[87,-67],[44,-21],[88,-79],[38,-22],[365,-405]],[[46032,81468],[-29,-20],[-55,-6],[-14,-11],[-45,-8],[-39,-43],[-21,9],[-50,-3],[-20,-24],[-41,-8],[-30,-23],[-27,9],[-9,-12],[-33,10],[-20,-5],[0,16],[-19,-8],[-18,22],[-15,-2],[-14,10],[-23,0],[-23,-13],[-20,12],[-16,-24],[-23,31],[-33,17],[-15,26],[-82,8],[-47,-19],[-41,-5],[-25,-21],[-13,7],[-31,-7],[-17,16],[-43,15],[-64,-82],[-23,0],[-14,-30],[-28,-14],[-71,27],[-16,44]],[[44865,81359],[0,-1],[-1,0],[1,1]],[[44865,81359],[-30,23],[-20,-16],[-40,2],[-36,-21],[-3,-32],[-11,-5],[6,-9],[-15,-3],[1,-18],[-5,10],[-8,-14],[-28,5],[4,-27],[-14,-24],[-39,13],[-8,-5],[11,-23],[-7,3],[-6,-10],[8,-25],[-73,-54],[-49,8],[-10,34],[-26,3],[-36,19],[-1,-11],[11,-3],[-15,-18],[39,-52],[-14,-6],[0,-22],[-12,-12],[11,-11],[-54,-35],[-38,-57],[2,-23],[-62,4],[-4,-6],[-13,19],[-14,0],[-24,-28],[-47,-31],[29,-25],[-68,-77],[14,-7],[25,16],[-1,-11],[18,0],[-5,-15],[14,-3],[5,-22],[11,-5],[-5,-18],[11,-31],[-23,-15],[-6,-29],[-18,-23],[-27,-5],[-39,-32],[-12,-39],[8,-16],[-48,-39],[13,-8],[4,-29],[-14,0],[3,-7],[-8,3],[-21,-24],[6,-10],[-6,3],[3,-7],[-42,-35],[-25,-50],[-28,-9],[-13,-27],[-26,-12],[17,-5],[49,10],[56,-5],[18,-11],[4,-17],[-37,-40],[7,-13],[37,-18],[-7,-25],[-10,-7],[-63,3],[-16,-14],[-21,2],[-22,-20],[-9,12],[-8,-3],[4,11],[-12,8],[8,9],[-24,2],[-14,-31],[-66,2],[-40,-22],[-37,1],[-9,-11],[-26,12],[-18,-13],[-20,3],[-1,10],[-34,-1],[-25,-26],[-32,-14],[-44,0],[-52,-59],[2,-36],[-65,-57],[0,-28],[-21,-31],[23,-18],[-15,-34],[-11,2],[-13,-20],[-12,-36]],[[59929,66368],[16,40],[-18,15],[-2,15],[-40,-15],[-27,19],[-27,48],[-122,35],[-22,50],[-36,9],[-17,38],[-39,17],[-59,7],[-37,26],[-60,4],[-71,42],[5,57],[-51,60],[5,46],[-17,35],[-9,85],[-28,103],[29,16],[53,68],[-15,37],[9,31],[-9,40],[45,39],[88,127],[68,-14],[-1,50],[-34,17],[-16,33],[14,31],[-20,4],[-34,27],[-14,33],[-32,1],[-66,63],[-47,-11],[-15,10],[-1,32],[-42,29],[-14,43],[12,36],[-15,25],[1,51],[35,105],[-22,26],[-25,8],[-25,-5],[-34,35],[-13,35],[-34,-8],[3,38],[59,51],[7,21],[-34,17],[-38,48],[-96,149],[11,41],[12,1],[22,36],[-3,16],[22,16],[-69,28],[-10,16],[-51,21],[-22,22]],[[59578,75586],[63,-9],[10,-28],[26,-14],[80,33],[9,27],[28,-1],[51,24],[60,-1],[23,10],[10,26],[49,-1],[21,42],[-20,24],[14,15],[12,75],[12,7],[28,1],[48,-16],[162,7],[85,-51],[70,0],[7,27],[-15,65],[12,19],[79,-39],[23,-32],[1,-14],[-28,-23],[0,-14],[16,-2],[32,17],[57,-8],[-12,-17],[10,-22],[-16,-28],[15,-33],[15,-2],[21,13],[21,42],[18,13],[59,-4],[8,-61],[21,-1],[18,15],[28,-4],[3,-27],[-54,7],[-17,-11],[3,-17],[14,-5],[52,11],[18,-25],[-12,-17],[-51,-8],[-6,-20],[13,-9],[45,8],[22,-20],[2,-16],[-14,-19],[109,-349],[182,-418],[150,-762],[293,-1090],[64,-20],[16,-14],[26,0],[25,-43],[13,3],[-8,17],[7,13],[33,-1],[20,-27],[-40,-6],[-4,-19],[37,3],[67,-14],[138,-132],[142,-177],[1002,-904],[23,9],[28,-2],[75,-41],[5,-28],[-48,-20],[2,-19],[33,2],[24,19],[28,-20],[-35,-20],[27,3],[8,-30],[11,1],[12,27],[46,-13],[7,-10],[-14,-33],[32,-7],[7,-23],[-9,-10],[-28,5],[-12,-8],[20,-25],[-20,-40],[25,-22],[-26,-5],[0,-8],[18,-28],[30,-4],[20,-22],[28,-2],[-6,-22],[14,-12],[-13,-8],[-3,-18],[17,2],[-3,-10],[-41,-2],[11,-18],[-11,-8],[6,-24],[-12,-19],[19,-7],[-27,-4],[-4,-17],[12,1],[-5,-8],[12,-12],[-15,-21],[26,-11],[-30,-51],[-6,-50],[-19,-3],[3,-15],[12,-4],[-22,-16],[11,-8],[9,13],[33,-4],[-12,-12],[14,-26],[34,3],[-40,-28],[18,-31],[16,-9],[-14,-15],[20,-40],[21,-9],[-2,-19],[-12,-7],[32,-23],[-13,-29],[12,-25],[12,-14],[13,6],[-2,-18],[19,1],[-3,-12],[-33,-20],[10,-8],[24,15],[16,-21],[-21,-9],[16,-7],[33,10],[-30,-43],[17,3],[8,-16],[15,0],[18,-60],[27,-32],[9,-41],[-6,-16],[-42,-17],[-6,-13],[-11,2],[-12,-12],[-11,4],[1,-45],[20,-11],[-10,-21],[21,-12],[-15,-19],[33,-55],[-54,-16],[-7,-21],[-18,-4],[5,-6],[-10,-3],[-16,-37],[22,-66],[93,-36],[22,2],[13,-24],[-4,-65],[27,-90],[-3,-56],[14,-36],[-23,-38],[-26,-6],[0,-21],[-10,-6],[47,-39],[7,-23],[-17,-48],[5,-16],[-17,-4],[-72,34],[-27,46],[-75,46],[-5,16],[-35,28],[-44,6],[-58,-18],[-39,16],[-83,-9],[-5,-18],[23,-12],[12,-36],[-25,-14],[-21,-30],[12,-16],[-36,-16],[20,-40],[1,-34],[-44,-32],[-33,-1],[-18,14],[-29,-4],[-18,-33],[-20,-9],[18,-29],[-27,-16],[20,-7],[3,-12],[-27,7],[-29,-22],[9,-27],[-7,-9],[-42,15],[-24,-2],[-13,-14],[-98,-21],[0,-21],[-52,-27],[-3,-23],[-35,-18],[6,-15],[-15,-21],[8,-13],[-10,-27],[35,-25],[16,28],[14,-4],[-1,-18],[22,1],[-8,-16],[12,-10],[-9,-9],[36,-24],[29,17],[9,-15],[25,-1],[14,-28],[23,-3],[5,-9],[-10,-11],[-27,-3],[15,-10],[-15,-11],[14,-15]],[[61281,67313],[21,43],[-3,70],[13,28],[-39,92],[15,34],[0,30],[-45,-5],[-73,43],[-73,15],[-38,24],[-2,24],[-23,23],[9,95],[46,62],[-8,38],[8,24],[15,2],[2,21],[21,7],[-13,36],[19,4],[-2,24],[18,1],[22,18],[-9,28],[50,54],[-4,21],[-24,9],[15,21],[-22,40],[15,37],[-9,17],[24,19],[43,4],[20,20],[24,8],[7,20],[29,12],[-1,23],[23,-1],[-1,19],[19,0],[9,9],[12,-6],[9,12],[46,-7],[6,9],[41,-1],[88,29],[38,-6],[7,22],[45,15],[5,-29],[29,-26],[-5,-28],[17,-33],[-4,-11],[41,-67],[-11,-33],[25,-32],[29,-5],[60,-48],[-59,-64],[-9,-34],[-28,-19],[0,-6],[48,-6],[-5,-62]],[[62097,67810],[8,25],[21,7],[71,65],[90,29],[36,34],[30,1],[42,29],[-3,37],[13,14],[4,42],[47,91],[-4,34],[-15,22],[25,87],[-8,18],[14,43],[2,64],[34,38],[6,29],[31,20],[21,46],[31,25],[15,32],[15,-5],[17,11],[11,-18],[-7,-10],[33,-15],[18,-23],[0,36],[22,18],[-11,12],[51,42],[96,0],[13,75],[14,0],[-6,15],[9,19],[-16,15],[13,17]],[[62880,68831],[10,-30],[21,5],[5,-6],[1,-10],[-27,-16],[14,-11],[-10,-13],[7,-34],[26,-7],[14,-33],[16,-5],[7,-16],[-7,-26],[24,-12],[5,-24],[-12,-13],[1,-22],[-30,-10],[17,-20],[1,-20],[-10,-1],[0,-17],[-14,-10],[2,-24],[27,-52],[-15,-1],[3,-15],[-44,-66],[3,-14],[-21,-35],[-27,-9],[-1,-11],[-12,3],[-20,-11],[-16,-37],[8,-17],[-10,-22],[11,-16],[-3,-44],[-16,-40],[3,-25],[-22,-23],[-3,-42],[20,-39],[-6,-38],[10,-34],[-16,-60],[10,-5],[-2,-57],[11,-20],[-17,-42],[-13,-8],[5,-21],[-9,-13],[10,-10],[-13,-53],[23,-58],[-15,-20],[-1,-47]],[[56719,76044],[26,-22],[45,-8],[79,34],[29,-7],[17,10],[70,-23],[57,5],[30,-14],[31,12],[80,6],[139,-52],[46,15],[47,-3],[28,-15],[32,6],[16,-13],[20,12],[1,-21],[10,-4],[32,18],[20,30],[23,-5],[29,41],[37,14],[35,-1],[18,21],[49,7],[8,17],[31,-29],[22,17],[13,-18],[10,9],[30,-6],[34,-22],[105,11],[39,20],[7,18],[60,47],[34,3],[-7,14],[51,35],[-13,22],[0,31],[26,-2],[31,22],[18,-2],[8,15],[22,-2],[26,19],[5,26],[15,9],[-3,18],[58,-6],[33,23],[27,-12],[32,-1],[23,13],[39,-23],[66,-9],[29,58],[26,26],[24,-9],[32,22],[-23,22],[-3,23],[14,47],[26,30],[47,-25],[9,15],[39,2],[26,-12],[1,-9],[19,-3],[29,21],[25,3],[-13,33],[21,6],[34,67],[35,20],[10,-25],[16,-5],[33,39],[94,24],[26,-12],[11,-17],[-22,-55],[19,-15],[57,-5],[8,-41],[-15,-37],[5,-10],[21,-18],[51,-8],[-26,-62],[3,-72],[-52,-18],[-10,-15],[5,-11],[26,-7],[46,14],[38,-33],[62,-17],[10,-34],[33,-42],[14,-81],[14,-18],[33,-15],[-9,-21],[-37,-25],[-15,-90],[-77,-23],[-76,-44],[1,-8],[64,-30],[34,-5],[18,-43],[31,-18],[38,-74],[40,-31],[26,0],[16,-10],[3,-18],[-29,-34],[28,-25]],[[59578,75586],[-32,4],[-14,-19],[-37,-16],[-20,-35],[3,-34],[18,-14],[-7,-17],[44,-18],[5,-16],[24,1],[28,-19],[26,3],[30,-18],[36,-44],[5,-30],[-44,-23],[-30,-36],[-12,0],[-5,-13],[-24,-13],[4,-12],[-14,-18],[-12,-3],[-12,9],[-119,-28],[-72,48],[-24,-7],[-27,19],[-4,20],[-27,33],[-484,-323],[2,-38],[-17,-50],[14,-40],[-19,-12],[-13,-44],[15,-60],[-5,-55],[-12,-15],[3,-23],[-28,-19],[52,-29],[-6,-17],[31,-36],[-8,-44],[64,-60],[15,-64],[-42,-23],[-13,-22],[32,-24],[77,8],[37,25],[61,17],[9,11],[28,-5],[16,17],[14,-8],[49,13],[64,59],[3,-19],[25,-7],[30,-29],[24,22],[22,-12],[18,10],[19,-7],[45,17],[35,-3],[-5,-28],[20,-18],[-10,-19],[27,-20],[-15,-30],[9,-51],[17,-8],[57,3],[27,-16],[8,-38],[19,-28],[-8,-22],[-52,-69],[-49,-43],[-18,-33],[90,-41],[9,-40],[49,-14],[7,-41],[-10,-14],[-43,12],[-27,-8],[-16,-23],[-18,-91],[34,-51],[60,8],[15,14],[16,0],[4,-126],[66,-37],[32,-8],[65,-98],[-21,-33],[31,-15],[-39,-3],[7,-13],[-14,-44],[35,-13],[2,13],[14,4],[-7,-22],[9,-8],[-28,-15],[-36,33],[-11,-32],[16,-33],[28,-7],[-7,-16],[10,-31],[12,6],[12,-18],[28,-3],[-18,-27],[-31,-3],[3,-24],[23,2],[-21,-19],[-2,-32],[24,4],[5,-22],[15,-2],[-17,-18],[-18,0],[1,-11],[20,6],[31,-15],[-40,-18],[12,-4],[-8,-12],[12,-36],[17,0],[-13,-17],[30,-42],[-7,-27],[19,0],[-29,-38],[4,-8],[26,1],[-13,-37],[-17,-7],[-14,-38],[-48,-39],[-16,5],[-112,-43],[-62,24],[-32,35],[-31,13],[-77,-3],[-35,-22],[-45,-4],[-91,-27],[-51,-47],[-96,-56],[-18,-27],[12,-68],[52,-45],[83,-115],[4,-117],[41,-30],[21,2],[89,-53],[2,-28],[31,-61],[2,-63],[26,-61],[-4,-35],[-27,-14],[10,-51],[-62,-75],[-77,6],[-24,-23],[5,-53],[-33,-43],[20,-92],[69,-59],[-21,-64],[32,-65],[19,-26],[20,-7],[14,-56],[-31,-26],[-27,0],[-7,-35],[-14,-13],[51,-77],[-12,-16],[-22,1],[-57,-48],[-12,-36],[9,-34],[-38,-38],[25,-32],[31,-71],[113,-80],[-3,-37],[-30,-26],[16,-27],[25,-14],[15,-28],[29,-23],[20,-61],[30,-45],[-44,-20],[-1,-26],[-27,-17],[-37,-10],[-25,6],[-63,-5],[-43,-14],[-16,-31],[-23,-13],[-43,-5],[-2,-34],[-69,-38],[-6,-40],[13,-15],[-2,-24],[14,-18],[12,-54],[-10,-28],[4,-28],[12,-19],[29,1],[20,-12],[-1,-62],[-4,-13],[-67,-48],[-5,-112],[-25,-41],[11,-29],[-29,-49],[-59,-46],[-21,10],[-26,-17],[-25,2],[-52,-16],[-40,16],[-38,-9],[-23,-23],[5,-18],[-27,-33],[-63,-3],[-54,20],[2,-22],[-21,-21],[9,-9],[-17,-10],[12,-8],[-17,-17],[9,-9],[-5,-42],[9,-10],[-11,-3],[6,-15],[-12,-31],[-17,-14],[30,-14],[26,-72],[78,-66],[8,-149],[11,0],[2,15],[13,7],[23,-9],[47,8],[20,-39],[45,-24],[13,-17],[-1,-76],[24,-43],[4,-39],[-45,-82],[9,-54],[-10,-57]],[[58912,68639],[12,-57],[-23,-47],[-59,-81],[-57,-19],[-28,-19],[29,-43],[-22,-39],[11,-80],[-38,-76],[-43,-19],[-15,-28],[-35,-15],[-10,-18],[-37,17],[-24,44],[-21,-5],[-29,9],[-43,-8],[-9,-28],[-29,-14],[-75,81],[-64,-17],[-27,37],[-32,23],[-43,6],[3,50],[-16,19],[-31,-24],[-33,-1],[-43,-16],[-74,-85],[-20,-65],[-36,-19],[-20,11],[-2,24],[-46,19],[-9,14],[-17,-9],[-18,10],[35,36],[19,-2],[-6,10],[14,13],[-5,35],[-41,17],[-22,40],[-84,39],[-14,-1],[-74,45],[-55,-8],[4,-12],[-8,-2],[-82,-13],[-33,7],[-12,19],[-57,18],[-18,17],[11,12],[-17,13],[-39,-10],[-33,3],[-19,15],[-64,6],[-30,-2],[-18,-39],[-23,-10],[-19,0],[-24,25],[-36,-41],[-26,-9],[-4,-13],[-67,28],[-7,27],[-34,18],[-36,-1],[-58,-31]],[[51420,46721],[26,66],[-6,15],[27,8],[29,31],[7,30],[19,3],[16,28]],[[51538,46902],[0,-1],[-1,1],[1,0]],[[51538,46902],[4,15]],[[51542,46917],[-1,0],[1,1],[0,-1]],[[51542,46917],[39,51],[-1,26],[17,25],[-10,62],[-36,47],[-8,28],[18,57],[18,18],[48,16],[-77,30],[6,75],[14,55],[64,0],[65,38],[-14,64],[-14,16],[2,25],[-9,6],[18,57],[-5,12],[24,27],[-2,36],[-13,18],[9,21],[-36,2],[-33,-15],[-20,7],[0,23],[-18,15],[13,45],[-26,0],[-23,15],[-13,16],[2,19],[-11,-5],[-9,9],[-1,32],[-18,23],[17,85],[-39,17],[-25,39],[2,30],[-27,15],[-24,39],[44,60],[69,45],[46,63],[52,138],[52,29],[-6,22],[15,13],[1,30],[9,12],[37,8],[10,24],[-10,20],[25,14],[26,39],[3,62],[23,38],[-16,61],[3,31],[-44,-7],[-34,17],[-22,25],[-22,-3],[3,55],[-21,64],[16,16],[13,44],[3,93],[35,77],[103,70],[49,-15],[22,8],[9,19],[31,17],[2,136],[17,84],[-7,30],[7,27],[112,-22],[29,19],[65,0],[33,107],[37,46],[2,28],[15,18],[-1,59],[78,19],[24,2],[8,-11],[54,5],[-8,35],[18,13],[3,97],[21,24],[-10,21],[33,2],[13,23],[6,15],[-20,31],[15,18],[-3,27],[27,14],[-8,19],[7,18],[37,33],[-13,22],[78,20],[66,32],[3,21],[19,15],[9,24],[41,9],[15,-18],[26,-9],[33,-44],[40,-3],[24,9],[16,-8],[2,-13],[-34,-24],[-22,-40],[-3,-30],[69,-25],[70,-107],[67,-53],[60,94],[5,23],[60,51],[18,39],[-3,19],[24,24],[57,11],[34,23],[45,1],[67,-21],[27,11],[57,1],[54,-15],[49,22],[135,6],[26,-5],[24,-18],[60,0],[10,48],[-17,101],[25,44],[-13,23],[-1,35]],[[53804,50576],[-24,-17],[-17,-1],[-56,31],[-211,-1],[-59,7],[11,12],[-11,40],[13,44],[-39,74],[-27,-5],[-16,14],[-28,-48],[-33,63],[-4,23],[16,36],[-18,18],[21,38],[-15,10],[-99,5],[-22,32],[-20,2],[-59,36],[-1,19],[-26,30],[-36,0],[-5,18],[-19,10],[-34,49],[-15,-1],[-16,30],[-72,4],[-46,12],[-20,21],[-51,11],[-70,33],[20,25],[-12,42],[0,11],[12,2]],[[50594,50205],[-36,10],[-39,74],[6,59],[-25,36],[15,71],[-47,34],[28,48],[-54,115],[-10,-1],[-34,86],[13,25],[-25,19],[-72,95],[-57,35],[-43,136],[48,50],[15,-1],[17,14],[11,15],[-9,12],[40,31],[22,4],[21,30],[-7,35],[19,19],[-3,-10],[39,-24],[13,-28],[89,-35],[32,4],[-4,10],[17,7],[21,-2],[4,18],[11,1],[7,5],[-14,1],[5,4]],[[50608,51207],[1,0],[0,1],[-1,0],[0,-1]],[[50608,51207],[-8,16],[15,4],[-2,10],[11,6]],[[50624,51243],[0,-1],[1,0],[0,1],[-1,0]],[[50624,51243],[4,14],[9,-2],[12,16]],[[50649,51271],[-1,-2],[3,-1],[0,2],[-2,1]],[[50649,51271],[1,12]],[[50650,51283],[3,0],[0,2],[-2,0],[-1,-2]],[[50650,51283],[-19,6],[14,8],[-14,10],[0,14],[28,14],[0,19],[15,2],[-5,14],[7,-5],[-30,40],[-8,73],[-24,39],[-10,-7],[-8,5],[9,11],[-15,41],[-76,95]],[[51885,51432],[-32,-17],[39,-33],[15,-27],[-18,-28],[-11,33],[-22,-6],[-5,-28],[28,-11],[-13,-11],[36,-19],[-62,-34],[13,-8],[-15,-1],[4,-20],[-20,-8],[29,-1],[-42,-32],[-15,20],[-1,28],[-35,0],[-15,-25],[3,15],[-20,-5],[-17,-45],[-24,-8],[-5,13],[17,4],[-22,-1],[-9,-19],[17,-10],[-20,4],[4,-20],[-20,-6],[18,0],[2,-8],[-21,-12],[24,5],[-18,-32],[13,-9],[-25,-22],[19,2],[-8,-32],[-31,-9],[6,-35],[-35,-2],[21,-37],[-12,15],[-21,4],[13,-19],[-32,-7],[-13,-29],[18,-21],[18,-1],[-12,-8],[16,-36],[-20,-15],[-3,21],[-10,4],[-33,-17],[-12,15],[-77,-29],[-16,-17],[-34,4],[-8,4],[5,8],[-9,0],[-18,-31],[-59,-28],[-20,-22],[12,-13],[-2,-22],[-42,-13],[13,-11],[41,0],[-22,-37],[33,-35],[-42,-32],[-8,-33],[22,-13],[11,-30],[64,-12],[-4,-13],[18,-11],[-27,2],[-4,-22],[-22,4],[-9,-20],[-31,5],[-35,-16],[-52,-43],[-6,5],[15,28],[-21,-7],[-37,21],[-14,-1],[-16,-25],[-41,-22],[13,-15],[-41,14],[8,-28],[-39,-5],[8,-19],[-13,-6],[16,-1],[-52,-11],[8,-25],[-42,-2]],[[50990,48856],[3,-38],[-29,-85],[18,-15],[-15,-62],[11,-24],[14,-197],[-19,-114],[-36,-27],[34,-28],[0,-23],[43,-5],[34,-19],[-11,-36],[20,-55],[-29,-37],[29,-37],[-30,9],[-59,-29],[-16,-59],[-33,-22],[-24,2],[-25,-32],[-20,-86],[-12,-10],[-33,-107],[11,-56],[-23,-65],[4,-38],[-14,-75],[7,-46],[-19,-103],[11,-39],[-6,-19],[-52,-18],[-14,-28],[-31,-22],[-39,3],[-50,43],[-49,17],[-130,18],[-42,26],[-18,28],[-34,19],[-38,44],[-30,4],[-44,21],[7,-31],[-13,-36],[-15,-25],[-10,0],[-3,-22],[-29,-31],[1,-11],[-25,-9],[9,-16],[-22,-27],[1,-34],[-35,-56],[-6,-22],[8,-12],[-12,-24],[6,-55],[-32,-35],[-51,-32],[-25,-57],[13,-18],[9,-51],[3,-82],[-9,-28],[-37,-42],[-9,-37],[-27,-27],[42,-25],[31,-6],[47,-54],[1,-95],[8,-10],[-7,-34],[13,-11],[-1,-21],[-26,-110],[-14,-20],[8,-24],[-13,-29],[-16,-7],[0,-33],[-30,-37],[-35,-89],[-55,-41],[-2,-19],[-15,-2],[-12,-18],[-5,-15],[14,-6],[-17,-27],[8,-11],[-25,-30],[-4,-45],[-14,-11],[-21,-90],[-118,-117],[0,-25],[-27,-30],[-25,-8],[-21,-36],[-56,-11],[-13,-26],[7,-22],[-12,-28],[5,-33],[-32,-13],[-13,-24],[-29,-4],[-41,-41],[19,-70],[55,-41]],[[54687,49757],[-27,15],[-26,31],[-56,24],[-27,27],[-50,23],[-4,44],[-20,12],[0,11],[4,90],[22,80],[-12,55],[-25,30],[6,33],[-34,40],[-31,8],[-27,63],[-23,2],[-81,56],[-13,20],[-45,28],[-10,23],[-41,28],[18,31],[-6,14],[-15,10],[-68,-13],[-75,60],[-87,-6],[-79,-26],[-10,-11]],[[53845,50559],[-8,16],[-33,1]],[[53804,50576],[-2,26],[-20,16],[7,16],[-7,27],[-18,20],[20,86],[22,30],[15,1],[69,53],[24,-12],[41,6],[37,-8],[60,-31],[23,-2],[34,9],[16,20],[-7,11],[11,3],[12,-30],[18,36],[12,1],[11,26],[14,3],[7,22],[-26,-1],[-5,10],[7,21],[34,20],[14,24],[-9,45],[8,28],[-15,60],[7,29],[-24,34],[-18,57],[-35,15],[-7,28],[-41,35],[-13,26],[9,9],[-39,21],[65,16],[44,-1],[8,8],[51,-2],[19,-12],[-15,76],[17,15],[87,7],[50,46],[4,36],[71,-16],[16,-15],[34,11],[17,42],[-23,76],[-22,29],[17,28],[-39,39],[83,51],[-24,28],[2,45],[-49,36],[88,67],[34,19],[57,-13],[68,53],[45,9],[26,20],[74,0],[54,56],[19,-6],[53,5],[43,38],[13,-10],[-13,-26],[34,-41],[7,-71],[19,-15],[0,-33],[45,-22],[3,-33],[63,1],[30,-14],[107,-9],[212,-4]],[[47471,50218],[43,19],[30,57],[79,26],[57,-5],[28,-13],[18,5],[18,-11],[11,3],[4,23],[13,-9],[50,-4],[-11,55],[9,22],[91,-25],[10,-36],[31,-19],[29,14],[8,-12],[37,4],[50,36],[7,-9],[40,16],[10,21],[22,-11],[-2,12],[49,11],[11,24],[75,-8],[27,-14],[24,-32],[41,-6],[12,14],[19,-3],[19,28],[35,5],[-23,-104]],[[49739,49481],[-50,-55],[-54,-93],[-3,-25],[-70,-64],[-35,-102],[-27,-32],[-20,-65],[-51,-103],[-86,-109],[-36,-68],[4,-20],[-42,-1],[-27,10],[-64,-17],[-11,4],[-52,-31],[-51,-3],[-14,-22],[-21,-3],[-27,-84],[-165,-134],[-56,-26],[-34,-39],[-44,-79],[-19,-58],[0,-30],[16,-35]],[[48810,52179],[-110,-10],[-38,-60],[-10,-48],[-33,-25],[15,-56],[-11,-14],[33,-21],[-49,-52],[4,-75],[-48,-72],[-36,-7],[-55,13],[-33,-4],[-88,31],[-47,-17],[-34,-2],[-31,-29],[-16,0],[-31,29],[-33,-2],[-58,13],[-28,13],[-15,23],[-46,17],[-26,27],[-26,60],[-45,20],[-24,43],[-8,54],[-35,22],[-44,14],[-17,16],[-123,32],[-24,-5],[-24,7],[-66,-40],[-19,19],[3,8],[-20,8],[17,11],[-13,10],[5,19],[-24,14],[20,30],[-16,2],[5,43]],[[48442,50292],[28,-3],[28,-20],[22,-3],[17,-25],[32,-16],[19,10],[5,47],[41,27],[24,38],[9,49],[-8,50],[33,18],[26,3],[14,34],[-2,26],[24,-2],[29,19],[18,21],[-7,18],[11,14],[61,-9],[11,-41],[35,-20],[75,26],[8,-10],[-11,-7],[12,-17],[20,17],[53,2],[29,20],[29,-2],[37,23],[69,10],[29,-9],[25,32],[42,26],[17,30],[17,7],[9,22],[31,26],[51,4],[20,13],[71,-37],[-2,-25],[74,34],[96,14],[26,36],[25,-3],[16,-22],[8,-32],[-18,-24],[5,-19],[30,-28],[20,7],[51,-3],[44,-16],[54,8],[-7,-21],[16,-32],[32,-14],[45,6],[12,-26],[25,-9],[0,-31],[30,-32],[-18,-38],[0,-28]],[[49259,49513],[-17,-20],[-51,15],[-84,-14],[-19,-31],[-106,-48],[-14,-20],[5,-11],[-17,-1],[-2,7],[-17,-6],[18,-25],[-40,-23],[-3,-13],[-19,-4],[-10,20],[-17,-4],[-12,-20],[16,-7],[6,-15],[-10,3],[-3,-8],[-20,18],[-23,-20],[-14,2],[-21,21],[4,21],[-11,14],[-17,-10],[-7,25],[28,20],[-3,12],[-17,-1],[3,21],[9,19],[19,1],[7,15],[-149,-26],[-22,-191],[-74,-11],[-30,19],[-56,-7],[-59,25],[-36,1],[-8,11],[-33,-17],[-9,5],[-7,19],[23,44],[-30,74],[-35,13],[-7,74],[-36,83],[17,19],[-4,24],[11,29],[-9,33],[25,60],[15,197],[21,20],[4,33],[47,119],[6,53],[13,19],[-7,39],[19,21],[10,49],[42,15]],[[48955,53472],[-35,0],[-19,-22],[-32,-11],[-25,2],[-31,18],[-13,-12],[-107,14],[-47,-4],[-18,15],[-29,-15],[-56,2],[-72,28],[-36,31],[-83,15],[-9,20],[-73,45],[28,25],[-7,11],[14,16],[-27,55],[33,20],[42,86],[3,30],[-15,8],[1,27],[-17,13],[-6,32],[75,163],[-14,71],[27,49],[41,169],[-40,55],[-55,1],[-11,8],[-36,46],[9,37],[-19,35],[-24,15]],[[77283,5858],[28,-12],[61,4],[4,-23],[28,-4],[-10,-30],[9,-10],[29,23],[1,26],[27,-25],[12,0],[4,16],[-27,24],[6,8],[42,5],[11,11],[18,-16],[11,1],[24,38],[15,-39],[39,7],[3,-22],[19,2],[41,26],[-16,12],[3,8],[49,1],[16,18],[35,15],[6,18],[22,-3],[48,25],[20,-9],[9,11],[20,-17],[28,12],[17,-19],[28,13],[2,-30],[-19,-13],[5,-8],[14,1],[32,32],[26,1],[10,-16],[-31,-21],[1,-9],[20,-4],[23,24],[21,-24],[29,4],[-1,-16],[-26,-16],[11,-11],[14,1],[34,32],[-3,-39],[23,-6],[31,51],[39,-33],[30,45],[22,1],[9,9],[1,60],[-19,14],[51,24],[16,-22],[24,19],[26,-15],[31,31],[16,-26],[-44,-26],[5,-12],[20,-5],[26,41],[25,19],[-23,16],[29,20],[-17,17],[3,9],[26,-10],[11,-41],[44,23],[32,4],[5,16],[-17,26],[-20,4],[-12,-22],[-23,15],[34,31],[48,-6],[21,19],[-48,29],[1,19],[12,10],[59,-5],[-7,23],[23,13],[23,-7],[-23,22],[4,9],[64,14],[1,-22],[18,1],[9,26],[-34,11],[-5,10],[31,10],[20,15],[5,18],[24,8],[-1,10],[-44,9],[-5,10],[58,2],[21,59],[19,-1],[25,14],[24,31],[14,-3],[19,-56],[21,6],[18,-11],[30,23],[35,6],[19,-31],[38,-16],[13,7],[-8,37],[33,6],[10,-6],[11,-45],[11,4],[24,47],[4,44],[18,-2],[40,-50],[12,3],[5,27],[-40,17],[1,13],[27,7],[64,-31],[-6,30],[-47,39],[12,42],[-34,6],[-11,31],[13,29],[-70,11],[12,35],[12,1],[17,-17],[14,7],[-6,22],[-29,10],[42,13],[61,1],[34,32],[28,-1],[20,-28],[29,-6],[13,11],[3,43],[34,27],[25,-10],[1,-32],[12,-18],[49,18],[20,-23],[21,2],[-1,-28],[16,-1],[37,20],[12,31],[-35,55],[-47,-3],[-3,75],[17,11],[60,-9],[49,14],[9,8],[-6,25],[27,21],[1801,2],[-1485,-6906],[-18,1],[-44,-34],[-51,-22],[-4,35],[-44,71],[-82,75],[-44,13],[-49,29],[-96,128],[-136,138],[-114,63],[-77,78],[-74,157],[-60,56],[-163,90],[-54,11],[-135,-8],[-113,5],[-170,38],[-60,30],[-45,52],[-17,41],[2,156],[28,108],[-4,97],[-32,170],[-39,74],[-59,30],[-191,41],[-190,119],[-53,69],[-42,84],[-68,185],[-35,41],[-73,44],[-132,48],[-271,66],[-47,1],[-170,-134],[-114,-14],[-83,5],[-56,-13],[-71,-75],[-143,-102],[-145,-67],[-111,-34],[-231,-20],[-74,13],[-44,42],[-77,107],[-59,118],[-42,37],[-63,33],[-48,13],[-54,-9],[-108,-57],[-59,-59],[-53,-9],[-46,42],[-113,3],[-60,12],[-141,149],[-79,55],[-90,12],[-98,-21],[2560,3396]],[[50033,53820],[58,1],[6,-8],[35,-5],[3,28],[12,9],[-12,96],[21,19],[10,64],[-38,48],[-22,5],[-2,15],[-30,0],[0,9],[-15,1],[-13,18],[5,-17],[-18,-7],[6,12],[-11,21],[-24,-8],[-8,23],[12,-2],[-17,14],[-1,23],[-12,1],[15,5],[-14,11],[12,13],[-17,11],[28,1],[-1,21],[14,3],[-11,13],[14,3],[-12,59],[34,60],[-33,22],[-2,45],[9,1],[2,35],[-18,3],[13,22],[-11,10],[-26,2],[-5,24],[-26,19],[-14,25],[-40,21],[20,51],[13,5],[30,57],[39,43],[38,3],[33,-26],[-5,-33],[25,-67],[66,-21],[31,-1],[13,-17],[41,-5],[22,-37],[108,10],[75,101],[30,-2],[27,-29],[19,7],[29,-20],[22,-37],[51,10],[6,-10],[9,-7],[-8,52],[13,7],[-9,10],[13,2],[8,21],[12,-6],[29,10],[13,-14],[19,9],[43,-27],[26,4],[12,-24],[25,4],[-6,-17],[20,-4],[23,23],[8,-2],[-5,16],[10,-9],[6,13],[9,-9],[15,5],[-13,7],[13,8],[-10,10],[16,19],[10,-4],[3,17],[29,29],[25,-1],[7,8],[5,-11],[15,7],[7,21],[52,46],[22,8],[34,49],[50,20],[-2,18],[32,24],[-12,8],[3,11],[12,-5],[19,13],[14,26]],[[51805,52748],[-6,38],[-25,-16],[-70,-4],[-37,16],[-26,-18],[-58,-5],[-26,-37],[-38,-9],[-11,-18],[2,-44],[-29,-9],[2,-36],[-19,-23],[-37,18],[-32,-8],[-22,24],[-30,-48],[-20,-7],[-11,-20],[-23,-4],[-1,-20],[-111,-46],[-20,-17],[-53,-4],[-5,-19],[-48,4],[-16,-7],[-19,-28],[7,-34],[-16,-17],[-19,-1]],[[49739,49481],[30,50],[-16,12],[-18,84],[-19,18],[-54,15],[-32,-4],[-15,-17],[-67,-29],[-25,-69],[-42,-5],[-63,35],[-16,0],[-70,-34],[-31,-26],[-42,2]],[[49259,49513],[1,12],[27,13],[-7,77],[8,49],[21,11],[-8,13],[-17,5],[-6,15],[-16,-1],[-8,14],[-76,-19],[-59,40],[-35,6],[-15,16],[57,23],[-13,15],[16,15],[2,24],[38,9],[-15,8],[-32,60],[78,38],[14,24],[20,8],[9,25],[45,11],[14,22],[42,2],[75,38],[66,8],[13,22],[36,9],[37,30],[28,33],[-1,16],[22,6],[16,18],[47,17],[75,-17],[38,11],[14,11],[2,37],[28,17],[13,61],[65,-60],[96,61],[53,13],[8,19],[34,7]],[[50109,50405],[6,-22],[29,-19],[28,3],[17,-18],[74,-26],[31,5],[21,-37],[44,-33],[-5,-29],[11,-13],[46,-18],[5,-15],[34,2],[10,-14],[53,-6],[28,-13],[47,29],[6,24]],[[50594,50205],[62,9],[56,47],[13,-19],[32,-18],[54,65],[9,-14],[90,13],[23,-22]],[[50933,50266],[-7,-26],[20,-9],[-3,-12],[-10,0],[12,-7],[-7,-7],[23,-4],[1,-11],[95,-93],[1,7],[138,-25],[29,-111],[11,4],[17,-14],[-3,-21],[-28,-11],[21,-52],[-4,-38],[21,-8],[0,-20],[-21,-12],[25,-30],[-43,-28],[-32,-3],[7,-18],[-27,-21],[31,-39],[12,-50],[46,-36],[-47,-19],[18,-42],[5,-59],[-31,-36],[-3,-75],[-26,-55],[6,-23],[-25,-19],[-8,-39],[-27,-46],[4,-42],[-31,-3],[-34,-45],[0,-22],[-31,-42],[4,-12],[-30,-66],[11,-62],[-9,-11],[-14,3]],[[50990,48856],[-20,38],[-62,56],[-24,9],[-23,-3],[-29,15],[-108,-4],[-97,-84],[-31,-12],[-17,-19],[-18,2],[-9,-13],[-35,10],[45,47],[27,14],[-63,16],[-109,11],[-9,27],[6,22],[40,16],[1,12],[-27,24],[14,31],[-22,41],[-49,20],[-14,37],[9,25],[26,19],[-8,2],[8,11],[-6,11],[15,23],[1,55],[-29,72],[30,67],[-17,34],[-1,18],[14,9],[-11,36],[-25,-3],[-7,-19],[-7,9],[-118,-8],[-4,-20],[-119,0],[-115,-14],[-41,6],[-9,14],[-17,-17],[-25,11],[-24,-1],[-44,-16],[-27,6],[-67,-18]],[[52133,53331],[-10,11],[-1,35],[-11,8],[8,26],[-15,36],[-3,61],[52,15],[21,22],[-24,20],[-39,6],[-17,13],[-30,-1],[-34,28],[-46,4],[-42,26],[-4,12],[-26,2],[2,22]],[[55180,54437],[-22,-27],[14,-16],[5,-56],[-14,-45],[-60,-78],[-15,-42],[-27,-14],[-4,-16],[-29,-12],[10,-32],[-14,-16],[2,-20],[-80,-44],[-56,-7],[-33,-37],[-30,-12],[-9,-18],[-28,-2],[-21,-41],[-43,-24],[-3,-14],[28,-17],[21,-53],[-48,-64],[-66,-43],[-59,-20],[-57,6],[-15,-10],[-8,20],[-23,7],[-71,-11],[-43,5],[-34,-18],[-15,-40],[-38,-5],[-11,-10],[-29,10],[-42,-37],[-71,28],[-2,18],[-21,5],[-38,-39],[-9,-36],[-33,-36],[-62,-44],[-23,-34],[-70,-37],[-47,-8],[-80,-80],[-18,-7],[-47,38],[-42,5],[18,23],[-14,7],[-79,-48],[-37,-37],[-27,0],[-21,-55]],[[48810,52179],[9,76],[-41,50],[8,7],[-8,16],[25,22],[3,107],[-10,39],[-14,12],[10,20],[-11,10],[-20,109],[11,15],[-23,42],[8,23],[17,3],[4,28],[-19,49],[20,49],[-16,25],[19,38],[-12,59],[16,6],[-8,56],[17,52],[42,30],[44,5],[20,31],[31,10],[14,82],[-20,42],[25,53],[2,46],[-13,41],[15,40]],[[48955,53472],[10,18],[37,16],[21,22],[-11,22],[18,19],[-6,10],[16,32],[-10,25],[4,26],[20,12],[2,13],[-17,22],[20,16],[-15,27],[9,29],[24,3],[25,21],[5,18],[16,-10],[2,16],[20,-14],[9,6],[18,-13],[8,6],[3,-12],[17,13],[10,-17],[19,7],[-11,3],[12,11],[21,-5],[52,28],[17,-25],[10,5],[13,-22],[13,4],[11,-13],[99,37],[24,-25],[45,1],[74,46],[13,50],[30,7],[19,77],[29,-3],[43,12],[23,-13],[35,0],[24,-40],[20,3],[26,-13],[16,6],[12,-9],[24,7],[14,-10],[0,-16],[16,2],[24,-19],[30,-3],[23,-40],[3,-28]],[[50033,53820],[9,-14],[-10,-25],[6,-34],[-53,-29],[11,-22],[-11,-47],[8,-23],[-31,-44],[7,-16],[-28,-31],[7,-14],[-12,-17],[57,26],[79,-20],[39,24],[35,-40],[24,-10],[45,4],[28,-17],[28,6],[45,35],[22,4],[43,-35],[6,-18],[17,-3],[-12,-6],[18,-36],[34,-26],[17,-42],[-10,-30],[16,9],[55,-1],[47,-11],[17,-28],[16,-8],[63,29],[17,-42],[24,-3],[66,-49],[15,-3],[11,8],[11,-11],[33,-2],[6,-10],[20,-2],[25,27],[15,3],[7,-47],[-13,-38],[11,-37],[-16,-36],[6,-29],[-8,-10],[-19,-3],[-19,-21],[-26,-5],[-62,-40],[-84,40],[-89,10],[-20,-23],[-28,-4],[-41,-29],[-23,-37],[-27,-10],[-18,4],[-13,-28],[18,-31],[-56,-9],[-2,-17],[12,-11],[-16,-27],[12,-33],[26,-21],[3,-60],[30,-30],[34,-3],[7,-42],[54,-62],[10,-3],[18,22],[45,3],[24,13],[22,-32],[23,-5],[38,-35],[65,-15],[47,1],[23,-22],[2,-22],[22,-4],[8,-15],[33,-14],[9,-27],[51,-33]],[[50988,52349],[-8,-37],[-29,-8],[1,-42],[-43,-32],[39,-79],[20,-5],[-21,-35],[-27,-11],[-14,-35],[-29,-11],[-29,24],[-10,-4],[-84,-70],[-31,-59],[-26,18],[-5,-15],[-19,-9],[-48,-70],[9,-50],[-33,-31],[-31,-5],[-26,-52],[4,-38],[-34,-31]],[[50514,51662],[-49,-6],[-60,-30],[-49,15],[-17,21],[-29,-14],[-11,14],[-57,28],[-2,17],[15,15],[-45,36],[-10,-19],[-29,32],[-102,5],[-18,17],[-18,1],[-12,-27],[9,-4],[-6,-18],[14,-11],[-33,3],[-9,-13],[-36,-2],[-25,-38],[0,-17],[-26,-29],[-81,1],[-46,29],[-72,22],[-74,54],[-25,117],[-40,19],[-10,30],[-23,15],[-32,-14],[-10,14],[-39,14],[-32,45],[6,11],[-13,19],[-67,-18],[-26,-25],[-59,-15],[-10,25],[6,14],[-28,4],[4,13],[-11,8],[11,10],[-4,9],[-36,8],[22,41],[-11,11],[-32,-5],[-14,-26],[4,-49],[-36,32],[-55,20],[-32,24],[-14,-1],[-9,-42],[-49,7],[-31,-10],[0,12],[-8,0],[-40,-23],[-68,-6],[-15,147]],[[51885,51432],[30,32],[-61,36],[-51,13],[54,81],[23,12],[2,155],[-64,-5],[-42,19],[22,21],[-43,0],[-19,-17],[-10,9],[-47,6],[-2,10],[-20,2],[-2,9],[-88,12],[-7,43],[-14,7],[4,9],[20,0],[40,23],[12,21],[18,2],[-2,49],[16,4],[8,19],[18,11],[-10,16],[3,60],[35,73],[-9,16],[12,24],[-11,26],[17,59],[12,11],[-2,71],[18,40],[20,4],[16,-15],[15,0],[56,19],[-15,29],[11,18],[6,64],[47,67],[-67,57],[-18,0],[2,42],[-23,22],[14,15],[-4,15]],[[51805,52748],[28,-11],[13,4],[13,18],[22,7],[21,33],[19,60],[-24,64],[19,6],[-10,65],[6,38],[16,31],[18,9],[-5,9],[20,-2],[6,13],[-9,36],[-20,8],[16,20],[-15,24],[44,52],[2,35],[24,-17],[10,-28],[44,-18],[31,34],[16,-2],[19,21],[4,74]],[[52133,53331],[40,25],[12,20],[84,16],[12,-40],[-9,-21],[18,-8],[8,-12],[-6,-9],[19,-5],[5,-15],[9,6],[-7,-31],[59,37],[52,18],[-1,-11],[40,-8],[2,-11],[63,-27],[2,-21],[18,-11],[47,-8],[85,-40],[22,-22],[85,-37],[25,-28],[11,10],[-1,22],[23,18],[-2,33],[66,66],[16,-8],[3,-21],[54,-33],[29,-63],[16,-6],[39,14],[34,28],[15,16],[3,37],[14,-8],[6,-20],[44,-19],[-20,19],[8,52],[-19,15],[20,15],[-4,16],[9,11],[75,-59],[17,6],[4,19],[15,1],[40,-19],[12,-16],[22,12],[10,21],[6,-51],[29,-8],[3,40],[-15,18],[16,26],[22,2],[13,-17],[40,-10]],[[53490,53247],[-9,-18],[13,-10],[-7,-33],[69,-7],[-34,-49],[-25,5],[-37,-34],[-25,-8],[5,-19],[19,-4],[-23,-27],[108,-79],[21,8],[11,-6],[-28,-25],[28,7],[26,-19],[-54,-44],[-37,-64],[-26,-19],[4,-17],[-19,-4],[-52,-38],[17,-56],[-114,-27],[-4,-22],[85,-65],[30,-6],[12,-16],[-30,-9],[24,-35],[49,-19],[-1,-8],[29,-17],[13,10],[9,-22],[-32,-25],[-30,-57],[-45,-40],[-14,-28],[-29,-8],[-52,-48],[-2,-32],[-33,-50],[-142,-102],[-63,-59],[-32,-71],[-31,-13],[-23,-24],[3,-20],[-33,-37],[-26,-53],[31,-53],[6,-51],[-45,-24],[13,-54],[-10,-2],[-9,-73],[-13,-7],[-21,-41],[3,-19],[-61,-34],[-6,8],[-76,10],[-14,6],[0,10],[-10,-6],[-10,8],[-6,-27],[-10,0],[4,-28],[-9,-5],[7,-4],[9,9],[15,-18],[-9,-4],[-7,-43],[-11,-6],[2,-31]],[[52716,51305],[-127,2],[-18,7],[-125,-7],[-1,22],[16,7],[-50,15],[-8,13],[-24,-11],[-52,0],[-91,15],[-18,-17],[-15,7],[4,21],[-42,7],[-21,35],[-9,-14],[-15,0],[-16,27],[5,-27],[-30,15],[-17,-24],[-26,1],[-3,-8],[-18,28],[1,17],[-11,-30],[-5,28],[-10,-2],[-3,-39],[-26,3],[-6,34],[-18,13],[-52,-11]],[[52447,54454],[-16,-37],[-35,-32],[5,-17],[-8,-2],[16,-15],[-10,-12],[58,-53],[11,-22],[27,-1],[42,-20],[9,-28],[68,-30],[23,-50],[-10,-10],[7,-11],[-7,1],[-3,-31],[-24,-9],[-25,-27],[-1,-31],[-28,-36],[2,-14],[-17,-8],[8,-26],[-9,-18],[10,-18],[-6,-15],[-30,-20],[-14,-26],[-54,6],[-56,-48],[-23,-8],[-20,-19],[-1,-15],[-46,-14],[-5,10],[-41,-6],[-30,16],[-11,-8],[-34,10],[-23,-4],[-27,21],[-55,-1],[-51,11],[-7,-6],[-22,6],[13,-34],[-23,-4],[-14,5],[-10,24],[-29,-47],[-7,-54]],[[51914,53677],[-48,16],[-23,-2],[-23,24],[-10,30],[-27,21],[-46,-3],[-46,-25],[-64,-4],[-61,-15],[-25,-18],[-13,6],[-20,-7],[1,22],[-39,41],[2,14],[-114,55],[-17,24],[1,28],[-17,23],[-28,16],[2,13],[-21,1],[-13,17],[-21,3],[-3,16],[20,21],[-31,25],[35,40],[34,8],[31,32],[34,55],[6,37],[70,21],[6,41],[61,14],[49,-5],[-8,86],[39,14],[19,30],[27,11],[65,-18],[48,14],[-26,22],[-15,85],[-24,29],[-25,2],[47,39],[-10,54],[61,60],[-16,22],[22,22],[-8,22],[28,62],[20,14],[-2,12]],[[65775,27767],[63,-7],[44,-47],[25,-9],[23,3],[51,28],[24,0],[19,-19],[15,-61],[-5,-65],[91,-6],[-34,-75],[-57,-69],[-24,-18],[-90,-33],[0,-10],[33,-19],[88,-7],[22,-13],[11,-16],[1,-25],[-18,-31],[12,-76],[27,-16],[64,4],[85,-28],[29,-27],[28,-55],[16,-8],[19,3],[47,57],[4,32],[-16,61],[25,23],[19,-6],[22,-49],[38,-40],[17,-84],[60,-71],[36,-70],[-14,-24],[-39,-20],[-56,-55],[1,-60],[42,-44],[112,0],[33,-39],[-12,-23],[-119,-45],[-8,-22],[10,-21],[35,-29],[75,-26],[39,4],[59,23],[32,46],[-21,68],[7,10],[128,-57],[63,-13],[79,-108],[11,-56],[-16,-50],[8,-33],[57,-35],[102,-9],[-22,-31],[-65,-30],[4,-58],[19,-64],[-7,-26],[-43,-47],[-36,-17],[-50,-3],[-7,-21],[131,-76],[76,-4],[111,43],[23,20],[14,33],[-15,41],[-76,20],[-8,25],[9,12],[176,-55],[68,4],[57,27],[24,2],[3,-20],[-46,-62],[-1,-39],[-16,-11],[-48,0],[-22,-10],[-17,-22],[-3,-29],[30,-20],[54,-4],[50,-22],[36,4],[61,24],[14,-4],[-8,-71],[19,-125],[41,-44],[54,-21],[24,6],[16,87],[26,34],[35,18],[54,10],[44,32],[20,-2],[37,-69],[-9,-38],[-36,-27],[-77,-15],[-47,-23],[-13,-40],[193,-247],[275,-98],[46,-40],[45,-20],[52,5],[62,30],[23,-2],[-26,-60],[12,-17],[54,-28],[5,-23],[-25,-12],[-77,-5],[-31,-20],[4,-19],[77,7],[82,-15],[42,8],[95,81],[111,66],[33,36],[71,6],[5,-20],[-12,-27],[-62,-20],[-43,-37],[-3,-100],[-13,-19],[-71,-42],[1,-19],[28,-16],[32,0],[95,45],[76,-2],[60,16],[105,-49],[31,-30],[6,-40],[-40,-65],[-73,-33],[-16,-26],[57,-52],[47,-11],[51,27],[40,43],[37,4],[53,-20],[53,30],[2,62],[65,16],[15,12],[2,85],[40,37],[8,62],[15,11],[45,-7],[52,-29],[25,-26],[-8,-62],[-30,-15],[-54,-9],[-7,-38],[23,-15],[38,2],[42,-49],[36,-13],[58,17],[71,-12],[59,12],[96,55],[41,48],[-15,54],[8,84],[21,8],[58,-43],[98,-19],[25,-17],[27,-54],[-9,-68],[33,-33],[35,-8],[57,7],[43,-33],[25,-2],[18,12],[1,14],[-33,35],[0,18],[21,16],[37,0],[35,-56],[49,-26],[14,-29],[-1,-48],[-16,-29],[-40,-32],[5,-19],[44,-11],[99,-51],[81,-16],[35,-18],[1,-61],[-47,-58],[3,-25],[48,-18],[66,-9],[80,25],[25,-1],[31,-16],[40,-44],[-50,-29],[-14,-71],[-55,-38],[-97,15],[-53,-26],[-69,-4],[-77,-68],[-87,-10],[-97,1],[-70,27],[-34,34],[-30,12],[-58,-3],[-104,-30],[-11,-21],[12,-44],[-66,-19],[-34,-32],[-134,-10],[-47,14],[-57,3],[-87,-19],[-17,-72],[-19,-17],[-59,22],[-23,2],[-61,-24],[-74,20],[-101,56],[-96,25],[-216,90],[-116,-1],[-91,-31],[-33,-37],[26,-58],[-19,-24],[-84,-52],[-221,-115],[-146,-22],[-164,-121],[-99,-23],[-112,-5],[-13,-14],[-1,-38],[27,-77],[0,-56],[-17,-24],[-73,-42],[-19,-21],[-11,-38],[-46,-12],[-12,-13],[-17,-61],[5,-18],[-26,-32],[-24,-63],[9,-70],[25,-14],[58,-75],[17,-61],[39,-59],[-3,-38],[16,-29],[13,-96],[-4,-11],[-59,-5],[-19,3],[-29,23],[-14,-4],[-9,-9],[8,-28],[-59,-25],[-1,-28],[-33,-29],[-185,-20],[-21,-16],[1,-28],[-63,-13],[-48,-26],[-34,9],[-24,19],[-71,14],[-19,-4],[-13,-32],[-22,-17],[-26,-13],[-71,-9],[-20,7],[-19,-8],[-41,19],[-17,-19],[-20,-2],[-24,16],[-38,8],[-86,-2],[-26,19],[-179,-24],[-66,3],[-23,29],[-98,17],[-170,-14],[-57,-15],[-49,6],[-43,-8],[-37,-17],[-2,-24],[-17,-9],[-101,21],[-73,32],[-28,28],[-24,5],[-40,1],[-132,-29],[-24,-29],[-5,-47],[-103,-77],[31,-75],[-13,-61],[-27,-26],[-67,-6],[-32,-50],[-38,-21],[-23,8],[-22,34],[-28,10],[-125,-21],[-58,-34],[-38,9],[-12,-5],[3,-15],[-109,-37],[9,-45],[-11,-5],[-44,11],[-20,-7],[-26,-44],[-11,-109],[15,-26],[58,-34],[0,-14],[-48,-59],[-53,-32],[-31,-132],[-105,-149],[-34,-27],[-47,-11],[-42,-38],[0,-29],[-42,-24],[-122,-35],[-35,-18],[3,-61],[-24,-24],[-7,-23],[14,-32],[-4,-32],[-28,-38],[-10,-47],[-7,-135],[-35,-70],[-11,-62],[26,-113],[-43,-48],[-37,-10],[-60,-41],[-70,-13],[-82,-32],[-35,-68],[-40,-26],[-86,-28],[-59,2],[-110,52],[-136,27],[-120,88],[-50,19],[-4,-8],[-46,13],[1,9],[-50,13],[-99,92],[1,30],[33,50],[-28,94],[-54,29],[-61,0],[-58,-25],[-243,-199],[-42,-56],[-162,-131],[-98,-126],[-95,-46],[-51,-42],[-122,-173],[-20,-16],[-43,1],[-199,70],[-57,30],[-203,145],[-300,159],[-15,16],[-5,89],[-43,5],[-72,25],[-33,30],[-21,6],[-80,87],[-45,5],[-47,26],[-59,0],[-27,19],[-20,25],[-16,99],[-26,19],[-30,-1],[-60,-31],[-92,-97],[-106,14],[-62,-24],[-41,-35],[-17,-52],[-25,-21],[-53,-6],[-64,9],[-157,-79],[-123,-28],[-37,-5],[-269,12],[-85,27],[-49,28],[-35,51],[-36,108],[-56,84],[-36,32],[-192,117],[-154,52],[-56,5],[-65,-7],[-96,-39],[-62,-67],[-28,-53],[-24,-112],[-64,-95],[-14,-101],[6,-34],[-21,-29],[-69,-8],[-51,28],[-46,45],[-89,30],[-61,3],[-175,-38],[-48,-20],[-49,-35],[-30,-7],[-251,-27],[-57,25],[-62,92],[-75,53],[-53,54],[-90,25],[-23,17],[-25,84],[-36,51],[-99,57],[-133,22],[-110,62],[-53,41],[-35,79],[-23,21],[-26,0],[-59,-28],[-73,-17],[-58,-29],[-72,-95],[-36,-1],[-79,18],[-29,13],[-82,69],[-79,29],[-75,14],[-126,-17],[-104,-38],[-67,-9],[-46,-23],[-53,-11],[-124,17],[-68,23],[-35,33],[-44,78],[-6,63],[-24,15],[-20,1],[-76,-137],[-52,-27],[-62,-8],[-45,13],[-6,10],[23,68],[-7,41],[-68,84],[4,118],[-9,26],[-28,28],[-93,60],[-62,0],[-67,-14],[-92,-50],[-138,-41],[-17,19],[7,18],[26,26],[46,25],[34,47],[7,36],[-17,41],[-47,27],[-51,-7],[-88,-30],[-82,4],[-60,22],[-47,34],[-51,89],[-43,50],[-32,20],[-67,16],[-87,-6],[-27,-16],[-101,-105],[-87,-30],[-166,-4],[-93,-16],[-72,-1],[-79,23],[-97,55]],[[42381,28441],[-6,19],[-15,6],[-69,2],[-15,-7],[-20,30],[-42,33],[-76,13],[36,57],[-2,16],[42,26],[-22,69],[20,34],[61,-17],[9,-11],[36,17],[44,-2],[5,16],[56,15],[10,17],[66,15],[967,454],[-518,606],[-972,332],[16,25],[-7,18],[16,17],[-28,36],[-30,20],[1,23],[-12,12],[25,82],[-20,25],[17,17],[-147,448],[5,593],[-13,6],[-42,-5],[-1,27],[-53,5],[30,13],[3,10],[-34,4],[-45,42],[32,2],[15,32],[-33,-9],[6,31],[-40,29],[-27,6],[4,31],[-40,5],[23,33],[-17,28],[18,5],[10,-24],[19,1],[-23,31],[22,-5],[4,16],[18,6],[-6,23],[26,13],[-25,11],[10,39],[-37,9],[-33,75],[-3,33],[14,49],[-33,-5],[-18,17],[-27,-3],[-12,19],[-35,2],[0,9],[29,5],[-6,32],[-24,2],[-8,21],[-18,5],[-29,-15],[-16,42],[-19,17],[-9,-12],[15,-27],[-15,-4],[-13,42],[4,32],[-28,-1],[-13,10],[-5,17],[9,16],[-27,31],[-11,0],[-10,-20],[-19,2],[4,62],[-26,-8],[16,20],[-4,9],[-29,16],[-27,-1],[-5,25],[-29,21],[7,42],[-56,-24],[0,22],[-14,7],[-7,-27],[-34,8],[-5,-17],[-13,-3],[-9,11],[-20,2],[-56,-25],[-9,40],[-44,35],[-4,31],[-11,9],[-15,-33],[-25,-15],[-126,-12],[-12,-31],[29,-28],[-14,-7],[-27,12],[-9,22],[15,51],[-19,47],[3,22],[-14,7],[6,9],[-29,47],[9,23],[-11,15],[21,18],[-72,40],[-11,17],[-42,-4],[-24,22],[-1,43],[16,-1],[-2,19],[-16,4],[-28,-16],[-13,20],[-26,3],[11,32],[17,7],[-23,9],[-8,32],[-13,8],[12,9],[-22,30],[-11,0],[-7,-18],[-15,16],[-47,-5],[-4,-24],[-12,-1],[-1,49],[35,52],[-21,-7],[0,17],[-17,6],[-1,12],[-35,30],[-26,2],[-14,-20],[-41,26],[9,15],[18,-2],[10,10],[-29,15],[-5,12],[24,4],[-11,33],[23,-3],[-4,14],[13,4],[-2,15],[23,-4],[-17,39],[22,6],[3,8],[-10,3],[18,28],[26,7],[6,17],[47,13],[10,12],[-16,21],[8,18],[36,26],[35,-5],[50,58],[2,28],[29,5],[4,8],[0,17],[-14,14],[15,8],[-1,10],[-15,-2],[-12,17],[-14,3],[-5,10],[12,17],[-29,0],[12,19],[-21,10],[-2,53],[-27,33],[12,20],[-11,29],[-67,-5],[-17,5],[-10,16],[5,63],[-11,59],[11,24],[-6,28],[8,35]],[[56669,24256],[1,1],[-1,0],[0,-1]],[[56669,24256],[-39,-27],[-11,28],[-26,-14],[-49,0],[-2,23],[20,-9],[33,12],[9,30],[-12,10],[-28,-14],[-21,13],[-11,24],[26,3],[4,11],[-22,6],[-4,10],[20,6],[-3,12],[-70,-20],[-55,16],[-65,-11],[12,15],[-9,23],[25,14],[-10,28],[16,58],[-17,19],[9,19],[-6,14],[-11,2],[-12,-31],[-29,-19],[-35,13],[-22,-16],[-28,36],[-35,-17],[-8,8],[-16,-9],[-14,6],[-39,-17],[-6,9],[19,16],[1,16],[-64,5],[-5,14],[27,12],[2,20],[-24,41],[-13,4],[-26,-25],[-7,-24],[-35,38],[-57,10],[15,-16],[4,-32],[-67,-9],[-20,18],[10,17],[22,5],[1,13],[-12,13],[-27,-3],[-16,-19],[2,-33],[-27,-9],[-23,17],[-6,-13],[11,-6],[-26,-11],[9,-19],[-17,-1],[1,-16],[-11,5],[-11,-15],[-17,8],[-10,-8],[-17,3],[9,-20],[-16,-14],[-32,10],[2,-23],[-24,5],[-7,-9],[-24,2],[-16,-15],[-6,-31],[-20,-2],[3,22],[-31,-3],[-29,-26],[-2,-14],[-16,-5],[-19,13],[-21,-3],[-1,14],[-55,-24],[-20,28],[-12,-20],[-28,6],[-32,-25],[-2,10],[-49,-4],[-17,18],[-8,-15],[-17,2],[-21,-20],[-10,4],[8,4],[-9,13],[-20,-31],[-25,10],[-17,-10],[-13,5],[11,-16],[-27,-11],[-13,12],[-43,-15],[-41,19],[-10,17],[-45,16],[-37,-16],[-27,1],[-4,8],[-5,-7],[-9,9],[-15,-4],[-2,18],[-31,27],[-1,12],[11,1],[-4,21],[-14,19],[-6,-8],[-14,9],[9,39],[-27,5],[-2,26],[-32,2],[-41,-59],[-23,3],[-14,-13],[5,-9],[-19,-1],[-13,-18],[-33,-14],[-35,7],[-1,13],[-32,-1],[-19,27],[16,20],[-5,19],[12,1],[-14,31],[-17,-1],[-19,24],[-28,-9],[-5,8],[-12,-8],[-5,7],[-38,1],[2,-9],[-33,-37],[-23,-21],[-27,-7],[-1,-17],[-10,-16],[-13,-1],[-3,-21],[-39,-19],[-1,-12],[-34,0],[-6,11],[-20,3],[-51,-11],[-7,-10],[-33,11],[-14,-5],[-3,8],[-17,-7],[-29,26],[-44,12],[-2,18],[-23,7],[-5,22],[-32,6],[-5,-9],[-61,20],[-15,13],[-2,21],[-15,0],[-3,21],[-38,11],[-20,-7],[-20,40],[-20,4],[-1,14],[-30,10],[-32,-21],[-61,44],[-8,17],[-48,10],[2,25],[-34,66],[-11,79],[-22,14],[-80,1],[-13,7],[-14,47],[-4407,-1],[2,15],[-16,-5],[4,17],[-15,14],[11,9],[-41,30],[-2,11],[16,-2],[-1,7],[-24,5],[26,8],[5,31],[-11,-5],[-11,8],[12,23],[-18,4],[8,8],[-13,7],[0,21],[-36,3],[15,8],[-15,20],[27,24],[-12,10],[33,30],[-8,12],[-11,-6],[-11,16],[-21,-3],[18,25],[-18,4],[8,12],[-18,18],[-2,12],[14,10],[-36,1],[-18,33],[2,20],[-31,4],[-9,-11],[-12,4],[-3,12],[17,13],[-9,24],[22,1],[-7,12],[29,22],[-16,-2],[-46,31],[1,26],[-13,-1],[6,27],[-15,-3],[-4,8],[11,29],[-8,7],[27,5],[-38,16],[12,11],[-16,0],[-13,29],[22,15],[-47,40],[18,16],[-15,0],[6,15],[-11,1],[-1,17],[9,-1],[-12,9],[11,8],[-26,21],[-13,32],[37,21],[-74,41],[-13,-2],[2,14],[-11,0],[-5,-12],[-162,85],[1,58],[-21,30],[21,14],[-2,18],[19,28],[5,108],[-32,67],[-42,24],[-39,57],[-70,55],[-11,35],[-15,14],[4,64],[-39,31],[-14,27],[-22,11],[-4,42],[-17,29],[18,39],[-7,33],[15,37],[-4,34],[-33,51],[-61,17],[-6,43],[28,14],[3,13],[-367,400],[4,15],[-33,11],[7,23],[-30,-10],[10,20],[-19,7],[-11,26],[-24,13],[10,11],[-25,8],[3,14],[-30,-4],[-2,14],[-33,-3],[-41,-17],[-20,-19],[-45,-1],[-16,29],[-8,-14],[-33,0],[-18,15],[-26,-9],[-10,14],[6,8],[-23,18],[-9,47],[-30,-4],[-2,15],[-18,2],[-16,28],[-41,19],[-5,-44],[-18,-11],[-25,21],[6,9],[-11,14],[-11,-8],[-2,14],[-39,-8],[-6,11],[-14,-1],[5,14],[-12,-3],[-5,13],[-22,-8],[13,19],[-18,11],[-15,-2],[-5,10],[27,-2],[3,10],[-26,26],[-15,-1],[0,9],[-28,0],[16,59],[-44,-20],[-1,-18],[-35,1],[1,52],[-14,19],[33,30],[-19,21],[-17,2],[5,8],[-33,17],[-11,-7],[3,-14],[-13,3],[-15,21],[25,21],[-22,13],[-18,3],[0,-16],[-11,11],[-9,-13],[2,17],[28,17],[-6,12],[14,12],[14,-4],[-7,32],[18,-4],[4,18],[-9,30],[-7,-7],[-30,21],[2,22],[-19,33],[25,26],[46,-7],[15,15],[-73,38],[-18,32],[-12,-11],[-19,19],[-21,46],[14,21],[-33,2],[2,20],[-18,3],[0,16],[-13,-2],[5,8],[-15,14],[21,10],[2,22],[-35,14],[3,19],[-21,31],[14,-4],[29,34],[23,-6],[4,19],[55,17],[-2,16],[15,20],[51,29],[5,28],[-11,5],[-1,17],[12,8],[-17,18],[24,13],[-17,6],[12,22],[19,6],[6,-7],[7,16],[15,-2],[-6,38],[12,-6],[4,29],[24,12],[-10,2],[8,12],[-18,15],[3,18],[11,2],[-11,8],[10,1],[-4,20],[-15,10],[2,20],[-11,-2],[-2,10],[-47,-5],[0,11],[-25,11],[-15,22],[3,13],[-27,3],[-16,19],[4,17],[-21,5],[3,10],[-11,5],[11,4],[-7,10],[-19,6],[-10,20],[-26,9],[2,8],[15,-6],[1,9],[-24,10],[-30,-1],[-18,29],[-17,0],[-9,16],[-21,6],[-1,14],[-19,10],[26,19],[-20,27],[29,27],[-15,30],[-28,8],[-4,-13],[-26,28],[-29,-7],[0,16],[-20,6],[-4,16],[-28,0],[8,17],[-16,8],[9,6],[-36,22],[7,12],[-12,5],[2,14],[-11,-5],[-5,35],[-15,4],[0,12],[-9,-5],[-14,21],[-24,1],[14,40],[-13,7],[9,16],[-10,12],[24,7],[-10,15],[13,-8],[3,57],[-17,-9],[-27,25],[-27,4],[10,8],[-7,12],[-8,-5],[6,-9],[-19,4],[7,8],[-14,5],[2,9],[-14,-4],[6,15],[-30,-1],[9,10],[-16,9],[3,7],[-33,7],[13,4],[-22,13],[14,5],[-11,7],[13,34],[-5,16],[-8,-11],[-5,16],[-32,-6],[2,11],[-36,2],[-3,29],[14,5],[-16,16],[-13,0],[16,15],[-2,11],[-29,-4],[4,22],[-11,14],[-15,1],[-3,29],[-18,1],[-10,20],[-14,-2],[16,6],[-12,9],[-32,-3],[7,15],[-12,-7],[-4,29],[10,10],[-4,23],[-11,5],[19,4],[3,12],[-11,-10],[-3,12],[-11,2],[9,8],[-7,21],[14,4],[-17,26],[14,5],[-25,13],[10,8],[-7,13],[19,4],[3,24],[-7,6],[-10,-14],[-13,5],[-15,20],[11,0],[-8,5],[6,5],[-21,5],[5,11],[-8,-5],[-19,24],[5,12],[-21,0],[-2,10],[9,-2],[4,9],[-21,8],[0,-11],[-1,14],[-13,8],[11,20],[-9,-6],[-5,16],[-15,-4],[3,-9],[-12,15],[-4,-10],[-13,6],[19,27],[-29,23],[4,21],[-12,-8],[1,8],[-11,-6],[-20,8],[-1,-11],[-17,16],[3,19],[-13,0],[-3,12],[-14,0],[-7,-12],[-29,10],[-2,16],[-14,4],[16,14],[-23,6],[7,20],[-13,-5],[-25,22],[9,12],[-7,28],[10,-6],[-6,16],[-13,3],[-14,-10],[-34,31],[-15,-3],[-4,15],[21,15],[13,-2],[1,16],[-22,2],[-9,24],[-51,-15],[-26,28],[2,10],[-29,15],[0,10],[11,-5],[-12,18],[8,16],[24,4],[0,15],[9,-8],[7,24],[-17,21],[-11,-7],[1,11],[-16,0],[21,17],[0,35],[17,3],[3,20],[8,-2],[12,17],[-12,9],[6,7],[-15,2],[-1,24],[-13,8],[-9,-15],[-6,13],[-11,-15],[-6,9],[-17,-5],[8,12],[-23,10],[0,16],[-27,17],[3,23],[-12,9],[-31,-6],[-8,11],[-18,-5],[5,-10],[-11,-5],[-1,14],[-18,6],[-12,21],[-31,-9],[-13,14],[-6,-8],[-27,1],[-6,11],[-8,-5],[-24,16],[-10,-4],[-20,42],[-16,5],[7,16],[-39,6],[8,30],[-8,-3],[-7,10],[12,10],[-10,9],[12,17],[-11,17],[-66,-236],[-180,613],[-675,25],[6,13],[-37,-4],[-11,13],[-28,-1],[-9,17],[-12,-6],[10,21],[-51,8],[12,12],[-14,21],[-35,0],[-3,9],[-10,-4],[-56,21],[-6,15],[-21,8],[9,6],[-31,2],[-47,90],[11,18],[-9,65],[40,37],[-15,83],[-57,75],[-45,27],[-2,30],[-38,23],[-24,34],[-15,7],[-18,-10],[-8,15],[-26,1],[-20,62],[-27,18],[-30,3],[-18,23],[-29,13],[-15,42],[-47,-20],[-9,-13],[-20,12],[0,39],[-18,25],[18,30],[-12,30],[-43,12],[2,39],[-16,10],[5,13],[-19,19],[-16,-5],[-14,32],[-32,2],[-16,14],[1,17],[-31,38],[12,16],[-14,12],[0,33],[-11,14],[-13,1],[-4,25],[-17,8],[-16,27],[-16,3],[0,15],[-36,-1],[-1,10],[-12,0],[-30,33],[-78,-13],[-30,17],[-11,-4],[-29,11],[48,55],[79,34],[21,0],[32,29],[24,3],[34,36],[44,12],[7,22],[17,11],[0,30],[15,27],[-2,45],[-14,13],[1,50],[65,31],[16,80],[33,9],[-434,614],[2,17],[-33,4],[11,69],[-19,34],[13,28],[-4,73],[17,8],[21,-10],[36,6],[4,15],[-13,20],[35,-8],[53,40],[6,17],[11,1],[-3,20],[13,-3],[12,14],[32,-9],[20,39],[6,47],[19,3],[25,56],[-13,9],[82,62],[11,42],[-14,62],[23,66],[-11,62],[47,76],[-2,17],[-37,29],[-3,21],[28,63],[7,54],[15,20],[-2,48],[31,47],[-51,6],[-47,19],[-2,15],[17,27],[-6,26],[-48,-13],[-19,-21],[-96,23],[-33,-6],[-16,-14],[-48,62],[-1,51],[17,26],[-7,44],[23,45],[-1,55],[14,27],[-10,41],[67,72],[-46,59],[-58,103],[7,92],[27,39],[29,80],[-11,9],[-49,-2],[-19,50],[-27,15],[3,61],[-35,36],[-16,43],[3,63],[-49,62],[-15,47],[-16,9],[-58,5]],[[57598,29857],[-374,-117],[-28,10],[-6,24],[10,8],[-10,4],[-23,-16],[-18,10],[1,-19],[-29,2],[11,3],[0,10],[-12,-6],[-11,31],[-9,-7],[-13,12],[15,9],[-1,17],[-34,12],[-6,11],[-23,5],[-7,-6],[-44,21],[-2,10],[12,5],[-19,21],[-65,-15],[9,20],[-40,-9],[-9,7],[8,12],[-20,5],[-4,-8],[13,-5],[-37,-16],[-2,32],[-75,-16],[10,15],[-21,2],[13,12],[-13,21],[-18,-23],[-1,16],[-10,-12],[-28,11],[4,6],[-15,11],[7,14],[-20,-1],[10,14],[-15,9],[16,2],[-16,16],[11,17],[-21,-8],[3,11],[-335,-64],[-40,3],[-5,-18],[-24,-15],[-34,-7],[-23,5],[-11,-11],[-33,-1],[-16,-19],[-62,-4],[-41,-54],[-59,-8],[-29,-27],[-48,-10],[-9,-11],[0,-73],[-70,-31],[-31,-26],[-28,-74],[-23,-22],[12,-14],[-4,-54],[-27,-53],[10,-47],[-15,-61],[-20,-17],[2,-24],[-25,-26],[7,-32],[-24,-27],[-14,-75],[-61,-45],[-4,-19],[-10,0],[1,-35],[24,-8],[-17,-18],[8,-11],[-19,-17],[21,-37],[-11,-12],[25,-14],[-18,-24],[14,-21],[-4,-26],[-8,-18],[-15,3],[-9,-37],[13,-12],[-37,-43],[-39,-12],[4,-30],[-14,-2],[-6,-28],[-20,-11],[9,-6],[-14,-3],[-5,-54],[-19,-14],[-44,-11],[3,-34],[-14,-6],[-1,-16],[10,-11],[-13,-28],[6,-11],[12,1],[-11,-15],[-20,-3],[20,-12],[-14,-11],[11,-6],[-27,-11],[-3,-19],[-14,-9],[-15,5],[9,6],[-5,7],[-27,-32],[-26,-2],[4,-22],[27,-25],[-10,-13],[14,-6],[-22,-8],[-3,-9],[15,-3],[-6,-8],[-18,10],[-5,-5],[27,-43],[18,0],[-13,-15],[16,5],[3,-13],[11,3],[-7,-25],[18,3],[-19,-12],[4,-14],[-24,6],[8,-15],[-9,7],[-10,-13],[23,-28],[-18,-7],[-11,15],[-7,-11],[16,-36],[36,-24],[-5,-8],[-26,1],[1,-15],[21,-6],[-3,-23],[-26,3],[11,-25],[-9,-12],[23,-16],[5,11],[11,-6],[-12,-12],[20,-37],[-23,-11],[21,-6],[-20,-8],[1,-15],[-34,-2],[6,-10],[10,3],[2,-14],[-37,10],[-7,-11],[20,-19],[-16,-17],[-14,0],[-24,25],[-5,-11],[14,-25],[-61,-7],[3,-18],[-22,-11],[-22,-34],[-14,6],[-10,-40],[-19,-5],[-7,6],[-10,-21],[-54,-1],[13,-25],[-34,-8],[11,-18],[-14,-6],[19,-2],[1,-17],[-17,0],[-12,-11],[-8,31],[-18,-36],[2,32],[-20,-43],[-12,9],[-18,-6],[23,-40],[-21,7],[-14,-9],[12,-13],[-3,-11],[-22,13],[-13,-11],[42,-47],[-9,-12],[-34,9],[15,-17],[-24,-35],[21,-11],[-25,-22],[17,-9],[2,-13],[-22,3],[-4,-24],[-25,-14],[2,-13],[-8,11],[-19,3],[5,12],[-22,-15],[15,-20],[16,5],[6,-8],[-39,-26],[10,-13],[-11,-1],[12,-12],[-2,-14],[-37,-17],[2,-15],[34,-8],[-42,-9],[-14,-24],[5,-21],[-21,-16],[32,-16],[-58,-28],[8,-25],[-30,-29],[49,-19],[51,-37],[44,-9],[20,-14],[23,-59],[9,-81],[51,12],[47,29],[87,24],[17,-35],[98,-40],[-1,-17],[-32,-7],[-13,-16],[2,-13],[24,-16],[47,-12],[5,56],[13,11],[24,-1],[41,-27],[20,-28],[-81,-92],[-4,-17],[9,-11],[58,-4],[49,8],[41,-9],[2,14],[-41,31],[-14,47],[18,19],[38,16],[45,-62],[51,-31],[-14,-46],[-35,-36],[10,-13],[26,0],[71,26],[34,-5],[21,-14],[2,-15],[-31,-18],[-50,-6],[-20,-38],[20,-23],[76,-10],[-10,-13],[-44,-7],[-6,-15],[8,-22],[41,-30],[19,-36],[22,-11],[47,-3],[24,12],[3,29],[-12,23],[10,13],[26,-10],[8,-32],[-11,-30],[-41,-42],[-36,-15],[-55,9],[-4,-33],[13,-13],[126,-48],[32,3],[50,33],[12,-3],[6,-81],[42,-54],[-49,-34],[21,-60],[-39,-30],[51,-83],[140,-30],[51,27],[30,54],[22,6],[10,-6],[9,-42],[32,-12],[9,-32],[47,-15],[-4,-102],[-38,-50],[6,-58],[14,-17],[38,-7],[7,-30],[16,0],[22,22],[-28,55],[10,7],[23,-16],[24,-44],[31,-12],[-5,-53],[25,-32],[-40,-24],[3,-17],[17,-4],[46,11],[61,48],[65,9],[51,-28],[24,-41],[32,37],[8,47],[18,-3],[46,-36],[28,-43],[21,1],[37,46],[48,2],[15,-56],[38,-28],[38,-1],[38,26],[21,-7],[-1,-13],[-29,-20],[-7,-19],[10,-24],[27,-14],[0,-12],[-46,-11],[-15,-15],[-60,-10],[125,-87],[104,25],[3,25],[-12,31],[11,9],[44,-1],[-3,32],[10,12],[49,-29],[28,-30],[33,-12],[24,11],[39,51],[18,6],[10,-18],[-27,-62],[5,-27],[30,-5],[35,50],[30,2],[17,-34],[1,-41],[-22,-12],[-117,3],[-15,-47],[18,-23],[57,-11],[34,2],[35,28],[17,-1],[0,-23],[-39,-40],[10,-34],[68,-9],[40,12],[15,16],[17,0],[-9,-92],[17,-8],[21,17],[11,67],[36,5],[50,-30],[0,-23],[-21,-43],[28,-38],[34,-15],[74,-3],[58,22],[22,-2],[6,-14],[-9,-27],[-49,-51],[21,-24],[38,0],[73,23],[15,32],[54,11],[19,14],[8,52],[25,5],[24,-21],[3,-23],[-57,-55],[-38,-22],[1,-26],[47,2],[50,39],[53,9],[69,-28],[59,-66],[-14,-61],[-38,-47],[13,-59],[-44,-42],[20,-42],[39,-35],[39,8],[40,-17],[-39,-49],[-23,-120],[13,-35],[-13,-14],[-27,25],[-25,-13],[-25,8],[-7,44],[-30,44],[-56,-11],[2,-14],[34,3],[7,-11],[-15,-27],[-41,-7],[-12,23],[-35,18],[2,33],[-39,-3],[-1,-30],[-12,2],[-2,14],[-14,8],[-12,-2],[-9,-21],[-12,-1],[-20,40],[-26,-8],[18,-24],[-6,-16],[-22,6],[-24,-14],[-73,10],[-15,-46],[30,-10],[9,-18],[-2,-18],[-20,-11],[-33,4],[-10,21],[-58,36],[-58,-9],[-18,63],[-27,22],[-89,-12],[-6,-12],[13,-18],[-18,-11],[-3,-15],[-19,4],[-2,-29],[-12,-15],[-32,11],[-12,17],[-22,-4],[-45,28],[-36,-24],[21,-15],[-5,-25],[15,-35],[-26,-39],[-37,4],[13,18],[-15,30],[-57,4],[8,35],[-40,29],[-29,-29],[-39,-1],[-21,10],[1,31],[-10,0],[-20,-27],[31,-31],[-15,-27],[-22,26],[-53,-16],[-19,28],[-68,2],[-8,8],[-22,-3],[-11,12],[-21,-3],[-10,10],[15,18],[-22,20],[-13,-5],[-13,-26],[-10,0],[-6,14],[-23,-7],[-17,14],[-5,-20],[-26,14],[-8,-18]],[[38507,42287],[-26,44],[67,62],[64,32],[10,23],[0,11],[-16,10],[0,19],[-25,10],[-24,26],[5,34],[-22,62],[18,27],[33,9],[1,46],[24,8],[11,17],[-26,35],[-22,68],[-21,7],[-11,20],[-51,21],[35,50],[-18,22],[7,12],[-10,32],[-44,14],[-1,19],[97,66],[-16,26],[17,24],[42,23],[36,-2],[28,23],[16,38],[-3,26],[-37,-6],[-14,14],[-32,2],[-8,17],[4,65],[30,54],[-24,58],[2,51],[18,10],[11,27],[1,45],[57,2],[-3,26],[19,31],[-7,18],[31,39],[7,35],[-40,41],[8,29],[57,50],[15,37],[96,72],[-12,47],[35,27],[10,50],[70,78],[-3,17],[19,9],[-30,54],[-6,32],[29,15],[-8,13],[11,52],[-24,34],[-27,13],[-1,35],[-21,42],[44,17],[15,55],[-49,82],[35,26],[34,-12],[5,9],[39,8],[1,64],[11,18],[14,-2],[16,21],[37,20],[14,1],[8,-10],[29,2],[34,52],[17,7],[3,17],[-25,14],[-6,34],[-17,1],[0,22],[-25,29],[14,31],[-11,32],[32,45]],[[39184,45069],[43,-1],[23,10],[12,39],[-6,28],[40,17],[11,26],[31,1],[21,26],[52,-5],[13,11],[31,59],[-5,41],[31,25],[10,58],[16,14],[9,34],[36,22],[-1,41],[-12,24],[23,5],[59,44],[-14,17],[3,28],[58,3],[87,63],[27,51],[20,16],[15,67],[33,5],[30,17],[-1,12],[-53,46],[6,37],[-11,28],[20,40],[60,47]],[[39901,46065],[53,45],[24,48],[30,22],[24,-5],[1,-26],[49,3]],[[40082,46152],[14,3],[12,43],[34,38],[14,0],[25,44],[13,39],[-16,20],[26,53],[-4,33],[63,46],[34,58],[-13,33],[12,18],[-10,9],[1,24],[-27,19],[17,33],[-9,16],[3,41],[25,18],[50,1],[18,-27],[34,2],[20,21],[4,46],[16,21],[69,35],[49,48],[13,34],[21,1],[18,16]],[[47055,49530],[-43,-90],[-19,-126],[-24,-49],[-59,-43],[-82,4],[-25,-4],[-8,-10],[-7,-57],[22,-60],[-30,-64],[17,-37],[-35,-46],[-20,-110],[-93,-66],[17,-50],[-25,-88],[-1,-41],[-62,-15],[-57,-38],[-30,-37],[-39,-11],[-11,-24],[6,-14],[28,-9],[40,6],[8,-18],[-10,-13],[-58,-23],[-51,-65],[41,-45],[10,-40],[28,-44],[23,-4],[44,5],[44,18],[53,-5],[143,41],[60,55],[87,50],[35,-48],[70,14],[129,-30],[4,-52],[-30,-52],[85,5],[-18,-32],[7,-8],[18,10],[14,-3],[-12,-41],[7,-9],[20,19],[83,27],[22,-13],[-8,-17],[30,-34]],[[43844,43188],[-4,15],[-25,9],[8,14],[-10,20],[4,24],[-25,7],[-12,27],[11,29],[-13,30],[16,32],[-39,41],[-21,-6],[-7,56],[-28,28],[3,10],[-54,-5],[-11,19],[6,16],[-18,14],[-9,-4],[-4,12],[64,37],[13,20],[79,62],[11,32],[32,14],[53,-10],[6,10],[-15,11],[-8,25],[44,36],[18,-12],[12,8],[-13,42],[15,7],[8,36],[-18,24],[-56,17],[-21,57],[-13,-1],[-17,15],[-7,24],[-30,7],[-2,14],[-45,26],[-3,20],[-11,-4],[2,13],[-14,2],[9,17],[-22,8],[-5,12],[27,8],[-13,14],[1,19],[11,0],[-10,14],[11,-1],[0,27],[12,4],[21,34],[17,-16],[37,-2],[13,12],[18,-5],[42,39],[29,-11],[11,-23],[45,-16],[21,-19],[18,24],[-8,40],[15,21],[-3,16],[-18,6],[2,38],[49,10],[5,23],[14,2],[10,24],[-49,40],[0,17],[-30,-21],[5,-6],[-24,-26],[-1,-26],[-58,-29],[-41,19],[-15,35],[-20,4],[3,18],[-27,-20],[-15,4],[-5,-7],[-6,7],[-9,-7],[-31,9],[-18,-7],[-3,25],[-25,25],[-52,3],[-4,10],[-68,-6],[-4,18],[-29,3],[0,18],[-22,13],[-18,44],[-24,14],[6,30],[-9,34],[-45,35],[12,6],[17,49],[12,3],[24,45],[61,1],[24,37],[27,11],[-4,26],[20,26],[6,62],[25,-2],[8,-42],[37,20],[17,53],[22,28],[-7,36],[19,39],[12,76],[27,21],[36,62],[-29,14],[20,16],[-9,18],[31,16],[15,28],[-48,-19],[-48,25],[-17,-16],[-12,2],[-21,-19],[-35,-13],[-26,8],[-15,-9],[-26,16],[-35,-1],[-9,43],[26,42],[4,62],[-9,15],[14,61],[-3,37],[-16,6],[-52,-18],[-9,13],[-36,14],[-5,34],[-41,-31],[-6,-18],[-55,9],[-31,-20],[0,27],[-38,-4],[11,21],[-12,6],[3,20],[-16,-6],[-23,33],[-16,2],[-49,56],[-29,2],[-17,12],[-34,-26],[-17,-2],[-35,21],[4,26],[-24,38],[-13,5],[-21,38],[-24,10],[-15,20],[-30,13],[-47,-1],[-22,23],[-18,-2],[-8,16],[-51,0],[-44,51],[-30,-9],[-60,27],[29,102],[28,33],[10,34],[2,28],[-20,32],[8,33],[-16,38],[27,32],[10,31],[34,34],[-3,88],[-38,61],[-35,24],[-18,52],[47,42],[43,71],[61,38],[37,73],[-11,36],[-39,18],[-6,48],[-43,25],[10,3],[1,14],[38,21],[84,9]],[[45464,48279],[51,-5],[3,-25],[37,-18],[-6,-20],[57,-44],[16,0],[27,19],[14,-5],[14,-87],[-59,-58],[43,-31],[1,-54],[55,-73],[34,-94],[83,-103],[102,-68],[32,-52],[54,-54],[16,-55],[33,-30],[20,-35],[23,-7],[4,-10],[41,-2],[47,-22],[58,-7],[64,-58],[66,-7],[12,-17],[29,-11],[21,11],[24,-16],[16,5],[27,-13],[22,11],[39,-25],[17,1],[-1,-11],[18,-11],[46,18],[20,-9],[12,28],[34,-14],[19,11],[0,-12],[10,-3],[34,7],[4,-15],[31,-4],[-46,-81],[-22,-76],[6,-37],[21,-37],[-5,-49],[-40,-37],[-95,-10],[-81,-115],[6,-17]],[[45600,53715],[0,-1],[-1,0],[0,1],[1,0]],[[45600,53715],[15,75],[-9,40],[10,2],[-8,9],[20,45],[-12,22],[58,16],[-8,9],[15,17],[-36,25],[13,48]],[[47464,53996],[66,-136],[-19,-34],[0,-23],[27,-74],[-48,-43],[-9,-61],[19,-42],[-29,-20],[-10,-31],[14,-15],[62,-7],[20,-10],[37,-66],[5,-35],[-25,-90],[-77,-77],[-17,-39],[7,-37],[75,-110],[22,-106],[-2,-48],[-51,-47],[-37,-55],[1,-35]],[[45214,52548],[32,42],[46,37],[19,11],[8,-10],[15,4],[14,19],[-4,12],[10,10],[-12,2],[6,26],[-21,34],[1,19],[-19,16],[-9,-9],[-25,0],[-30,27],[-14,-1],[-9,17],[63,99],[25,1],[-7,8],[57,32],[6,24],[-27,7],[21,11],[1,16],[9,2],[7,38],[-15,17],[5,10],[33,14],[21,27],[49,0],[36,34],[-2,11],[65,18],[6,13],[49,12],[26,-19],[29,5],[55,28],[41,-1],[22,22],[19,-2],[26,-23],[15,71],[45,10],[-12,45],[-20,25],[-28,20],[-28,-7],[-1,-8],[-8,5],[4,17],[30,15],[-22,53],[21,41],[0,21],[-31,-2],[-12,15],[-18,91],[-53,31],[-41,-18],[-26,6],[-25,49],[-32,27]],[[40608,46938],[21,37],[25,12],[8,21],[-26,27],[-42,19],[-32,41],[0,38]],[[40562,47133],[11,22],[-2,26],[15,15],[11,37],[99,43],[-4,65],[67,-14],[26,5],[8,55],[26,26],[58,0],[17,27],[45,1],[36,39],[-9,75],[21,16],[-12,36],[25,39],[55,37],[21,32],[50,27],[21,56],[26,22],[41,11],[2,30],[16,19],[-5,25],[-5,9],[-33,6],[0,23],[38,25],[53,9],[-10,24],[27,47],[4,42],[135,65],[22,63],[23,21],[68,0],[68,44],[3,16],[-55,38],[25,70],[33,16],[-16,34],[4,17],[31,27],[-20,14],[4,18],[-33,57],[27,24],[22,56],[-8,23],[6,41],[21,26],[14,49],[-16,25],[51,52],[2,50],[25,69],[-14,28],[14,26],[-28,60],[35,35],[10,24],[-6,84],[15,15],[32,9],[16,31],[53,51],[31,4]],[[41895,49372],[24,8],[44,36],[16,32],[49,50],[78,21],[-8,77],[-14,15],[21,37],[0,22],[19,18],[-19,83],[9,12],[31,9],[26,54],[44,20],[18,-2],[60,43],[47,19],[38,70],[58,13],[26,23],[29,61],[64,18],[31,-3],[26,8],[95,0],[25,-11],[28,40],[47,14],[39,81],[-8,66],[-40,46],[6,77],[33,39],[4,31],[57,44],[48,71],[98,56]],[[47060,50054],[-5,-23],[-79,13],[-41,-9],[-18,-20],[23,-54],[46,-22],[-3,-28],[-26,-42],[6,-36],[38,-26],[7,-17],[-22,-65],[58,-58],[30,-62],[38,-33],[-11,-21],[-46,-21]],[[47055,49530],[-24,2],[-10,-22],[-39,-14],[-52,14],[-52,-15],[-12,-12],[-18,20],[-24,-2],[-25,16],[-15,49],[17,23],[-2,16],[-17,-20],[-22,-4],[-71,-47],[-10,2],[-8,15],[38,32],[-8,31],[-74,-68],[-79,14],[-61,-45],[-118,-25],[-161,-80],[-15,-48],[8,-4],[104,61],[17,-3],[2,10],[26,-8],[-4,-16],[18,-9],[5,-43],[22,-32],[-45,-46],[-10,-25],[7,-47],[-27,-35],[8,-16],[-35,-70],[3,-28],[-19,-17],[10,-30],[-5,-28],[-44,-43],[-23,-61],[-40,-8],[-6,-40],[19,-25],[-11,-22],[-39,-43],[-39,28],[-20,-16],[28,72],[-26,32],[-28,-51],[-46,-40],[-33,25],[-41,-2],[-34,-34],[-29,-93],[-34,-15],[-16,-29],[-32,-18],[1,-30],[-11,-8],[-21,-62],[2,-23],[-88,-72],[-17,-2],[-1,29],[17,25],[-16,10],[-9,23],[-1,44],[-11,-4],[-41,23],[-31,-6],[-12,7],[-10,-14],[-23,1],[-7,12],[-16,-10],[-8,4],[3,-50],[-14,-3],[-8,-14],[13,-26],[-20,-17],[11,-20],[-13,-2],[0,-16],[-25,-29],[-1,-52],[37,-32]],[[45464,48279],[-74,21],[-56,-16],[-61,16],[-147,14],[-45,27],[-19,61],[-79,5],[4,12],[-28,11],[-19,43],[-44,18],[-15,16],[-86,-11],[-31,16],[-7,20],[-36,8],[-24,-14],[-14,2],[-15,-16],[-11,5],[-2,-18],[33,-29],[-168,-84],[-9,-52],[-55,-44],[6,-18],[-14,3],[26,-20],[10,-37],[40,-37],[28,-9],[3,-20],[31,-16],[0,-12],[22,-11],[1,-15],[17,-12],[5,12],[17,-9],[35,6],[62,-63],[42,6],[29,-56],[17,7],[7,27],[-7,27],[36,12],[-6,10],[19,27],[38,33],[88,-25],[10,-31],[-44,-45],[3,-25],[33,2],[36,20],[4,-12],[9,3],[28,-24],[-18,-16],[-67,-167],[-52,-91],[5,-10],[-21,-15],[-22,-48],[-103,-92],[-52,-40],[-26,-6],[5,-13],[-16,-12],[-23,-12],[-29,-1],[-4,-16],[-29,-15],[-45,-54],[-117,-67],[-12,-30],[-20,6],[-41,37],[-26,-3],[1,-13],[-11,6],[-78,-20],[-52,-35],[-35,0],[-61,30],[-77,1],[-47,11],[-62,-8],[-41,24],[-33,34],[-87,20],[-60,-18],[-25,-47],[-50,-15],[-15,6],[-45,-11],[-18,-28],[-34,-10],[-72,-48],[-101,-89],[-23,-51],[-30,-32],[-94,-38],[-19,-33],[-45,-32],[-73,-10],[-26,15],[-37,1],[-18,14],[19,39],[-1,17],[-14,13],[-60,-14],[-31,10],[-25,-6]],[[42894,47006],[8,26],[59,46],[42,113],[17,105],[19,52],[-14,14],[-22,2],[19,12],[-8,5],[-7,-9],[-14,2],[2,-22],[-14,1],[-63,-36],[16,23],[-15,9],[4,20],[-20,13],[-41,-19],[-49,15],[7,-13],[-38,-3],[-10,-5],[5,-9],[-17,0],[-5,11],[-24,-5],[-57,-40],[-37,-2],[8,-16],[-35,-26],[-45,-58],[-1,-55],[-10,-16],[34,-51],[106,-58],[-12,-17],[-21,-6],[-48,26],[-41,4],[-16,14],[-15,-6],[-44,-62],[4,-24],[-28,-6],[-32,-37],[11,-23],[-7,-33],[27,-51],[-89,-26],[-16,3],[-41,-18],[-76,-1],[-40,-18],[-87,15],[-49,-26],[-55,6],[-14,-33],[8,-21],[-20,-36],[-72,-62],[-69,8],[-17,13],[-58,16],[-28,-8],[-27,4],[-14,-31],[-71,-50],[-85,-29],[-14,-13],[-45,10],[-35,-3],[-37,-35],[-20,-38],[-28,-19],[18,-66],[-10,-39],[-38,-11],[-12,-18],[-114,11],[-3,11],[27,15],[13,21],[4,36],[-1,35],[-30,28],[-70,27],[-4,12],[-51,16],[-95,-21],[-41,34],[-10,28],[-158,49],[-53,97],[-20,22],[-21,5],[-32,55],[8,39],[23,8],[0,22],[-39,33],[-21,6],[-35,64]],[[43044,50670],[21,19],[-9,9],[6,16],[-35,40]],[[45603,52419],[30,-13],[17,12],[12,-3],[14,23],[26,-3],[15,27],[32,7],[26,38],[18,-7],[3,-11],[12,1],[-8,-17],[41,5],[9,-36],[20,-3],[9,14],[48,3],[5,23],[16,-8],[42,13],[22,-10],[18,23],[49,16],[33,-2],[24,10],[41,-19],[56,41],[32,-7],[28,16],[-6,26],[52,-28],[14,-22],[18,3],[10,15],[-8,24],[27,12],[-15,13],[-9,42],[22,48],[-28,15],[14,12],[-36,25],[40,8],[18,18],[20,-21],[13,6],[1,17],[12,-3],[13,15],[-48,6],[9,28],[-29,13],[20,38],[-19,-7],[-4,21],[-11,2],[-3,-12],[-21,10],[13,22],[38,5],[-19,38],[-9,-5],[2,-21],[-26,-12],[-39,19],[9,30],[-17,18],[-4,22],[14,13],[-7,28],[18,33],[-26,15],[15,15],[-13,39],[20,24],[-7,8],[7,11],[14,-8],[23,3],[49,29],[91,-17],[10,-13],[-10,-15],[22,-11],[24,-33],[51,-9],[18,-26],[47,-20],[5,-26],[-9,-20],[32,-31],[10,-35],[23,-8],[47,-5],[63,-21],[63,0],[11,-14],[32,-5],[69,3],[68,23],[9,15],[32,6],[54,54],[18,1],[10,-9],[21,5],[-17,-57],[11,-40],[-3,-48],[-16,-28],[0,-54],[15,-19],[-5,-33],[31,-52],[12,-3],[20,-62],[55,42],[18,4],[28,-20],[18,31],[64,16],[11,20],[-2,72],[13,10],[17,-15]],[[47495,52755],[5,-32],[20,-23],[-16,-91],[-18,-44],[-49,-58],[-33,-103],[11,-21],[55,-29],[69,-11],[58,-26],[59,-49],[-30,-45],[-21,-12],[-97,27]],[[47508,52238],[-18,4],[-22,-8],[-26,-30],[-43,-26],[-36,-60],[11,-37],[95,-84],[8,-19],[-8,-49],[-39,-61],[-7,-29],[10,-34],[43,-11],[2,-37],[-40,-51],[-83,33],[-27,-12],[-4,-16],[22,-59],[-3,-45],[-52,-79],[-52,-30],[-14,-21],[17,-8],[32,5],[21,-14],[45,11],[27,-25],[18,5],[5,15],[40,2],[13,-13],[29,0],[2,-14],[20,-4],[35,16],[24,-15],[19,12],[36,-8],[25,10],[2,-25],[46,11],[27,-16],[27,-1],[16,-22],[70,6],[9,-44],[-28,-43],[-43,-31],[-4,-15],[11,-14],[-19,-35],[2,-57],[13,-27],[-48,-68],[6,-28],[44,-40],[34,-9],[-2,-6],[-39,-10],[-23,-24],[-42,29],[-51,11],[-22,-22],[-21,-47],[-48,11],[-14,-11],[-29,37],[-51,12],[-25,-52],[-21,-9],[-42,-66],[-2,-32],[32,-34],[2,-15],[-18,-27],[-49,-23],[-31,-41],[-27,-78],[10,-8],[-19,-11],[59,-74],[-19,-9],[-14,-25],[28,-49],[-20,-29],[64,-30],[21,-108],[38,-28],[48,-8]],[[47471,50218],[-17,-79],[-72,-38],[-10,-45],[-17,-7],[-9,-20],[-114,35],[-58,-8],[-1,11],[-21,-2],[-19,12],[-13,-16],[-26,12],[-12,-19],[-22,0]],[[47060,50054],[-43,47],[-92,30],[-17,31],[-24,-3],[-18,9],[-30,-20],[-61,19],[-16,16],[-21,-9],[-24,34],[-39,-19],[-27,11],[-4,68],[-26,-2],[-23,-24],[-24,14],[-65,-9],[-12,8],[-24,-3],[-8,10],[-44,3],[-19,24],[6,11],[-13,9],[-55,-4],[-13,11],[-20,-17],[-26,-5],[-39,5],[-23,19],[-48,9],[-27,22],[3,29],[-39,5],[-18,44],[-38,20],[-10,56],[-72,20],[-24,105],[-17,0],[-8,19],[-59,22],[-9,14],[-63,2],[-29,-15],[-19,-32],[-19,24],[-100,-30],[-41,6],[-32,-35],[-4,-47],[-78,-34],[-20,4],[-5,-9],[-8,6],[4,-18],[-9,-7],[-11,6],[-16,-17],[-24,9],[-35,-25],[1,-12],[-13,-7],[3,-16],[41,-40],[-18,-18],[-36,-11],[32,-18],[15,-29],[18,13],[30,-6],[5,12],[30,1],[69,-17],[-14,-13],[-30,3],[-20,-31],[-32,16],[-23,-7],[11,-11],[0,-20],[-13,-24],[11,-8],[-34,-21],[-10,5],[-1,-12],[-10,2],[-13,-17],[21,-12],[-1,-14],[-14,8],[-28,-32],[-16,8],[-20,-48],[-7,-24],[16,-3],[-5,-7],[17,-11],[-15,-11],[18,-10],[-11,-7],[1,-14],[-22,-7],[-1,7],[-28,1],[-6,-9],[10,-15],[-36,1],[-10,-9],[5,-9],[-11,2],[-16,-19],[-1,-15],[-10,-8],[-25,3],[14,-15],[-47,-20],[2,-13],[-96,-10],[-21,19],[-16,-13],[-10,8],[-20,-6],[-24,7],[-3,-12],[-34,8],[-11,-28],[-12,2],[-18,-21],[-19,-6],[0,-15],[-36,-13],[15,-12],[-5,-17],[-37,-11],[-65,8],[-8,-11],[-27,12],[-15,-9],[-7,10],[-27,-34],[-37,12],[-22,-11],[-34,6],[-26,19],[-85,6],[-97,-56],[-40,-1],[-40,16],[-32,-8],[-35,32],[-6,17],[10,16],[-10,35],[-35,34],[-70,9],[-78,24],[-39,-6],[-40,-24],[-24,-2],[-63,49],[-45,22],[-71,15],[-15,26],[12,36],[35,31],[-11,26],[13,59],[20,29],[-11,25],[-40,17],[-2,35],[-14,18],[-33,0],[-23,64],[-48,40],[-124,75],[-84,18],[-60,49],[-69,16],[-26,21],[-48,5],[-29,40],[-84,35],[-19,48],[5,14]],[[43497,51762],[36,71],[87,39],[12,41],[86,45],[36,35],[37,-1],[45,37],[33,48],[40,7],[46,66],[63,66],[24,0],[28,13],[24,-14],[43,-5],[57,19],[8,25],[19,14],[46,0],[32,28],[33,4],[1,11],[63,29],[32,-4],[26,25],[19,-8],[54,6],[19,17],[-2,12],[21,12],[-15,19],[18,19],[50,0],[39,28],[-2,26],[22,45],[16,9],[-6,34],[-18,19],[25,4],[-1,16],[16,15],[-9,26],[49,16],[69,-17],[19,10],[1,41],[36,34],[17,-1],[7,9],[56,-20],[3,-23],[15,-3],[69,-74],[22,11],[30,-16],[28,0],[32,14],[14,18],[8,-59],[39,-52]],[[45214,52548],[13,-12],[94,-4],[11,-8],[0,-25],[43,-43],[60,9],[9,-13],[43,-15],[57,6],[59,-24]],[[45603,52419],[0,-8],[-18,1],[-33,-18],[1,-47],[38,-2],[4,-19],[18,-8],[8,-29],[28,-8],[22,-31],[36,3],[59,-26],[27,0],[11,-31],[35,-14],[-67,-40],[0,-15],[15,-3],[0,-21],[6,2],[7,-2],[-10,-8],[12,-6],[-11,-19],[-16,-10],[-31,10],[-49,-38],[-30,-6],[-21,-45],[11,-22],[-5,-24],[14,-9],[-41,-34],[41,4],[15,-10],[6,8],[15,-7],[45,-44],[14,-53],[42,13],[16,-3],[-6,-11],[14,-11],[17,6],[36,-10],[4,-26],[-9,-6],[16,-24],[-7,-12],[16,-2],[2,-11],[-16,-19],[9,-4],[-6,-19],[9,0],[-16,-25],[14,1],[-5,-14],[-34,-6],[-32,-71],[-12,-6],[3,-15],[-30,-8],[-7,-10],[-51,13],[-21,-5],[-9,-44],[-27,-25],[-121,-6],[-5,-13],[22,-16],[-15,-7],[10,-19],[-8,-12],[18,-30],[-15,-14],[22,0],[33,-23],[-13,-8],[-21,12],[-20,-6],[-199,-115],[-28,-31],[21,0],[15,-21],[-9,-28],[12,-21],[-42,-34],[19,-10],[-25,-26],[-62,-17],[-6,-14],[-30,5],[-16,-13],[-16,2],[-21,-27],[-27,12],[-33,-4],[-20,10],[-23,-14],[-22,10],[-34,-6],[-19,-37],[-76,-35],[-17,-24],[-10,3],[-11,30],[-17,-4],[-4,12],[-40,0],[-12,25],[-53,-7],[-55,-41],[-30,1],[-27,22],[-48,-2],[-28,10],[-37,-10],[-84,83],[-37,4],[-35,18],[-14,24],[-30,20],[-75,18],[-56,37],[-22,-4],[-6,-13],[-65,8],[-51,-23],[-27,4],[-18,20],[-93,-44],[-27,4],[-41,-10],[-18,9],[-22,-2],[-53,-49],[-30,17],[-55,9],[-143,-48],[-32,-3],[-48,49],[-74,18],[-32,-5],[-30,38],[-47,24],[-36,63],[-108,88]],[[46851,46100],[1,17],[44,57],[50,95],[22,65],[14,78],[-18,90],[6,53],[20,24],[16,-2],[13,11],[131,185],[-87,28],[-15,40],[-21,1],[15,109],[-13,63],[10,58],[20,40],[-25,95],[12,18],[-2,36],[76,209],[-1,112],[-29,63],[-4,46],[87,134],[27,63],[7,46],[32,53],[58,53],[96,59]],[[47393,48099],[-15,-53],[7,-10],[11,2],[-6,24],[33,7],[40,31],[64,-68],[11,4],[10,-32],[42,23],[5,-15],[25,1],[35,-17],[8,-13],[-31,-10],[64,-31],[-26,-18],[12,-25],[74,-7],[19,-22],[33,1],[15,-38],[16,5],[16,30],[66,20],[26,-4],[5,31],[29,2],[22,-30],[-5,-21],[9,-11],[-18,-34],[8,-2],[26,9],[29,38],[28,4],[21,17],[-4,24],[55,52],[39,-6],[17,12],[38,73],[-15,30],[17,21],[-11,26],[9,8],[97,25],[23,30],[11,-1],[19,-25],[25,39],[23,14],[65,-3],[61,17],[27,17],[31,-2],[72,-41]],[[48700,48197],[19,-10],[2,-21],[34,-1],[3,-30],[16,-15],[13,5],[23,-34],[65,-11],[11,-16],[26,2],[12,-8],[16,-61],[24,-42],[-7,-12],[15,-10],[-12,-20],[37,-95],[51,-24],[-1,-41],[59,-27],[29,1],[31,-33],[-10,-111],[10,-30],[16,-7],[-20,-24],[31,-59],[24,-8],[6,-32],[-12,-97],[-16,-16],[-31,-10],[-21,-30],[3,-29],[-150,-96],[-1,-29],[-33,-12],[-23,-28],[-14,-28],[6,-26],[-49,-28],[-2,-23],[-30,-23],[14,-24],[-25,-39],[31,-58],[19,-7],[-18,-81],[-47,-83],[16,-143],[26,-31],[89,-43],[21,-51],[-27,-110],[-23,-18],[-33,-52],[-17,-108],[18,-57],[-46,-56],[-3,-28],[-39,-70],[-22,-76]],[[45431,43445],[45,37],[4,33],[18,12],[1,15],[30,34],[44,26],[56,18],[-13,36],[7,26],[24,11],[19,-4],[45,22],[-2,24],[-20,3],[-7,11],[13,50],[15,6],[4,19],[-33,13],[-9,-7],[-36,22],[64,85],[-17,42],[16,27],[-1,48],[65,60],[19,38],[29,2],[49,59],[31,11],[13,-4],[34,40],[77,4],[27,16],[22,45],[-12,34],[5,35],[68,82],[12,50],[-14,4],[-19,-11],[-21,74],[-55,14],[-29,-6],[-12,16],[-83,4],[-23,26],[-4,26],[29,23],[-86,43],[-31,-15],[-59,60],[14,22],[2,33],[-21,5],[-41,49],[-123,23],[39,23],[19,39],[26,20],[53,20],[80,9],[20,12],[14,18],[-9,23],[9,30],[55,14],[33,-6],[12,14],[-25,39],[-45,14],[-13,40],[4,24],[-28,7],[-183,202],[-18,7],[6,18],[-18,12],[0,27],[-145,110],[-16,18],[1,17],[29,11],[19,-14],[15,11],[16,15],[-7,20],[8,19],[35,26],[44,-9],[38,47],[-3,32],[9,14],[13,14],[26,0],[22,31],[-23,25],[-11,34],[23,21],[5,18],[-21,39],[-25,14],[18,41],[205,39],[129,-20],[20,34],[-2,21],[99,75],[49,-25],[32,18],[22,28],[8,33],[23,-20],[40,43],[-27,25],[-43,18],[50,48],[-26,10],[-11,29],[-25,10],[-53,62],[4,22],[47,40],[54,3],[113,88],[19,4],[70,-19],[49,20],[44,42],[20,42]],[[46572,46746],[30,-49],[-51,-44],[28,-53],[-2,-17],[-23,-17],[-47,-4],[-16,-30],[11,-49],[55,-99],[-8,-42],[-32,-47],[11,-56],[-6,-15],[17,1],[-9,-13],[24,3],[13,-21],[49,-7],[5,-12],[19,5],[22,-12],[4,8],[8,-6],[9,6],[21,-7],[10,-16],[33,-3],[33,-42],[71,-8]],[[46851,46100],[14,1],[45,-51],[-1,-56],[17,8],[-1,13],[30,9],[66,-29],[-10,-9],[12,-11],[-6,-6],[16,-5],[35,19],[3,17],[19,12],[-18,24],[22,4],[10,26],[36,13],[8,47],[26,16],[-1,12],[15,4],[-1,-12],[13,13],[40,-5],[2,-12],[-19,2],[-14,-40],[29,-18],[23,5],[20,-35],[-9,-15],[10,1],[35,-29],[-33,-28],[19,-37],[-7,-22],[41,-38],[1,-12],[34,-9],[50,-45],[61,-23],[41,-42],[15,-33],[-7,-52],[43,-82],[30,-18],[43,2],[-6,-55],[9,-74],[-45,-51],[-19,-1],[-18,-32],[-28,-10],[37,-24],[24,29],[40,25],[0,11],[42,26],[13,-2],[-75,-117],[38,-136],[40,-64],[6,-68],[19,-26],[125,-29],[40,-3],[62,28],[223,146],[25,6],[104,109],[52,75],[2,34],[22,15],[9,25],[25,16],[68,92],[41,22],[70,73],[52,37],[17,37],[22,19],[18,61],[48,2],[34,43]],[[48784,45813],[7,-8],[25,-1]],[[41742,55295],[61,40],[1,97],[-47,56],[-7,86],[14,56],[-14,30],[7,15],[-31,56],[-6,55],[11,24],[-30,71],[11,39],[-48,101],[17,44],[22,12],[-3,11],[52,20],[30,32],[-19,34],[-104,22],[-45,20],[-16,18]],[[41598,56234],[11,17],[-13,71],[29,82],[-29,35],[4,113],[83,-15],[24,-21],[34,-8],[44,-38],[18,12],[23,-11],[27,10],[40,-2]],[[41893,56479],[51,-22],[37,-4],[16,-43],[-10,0],[-14,-19],[26,-53],[35,-26],[-2,-23],[22,-9],[28,28],[26,-7],[30,12],[8,-25],[66,-55],[22,-4],[-4,15],[18,12],[25,-18],[73,-25],[20,-41],[28,-10],[24,-24],[34,19],[43,1],[38,24],[41,53],[35,16],[32,0],[7,11],[23,-1],[21,33],[28,0],[34,27],[36,-3]],[[42790,56318],[50,2],[24,-12],[42,-74],[33,4],[35,-26],[106,-6],[32,-18],[9,-33],[33,-36],[14,-33],[-12,-42],[7,-45],[-33,-37],[-24,-6],[-13,-18],[-32,-16],[4,-28],[26,-21],[22,-40],[40,-12],[32,-39],[75,8],[17,-9],[51,12],[12,11],[16,-14],[-1,-42],[-22,-10],[-15,-39],[34,-20],[16,-85],[57,-33],[16,-30],[-3,-15],[-33,-13],[-6,-13],[7,-33],[40,-14],[-3,-12],[-16,-7],[-6,-32],[18,-22],[-6,-25],[27,-9],[22,-31],[41,-2],[8,-35],[24,-13],[-27,-36],[-6,-85],[-11,-4],[2,-13],[14,3],[11,-12],[-15,-12],[8,-32],[-29,-45],[16,-45]],[[40599,52634],[13,21],[30,11],[108,90],[78,25],[35,52],[74,47],[-20,68],[-28,28],[-5,95],[20,17],[53,-11],[17,57],[49,-19],[15,7],[5,23],[27,26]],[[44765,55437],[-5,31],[21,39],[29,25],[31,9],[15,37],[33,0],[10,34],[24,9],[20,-9],[-1,15],[20,0],[19,31],[36,7],[27,29],[-6,25],[11,21],[16,4],[5,19],[-16,26],[-21,7],[-21,-5],[7,18],[-9,13],[37,14],[12,21],[-22,41],[4,33],[-31,30],[2,18],[-12,5],[2,17],[-12,9],[20,26],[0,22],[17,10],[0,19],[18,2],[29,30],[36,-6],[35,-18],[78,52],[16,-6],[15,7],[47,-2],[19,-23],[18,-5],[46,35],[66,18],[25,31],[79,14],[48,22],[50,67],[9,45],[59,25],[-16,39],[5,14],[85,12],[69,-14],[64,24],[62,4],[35,30],[49,6],[54,41],[90,1],[23,11],[94,3],[38,16],[58,-1],[53,45],[85,3],[74,-16],[68,-35],[31,0],[29,-30],[-3,-19],[25,-26],[-4,-31],[33,-38],[63,-27],[59,6],[36,-60],[60,20],[42,-34],[52,-1],[42,-28],[36,-8],[40,57],[18,-12],[45,6],[27,-13],[90,16],[-11,28],[20,17],[52,-9],[7,30],[-27,21],[53,54],[-13,112],[36,34],[10,44],[11,2],[24,-20],[17,11],[-7,91],[21,3],[24,-13],[60,3],[30,8],[52,35],[31,3],[28,-10],[49,-52],[36,1]],[[49149,56742],[17,-20],[-7,-45],[93,-27],[4,-10],[0,-22],[-26,-11],[-31,0],[-17,-35],[62,-38],[24,-4],[7,-22],[-18,-3],[-19,-67],[-26,-6],[16,-56],[-5,-28],[-19,4],[-15,16],[-16,-5],[-6,-29],[-18,-15],[15,-13],[2,-19],[-46,-27],[28,-35],[1,-37],[14,-25],[-8,-24],[-39,-40],[27,-42],[-8,-16],[-49,-27],[-15,-3],[-10,14],[-19,-31],[-14,18],[-12,0],[-8,-16],[6,-24],[-14,-2],[-9,13],[-9,-21],[-27,-16],[1,-34],[-46,-79],[-26,-26],[-17,-4],[-39,-59],[-19,-11],[1,-52],[-12,-37],[19,-59],[-9,-26],[-37,-32],[10,-36],[-9,-19],[-22,-6],[18,-34],[-60,-40],[3,-35],[-18,5],[-28,-25],[-7,-38],[-28,-45],[-134,-78],[-30,-43],[-17,4],[-35,-74],[8,-23],[-12,-63],[7,-73],[-18,-76],[8,-25],[17,-13],[-24,-38],[-34,-29],[-17,-3],[-13,-41],[11,-14],[-20,0],[-26,-22],[1,-44],[-30,-29]],[[48272,54570],[-52,1],[-91,-26],[-36,26],[23,86],[24,11],[57,66],[-65,49],[-87,25],[-10,40],[10,16],[-13,2],[4,12],[-32,-13],[-85,20],[-58,-25],[-10,-36],[60,-63],[16,-49],[-3,-36],[-34,-19],[-75,-2],[-17,-17],[14,-70],[34,-56],[-13,-27],[-36,-33],[-25,-15],[-38,-5],[-23,9],[-44,43],[-16,-11],[-2,-18],[35,-52],[5,-31],[-55,-64],[-38,-152],[-101,-68],[-25,-45],[-6,-47]],[[47464,53996],[-21,4],[-38,-10],[8,26],[-10,4],[-76,-53],[-10,24],[-30,2],[8,22],[-28,2],[-20,-14],[-58,64],[-37,-10],[-15,13],[-15,-16],[-18,10],[-32,-4],[-26,11],[-17,26],[-48,-10],[-49,20],[-66,65],[-25,8],[-16,0],[-16,-15],[-28,8],[-6,-10],[-15,-1],[-12,8],[-15,-14],[-25,-5],[-14,14],[-26,-16],[-17,7],[-8,-18],[-44,-37],[-20,5],[-30,-9],[9,-15],[-18,-7],[-13,-33],[-19,2],[-12,12],[-57,0],[-25,18],[-24,-15],[-13,8],[-25,-3],[-77,57],[-30,9],[-16,-9],[-16,7],[-14,-8],[-24,3],[-44,21],[-58,1],[-41,-36],[-30,3],[-33,-33],[-46,6],[-41,-11]],[[43497,51762],[5,-29],[-42,-140],[-37,-36],[-55,-26],[-47,-58],[-48,-1],[-28,-49],[-3,-37],[-58,-49],[-67,-88]],[[41783,52007],[-38,5],[-31,18],[-26,0],[-1,25],[19,22],[-4,36],[22,34],[1,57],[-20,-4],[-39,15],[16,43],[-4,21],[-15,6],[5,13],[-49,-9],[-26,15],[-6,18],[29,23],[-3,46],[-28,26],[1,17],[12,5],[-7,12],[-33,9],[2,45],[46,75],[-27,14],[-3,11],[21,-1],[20,27],[-56,30],[-12,27],[-37,32],[-19,7],[-34,-12],[7,22],[-20,27],[-18,-13],[-45,2],[-7,-21],[-32,-11],[-11,6],[2,17],[-29,5],[-6,16],[-19,6],[-55,52],[-44,-14],[-43,3],[19,24],[-16,27],[-31,-11],[-14,4],[-12,38],[13,14],[51,21],[-8,23],[33,24],[-21,29],[-22,-18],[-40,6],[-2,16],[17,31],[18,10],[-18,3],[-10,16],[19,17],[-49,65],[4,20]],[[41070,53171],[14,5],[3,36],[31,51],[44,36],[12,23],[-16,26],[2,35],[-31,-13],[-14,16],[-70,27],[-21,-36],[-20,8],[3,32],[-38,-11],[-13,5],[6,28],[-18,91],[-51,36],[2,13],[38,18],[0,11],[-8,12],[-46,8],[47,80],[49,19],[-43,63],[10,19],[18,8]],[[43369,52624],[64,-13],[27,-36],[37,-19],[10,-21],[-13,-45],[11,-40],[-48,-70],[-2,-44],[-28,-53],[-30,-24],[-10,-34],[-39,-23],[-77,-22],[-5,-24],[15,-64],[-11,-41],[5,-33],[32,-41],[27,-93],[30,-54],[35,-36],[98,-32]],[[45428,54322],[18,6],[24,-8],[34,18],[22,-1],[14,-31],[22,-12],[-20,-59],[15,-21],[24,5],[20,-14],[22,10],[31,37],[22,7],[39,60],[21,3],[46,-12],[89,28],[45,-29],[-11,-2],[3,-47],[-28,-30],[22,-24],[-17,-23],[-47,-29],[10,-18],[-20,-16],[21,-34],[33,-12]],[[45882,54074],[-13,-23],[-65,-8],[-7,-15],[-30,-7],[-12,-15],[-46,11],[-17,-6],[-34,12]],[[45658,54023],[-54,1],[-12,9],[-24,-19],[-37,-12],[-13,4],[-13,-13],[-34,14],[-15,-23],[7,-13],[-22,-26],[-24,-8],[-67,5],[-22,-10],[-50,0],[-30,-57],[-13,-7],[6,-12],[-11,-9],[16,-20],[-15,-15],[6,-13],[-25,-26],[-31,5],[-10,-23],[-18,-2],[-36,-71],[-33,-28],[2,-19],[-40,-12],[-4,-28],[-27,-8],[-20,-21],[-36,-69],[-12,-3],[2,-21],[-14,-12],[8,-40],[-48,-20],[-5,-10],[10,-6],[-21,-26],[6,-29],[-9,-20],[21,1],[-1,-19],[-46,-19],[-33,8],[-43,-28],[-25,15],[-38,-1],[-24,32],[-39,5],[-35,37],[-26,-1],[-16,-12],[-17,4],[-13,-12],[-12,10]],[[45428,54322],[-25,-48],[-42,-19],[-28,8],[-39,0],[-7,-10],[-26,7],[-35,-5],[-24,-16],[-49,4],[0,8],[-38,-5],[-28,7],[-7,-15],[-30,-5],[-21,-44],[-17,-9],[-100,4],[-28,-14],[-1,-23],[-27,-23],[-43,-6],[-21,7],[-60,-12],[-18,-24],[1,-19],[-23,2],[-1,-9],[-15,-2],[-2,-32],[-25,-15],[-9,-23],[-42,-11],[-36,14],[-41,-11],[-44,-32],[4,-13],[-58,-56],[-28,7],[-29,-13],[-38,19],[-26,2],[-46,57],[-17,39]],[[43518,54973],[0,1]],[[43518,54974],[17,30],[41,16],[24,-10],[55,52],[37,-2],[16,-15],[39,23],[-6,-54],[-25,-44],[11,-13],[-5,-34],[18,-44],[30,-27],[-14,-77],[13,-29],[23,-3],[82,90],[18,26],[-3,12],[13,0],[15,18],[47,88],[45,22],[17,21],[31,62],[21,12],[24,57],[36,41],[21,8],[8,23],[54,22],[26,-7],[60,67],[32,10],[41,-2],[52,26],[20,-2],[83,26],[48,-1],[28,13],[50,2],[67,-18],[13,11],[10,34],[18,12],[-4,21]],[[44765,55437],[66,9],[50,-13],[66,-41],[30,-33],[-14,-63],[-19,-26],[-5,-38],[14,-31],[92,21],[6,11],[23,7],[19,-1],[-4,-48],[15,-15],[6,-54],[-37,-18],[0,-32],[-15,-12],[7,-57],[13,-17],[-2,-43],[16,-11],[-22,-39],[37,-35],[-11,-10],[4,-28],[-16,-7],[-2,-12],[32,-22],[-7,-20],[24,-37],[-8,-51],[11,-23],[54,-33],[83,4],[9,8],[31,-10],[14,-48],[61,-21],[26,-24],[9,-30],[-58,-72],[8,-27],[23,-14],[0,-34],[13,-22],[21,-3]],[[50429,56704],[-56,32],[9,15],[-25,-2],[1,32],[-39,28],[25,26],[21,5],[4,31],[9,-12],[19,-3],[-10,22],[14,17],[-15,13],[-25,-10],[-5,7],[-23,-4],[-11,10],[-19,-21],[-10,1],[11,27],[-21,14],[27,27],[-26,-3],[1,27],[19,11],[-60,19],[3,13],[-15,5],[4,18],[-12,-7],[-45,18],[2,59],[-85,-32],[1,-47],[-35,-33],[-18,-5],[-4,-18],[-36,-9],[-10,-16],[-15,-1],[-61,-46],[-71,-66],[-13,-27],[-28,-16],[-37,15],[-71,-30],[-44,-31],[-7,-21],[11,-17],[-9,-8],[-18,2],[-6,26],[-21,-1],[-1,-33],[-15,18],[-21,6],[6,-26],[-29,-6],[-24,-28],[-24,21],[-28,-13],[-22,6],[10,22],[-7,13],[-35,-10],[-35,2],[-6,-18],[-21,27],[-31,-8],[-14,16],[2,33],[-30,11],[-19,-6],[-17,10],[-19,-10],[0,15],[-16,-14],[-29,5],[-30,-29]],[[49149,56742],[-35,59],[-27,20],[-12,-3],[3,-24],[-32,-5],[-32,37],[-42,-8],[-8,31],[-15,9],[-14,0],[-46,-29],[-45,26],[-29,-28],[-31,-3],[-20,-46],[-61,-28],[-6,-17],[9,-24],[-20,-25],[-26,8],[-25,-19],[-39,-2],[-71,-38],[-18,7],[-20,28],[-28,7],[-30,-28],[-8,-42],[-29,-19],[-28,25],[-66,23],[-3,35],[-20,0],[-15,-28],[-13,-3],[-11,40],[-35,-18],[-11,35],[-77,-43],[-10,-84],[-27,-28],[-55,30],[9,39],[-22,36],[-48,-8],[-26,92]],[[47934,56729],[20,45],[59,57],[19,37],[22,88],[-31,114],[77,173]],[[48100,57243],[44,78],[67,54],[107,50],[79,7],[42,13],[34,47],[10,59],[-12,66],[-18,20],[-57,6],[-37,51],[-30,22],[-11,17],[5,55],[-30,41],[-4,37],[62,69],[30,5],[33,23],[54,-18],[51,-1],[65,24],[21,18],[22,67],[-61,185],[2,48],[28,83]],[[48596,58369],[39,90],[-2,28],[-34,16],[-64,8],[-56,32],[-168,179],[-16,39],[6,37],[15,31],[42,37],[22,65],[69,54],[65,119],[30,28],[26,85],[-21,27],[5,22],[68,73],[75,53],[45,49],[42,101],[35,29],[53,24]],[[39778,55150],[17,66],[13,21],[17,4],[29,-20],[30,-52],[135,-27],[46,40],[59,92],[66,11],[22,45],[38,17],[89,87],[54,-2],[39,-15],[37,31],[9,32],[69,21],[66,1],[99,67]],[[40712,55569],[23,-37],[27,-14],[15,-21],[77,-41],[7,-25],[25,-4],[29,-49],[50,-19],[24,-44],[22,1],[52,39],[54,18],[41,-13],[11,6],[40,-17],[32,28],[60,4],[46,-13],[10,-13],[53,-3],[73,37],[27,-24],[47,-12],[27,-28],[24,-4],[11,-13],[25,9],[27,-10],[35,6],[36,-18]],[[41742,55295],[-13,-7],[-8,-41],[40,-121],[-23,-25],[-3,-109],[-20,-20],[3,-10]],[[41546,54503],[-20,-7],[-21,-27],[-24,-104],[-61,-64],[-45,-7],[-16,-11],[-14,-79],[11,-54],[-17,-44],[-19,-11],[-52,15]],[[44239,53993],[-85,-47],[-22,-28],[-22,-65],[-41,-13],[-9,-15],[-33,-14],[21,-61],[-33,-34],[29,-29],[3,-19],[24,-9],[-1,-33],[22,-4],[14,-24],[70,-33],[9,-18],[-6,-10],[25,-31],[-5,-12],[14,-4],[7,-29],[15,-14],[-13,-52],[17,-30],[23,-1],[6,-18],[32,-11],[20,18],[23,-2],[0,21],[16,1],[16,-14],[26,1],[28,10],[5,17],[18,-12],[31,4],[46,-49]],[[44529,53330],[-30,9],[-20,-23],[-31,-16],[-53,1],[-11,-10],[-42,6],[-24,-8],[-7,-18],[-17,-2],[2,-12],[-29,-14],[11,-16],[-13,-11],[-5,-28],[-13,-9],[-29,5],[11,-29],[-40,-26],[-36,12],[-45,-18],[-39,-40],[-25,9],[-15,-8],[-19,15],[-56,6],[-160,62],[-51,1],[-32,-14],[-16,-25],[-55,-40],[-9,-15],[8,-15],[-17,3],[-30,-19],[1,-16],[-19,-28],[-45,-33],[-70,-31],[-12,-25],[-46,-26],[-6,-14],[-42,-15],[-28,-28],[16,-16],[-2,-29],[-41,-89],[45,-26],[26,-43]],[[43369,52624],[-49,34],[-69,-2],[1,20],[-38,34],[-36,7],[-25,16],[11,34],[29,26],[5,44],[12,15],[-23,39],[48,42],[6,40],[17,7],[28,-11],[10,18],[16,-4],[12,15],[35,0],[10,-12],[34,-6],[44,24],[39,62],[4,30],[-11,26],[27,27],[-19,31],[0,19],[-31,24],[-10,33],[29,100],[19,19],[-6,36],[-47,17],[-51,57],[-26,-7],[-26,-23],[-31,18],[-29,-8],[-53,27],[-23,32],[-15,56],[-48,47],[-49,28],[-38,0],[-44,-18],[-84,33],[-51,44],[-32,13],[-40,-2],[-16,-41],[-50,-17],[-22,-59],[-32,-2],[-18,-17],[-29,1],[-39,-18],[-35,43],[-88,30],[-54,5],[-96,38],[-61,-26],[-35,2],[-31,-16],[-12,-24],[-33,-6],[-20,-19],[-72,-24],[-23,0],[-10,16],[-50,19],[-29,-10],[-28,-32],[-6,63],[9,26],[-7,21],[-27,18],[-3,12],[9,17],[35,-6],[-7,28],[17,77],[19,7],[56,-12],[65,46],[18,1],[9,23],[37,30],[-15,25],[4,26],[17,2],[4,54],[-9,19],[9,44],[-16,4],[-7,15],[-18,-3],[1,9],[-17,5],[10,26],[-4,50],[-12,-8],[-27,4],[-65,36],[13,28],[0,53],[-12,37],[1,44],[-12,12],[-65,-3],[-71,-20],[-25,-18],[-48,-9],[-38,7],[-31,22],[-72,-6],[-16,36],[11,27],[-86,66]],[[41546,54503],[3,23],[44,42],[28,82],[-4,35],[13,41],[62,123],[4,54],[24,17],[-2,42]],[[41718,54962],[45,-7],[14,8],[50,-35],[7,-28],[16,-11],[50,-8],[31,-16],[32,0],[27,14],[35,-11],[15,12],[16,-1],[26,65],[14,8],[2,54],[27,11],[32,-9],[0,-13],[37,-28],[51,-6],[72,-75],[76,-3],[16,12],[14,-2],[28,24],[66,5],[55,28],[28,-13],[91,-3],[-2,-7],[35,-14],[-1,-8],[23,-1],[-4,-11],[18,-2],[0,-8],[30,-3],[14,10],[42,1],[27,-27],[65,-19],[17,6],[18,-47],[116,-54],[35,18],[48,-12],[43,5],[10,10],[26,-7],[78,38],[39,-1],[18,46],[60,1],[48,39],[-2,20],[26,2],[-7,5],[16,39],[-9,20]],[[43518,54973],[9,11],[8,-7],[6,7],[36,-6],[3,-13],[28,-6],[17,-23],[35,-11],[0,-10],[20,-9],[12,5],[23,-41],[25,2],[15,-18],[-17,-33],[-15,-3],[-9,-17],[40,-42],[2,-58],[-11,1],[-15,-18],[-17,4],[-9,-38],[-19,-14],[-10,4],[-5,-11],[-12,2],[-52,-39],[-13,1],[-19,-39],[-31,-8],[-1,-14],[-17,-1],[-10,-13],[6,-24],[15,-8],[-11,-17],[15,-31],[45,-39]],[[43585,54399],[1,1],[0,-1],[-1,0]],[[43585,54399],[26,-17],[66,-7],[75,-81],[112,112],[80,47],[12,29],[51,25],[43,3],[4,-20],[51,-28],[22,-48],[32,-7],[27,-40],[49,-11],[1,-82],[34,-37],[-23,-29],[-8,-38],[28,-36],[5,-34],[-16,-40],[9,-43],[-26,-24]],[[41129,60160],[25,32],[-1,23],[13,9],[16,65],[-7,51]],[[41175,60340],[105,-56],[-9,-8],[28,-1],[81,-48],[60,-11],[40,51],[12,36],[-26,9],[20,9],[-1,20],[15,23],[14,17],[72,19],[48,70],[-6,18],[20,6],[6,17],[57,-56],[27,1],[36,-21],[37,3],[11,-7],[9,-98],[73,-114],[37,-1],[20,23],[69,-2],[23,9]],[[41795,58613],[-34,-19],[-31,-54],[-24,-14],[-22,-40],[-6,-37],[17,-31],[27,-22],[-8,-41],[17,-38],[38,-24],[10,-84],[14,-29],[-4,-9],[-63,-25],[-78,-68]],[[41648,58078],[-30,4],[-25,-12],[-11,-14],[-5,-43],[-13,-9],[19,-35],[-43,-18],[-38,-32]],[[41502,57919],[-6,21],[-24,4],[-7,15],[-37,8],[-26,40],[-20,12],[-117,-6],[-2,-18],[-36,-10],[-33,13],[-46,38],[-31,-1]],[[41117,58035],[14,10],[30,70],[25,16],[-72,123],[-14,4],[-8,16],[-24,1],[-44,31],[45,41],[41,6],[-8,26],[17,16],[-14,48],[5,41],[-37,58],[-52,-16],[-106,4],[-54,-74],[-41,9],[-61,44],[-23,-24],[-39,-20],[-42,-4],[-59,-28]],[[40596,58433],[-13,11],[13,53],[-19,23],[-5,41],[-44,44],[-34,16],[-1,110],[-37,13],[10,66]],[[42376,59126],[24,-33],[-28,-19],[7,-30],[29,-12],[6,-16],[22,1],[14,-10],[4,-25],[-18,-43]],[[42436,58939],[-45,4],[-34,14],[-29,-29],[-35,-9],[-5,-9],[-14,2],[-3,10],[-58,-2],[-1,-28],[-27,7],[-30,-12],[-4,-12],[21,-21],[-17,-15],[-19,3],[-21,-32],[-3,6],[-2,0],[0,-20],[-41,13],[-42,-30],[7,-8],[-13,-12],[-22,25],[-18,6],[0,-88],[-22,-6],[-7,-30],[-24,-26],[-57,-6],[-41,12],[-24,-34],[-11,1]],[[41795,58613],[-65,51],[-106,32],[-69,8]],[[42121,59680],[-6,40],[9,-1],[1,10],[-14,-7],[-14,23],[5,11],[-12,2],[-9,51],[-20,28],[-33,93],[4,21],[80,11],[30,42],[18,2],[-9,30],[20,55],[-54,43],[-27,49],[-44,33],[7,32]],[[42053,60248],[57,28],[0,48],[17,11],[21,-1],[6,36],[36,-9],[-2,17],[19,21],[20,-11],[24,12],[0,12],[19,-15],[14,7],[20,23],[-13,9],[25,2],[10,35],[26,11]],[[42352,60484],[44,-2],[31,10],[35,-8],[23,18],[3,17],[59,-14],[55,16],[25,-7],[12,12],[35,-9],[14,15],[23,-8],[31,16],[87,15],[80,-12],[23,11],[42,-6],[20,6],[26,19],[1,57],[42,10],[44,-3],[21,24],[41,19],[-3,32],[15,27],[14,-2],[8,12],[-1,32],[21,28],[25,-5],[20,25],[85,51],[14,-6],[62,10],[39,29],[4,41],[35,-3],[103,-37],[55,7],[39,-6],[54,-65],[2,-21],[14,-3],[32,12],[57,-3],[2,21],[-11,10],[23,60]],[[43877,60926],[101,-7],[36,-42],[101,-20],[19,-10],[4,-24],[52,-15],[2,-15],[-21,-32],[-55,-3],[-32,-14],[18,-42],[-44,-19],[-8,-15],[5,-32],[-35,-41],[3,-12]],[[44023,60583],[-6,-12],[12,-8],[-8,-8],[6,-18],[-19,-19],[-67,-25],[-16,9],[-16,-21],[-31,-17],[-15,2],[-5,-21],[-17,-3],[-10,12],[-39,-14],[2,-31],[-40,-18],[-46,-37],[-6,-15],[10,-28],[-66,24],[-35,-1],[-13,-21],[-40,-16],[24,-31],[-15,-8],[-26,10],[-12,-10],[2,-12],[-31,-10],[-22,12],[-2,19],[-33,3],[-32,19],[-3,16],[-21,3],[-24,-19],[-44,9],[-161,-90],[-17,-24],[-29,-9],[-9,-19],[-42,10],[-22,-4],[-27,-28],[-88,-20],[-9,-13],[37,-26],[-15,-9],[-2,-22],[-29,-13],[-3,-11],[-28,5],[-34,-10],[-4,-24],[13,-33],[-56,-28],[0,-36],[11,-1],[5,-13],[-27,-50],[-48,8],[-26,30],[-51,8],[-55,68],[1,-30],[-6,10],[-27,-28],[-57,-14],[-17,-29],[-63,-10],[-20,6],[2,14],[-38,-4],[7,-52],[-52,-30],[11,-11],[-4,-17],[20,-11],[-13,-19],[-21,-12],[-15,25],[-47,-6]],[[41708,59115],[-72,-70],[-52,-32],[-22,-44],[-198,-71],[35,-32],[10,-63],[52,-38],[42,-7],[52,-54]],[[41555,58704],[-160,-60],[-19,7],[-19,33],[-11,-9],[-41,3],[2,-6],[-25,0],[-1,-10],[-24,5],[-18,-10],[-62,10],[-30,32],[-7,24],[-37,-6],[-17,67],[-23,25],[10,29],[-17,10],[11,21],[-11,103]],[[40954,59145],[-13,-20],[7,-31],[-16,-57],[5,-28],[-9,-21],[-26,-14],[-8,-39],[-14,-11],[-48,-8],[-7,-18],[-54,-8],[-22,26],[-28,7],[-10,17],[-22,1],[-17,-30],[-58,-35],[4,-10],[-76,2],[-61,-36],[-15,-22]],[[40466,58810],[-39,-20],[-14,2],[-24,-20],[-111,-50],[-28,-53],[-29,-20],[-8,-17],[-41,6],[-42,-8],[-34,8],[-56,-28],[-39,10],[-62,-15],[-72,3]],[[39867,58608],[-1,93],[71,92],[-13,67],[21,9],[-8,58],[20,76],[-8,40],[-25,18],[-1,32],[-23,48],[39,90],[-2,63],[-18,17],[-58,-1],[-20,37],[-3,43],[26,53]],[[39864,59443],[19,15],[7,-4],[46,-43],[14,-28],[68,-23],[19,-23],[15,6],[24,-14],[51,-10],[-7,46],[9,8],[-11,-2],[-3,10],[13,10],[-22,23],[14,10],[-16,7],[30,11],[4,10],[-20,10],[-1,12],[10,12],[8,-5],[9,11],[9,-3],[20,28],[20,0],[13,12],[31,-2],[38,19],[45,4],[21,-43],[44,-38],[16,-29],[25,25],[29,-5],[14,11],[39,-11],[10,4],[-2,10],[15,-9],[27,30],[78,38],[32,27],[44,-4],[55,-38],[25,31],[15,-23],[42,-14]],[[41129,60160],[19,-14],[9,-46],[29,-18],[35,-46],[0,-53],[21,-50],[74,-63],[26,-3],[19,-24],[58,-22],[17,9],[43,-10],[35,9],[26,-8],[29,-28],[39,-9],[74,18],[39,-6],[33,13],[35,-5],[35,14],[56,-4],[19,-23],[86,-24],[40,-33],[17,10]],[[42042,59744],[0,-1],[1,1],[-1,0]],[[42042,59744],[24,-5],[3,-31],[26,-36],[26,8]],[[42121,59680],[20,51],[35,26],[11,-11],[40,-8],[19,-17],[18,5]],[[42264,59726],[15,-9],[-12,-28],[19,-9],[22,-38],[-4,-18],[20,-12],[-24,-39],[22,-10],[15,-23],[-3,-14],[39,-35],[-1,-15],[81,-61],[8,-32],[-31,-12],[-24,-27],[-34,12],[-40,-13],[8,-11]],[[42340,59332],[1,1],[0,-1],[-1,0]],[[42340,59332],[19,-5],[-24,-59],[39,-27],[-4,-56],[19,-19],[-18,-33],[5,-7]],[[42376,59126],[-85,7],[-9,-13],[-24,0],[-27,5],[-13,14],[-56,12],[-21,-10],[-6,16],[-39,-2],[-43,11],[15,-16],[-2,-77],[-16,-21],[13,-7],[-59,-36],[-41,25],[-60,14],[-5,-11],[-9,8],[-10,-8],[-54,6],[-91,41],[-26,31]],[[41708,59115],[16,44],[-18,-6],[-27,7],[-28,-22],[-4,20],[-36,9],[-8,11],[-19,1],[-13,-12],[-42,6],[-79,-18],[-54,2],[15,-46],[-8,3],[-10,-16],[-19,-4],[-30,-27],[18,-23],[-10,-13],[-52,-16],[-60,-5],[-19,8],[-34,-7],[-19,-18],[-45,-17],[-32,18],[-35,-22]],[[41056,58972],[-18,27],[6,46],[-25,59],[-32,35],[-33,6]],[[40954,59145],[-28,40],[-25,14],[27,38],[-21,44],[9,23],[-20,32],[8,22],[-5,33],[-23,29],[-27,1],[10,53],[-11,9],[15,22],[-14,7]],[[40849,59512],[0,58],[14,71],[10,5],[-16,51],[7,65],[-21,40],[3,25],[-52,46],[-4,47],[21,17],[-15,13],[-10,32],[11,23],[26,7],[-26,98],[17,14],[8,26],[46,11],[45,-14],[9,12],[40,-19],[33,16],[16,-17],[118,21]],[[42381,28441],[39,-17],[32,-34],[7,-61],[25,-26],[224,-67],[53,-35],[41,-14],[128,2],[136,90],[157,-24],[28,16],[55,74],[43,18],[17,-5],[34,-41],[17,-52],[46,-33],[35,-4],[68,12],[27,-14],[24,-31],[4,-43],[24,-15],[22,-7],[64,7],[41,-10],[60,0],[30,-13]],[[37733,33008],[58,-28],[27,-43],[7,-25],[-7,-21],[35,-31],[-23,-7],[4,-32],[-11,-8],[5,-10],[23,-1],[5,-11],[17,-4],[6,-28],[-25,-22],[18,-20],[-77,-67],[-3,-28],[-34,-33],[15,-13],[-1,-12],[-26,-6],[-16,6],[-13,-11],[-26,-55],[-54,-56],[10,-16],[-11,-9],[15,-20],[-18,-25],[2,-34],[-16,-61],[15,-5],[8,8],[31,1],[4,-36],[14,-15],[-40,-40],[-25,-6],[7,-14],[-38,-64],[3,-18],[-22,-27],[-15,8],[-24,-16],[-8,17],[-10,-2],[5,-12],[-11,-14],[18,-12],[-3,-19],[29,-14],[-4,-22],[-29,-17],[9,-77],[-19,-26],[19,-49],[-23,-45],[5,-32],[-11,-48],[-27,-10],[-30,-45],[-19,1],[-26,-18],[-15,6],[-16,-26],[24,-15],[6,-24],[33,-6],[-11,-29],[-13,-5],[18,-4],[4,-15],[-12,-4],[-61,18],[2,-20],[-31,-19],[-16,-42],[-51,-19],[-16,-21],[-35,-3],[8,-11],[-11,-21],[19,-15],[-56,-22],[22,-10],[-29,-33],[-4,-34],[-18,-8],[-19,10],[-61,-53],[-57,-11],[-45,-46],[-11,-35],[-54,-28],[4,-12],[-14,-17],[-30,-3],[-26,-18],[-2,-41],[-21,-1],[32,-16],[18,-31],[40,-27],[0,-26],[23,-15],[-6,-49],[-52,-28],[-13,-19],[11,-30],[24,-12],[-53,-46],[18,-7],[47,22],[12,-22],[22,-13],[-3,-12],[24,2],[-19,-15],[9,-12],[-5,-47],[25,-14],[-4,-39],[32,-70],[93,-55],[27,-6],[9,-18],[40,-3],[16,-15],[28,-3],[26,15],[39,-12],[1,23],[31,-4],[10,-28],[25,6],[51,-31],[15,1],[27,-30],[12,9],[-10,32],[18,7],[56,-5],[59,-49],[31,8],[44,-22],[38,6],[22,22],[25,8],[23,-1],[22,-24],[14,10],[-3,34],[24,10],[21,-11],[0,-24],[29,-5],[-6,-27],[35,-1],[0,-27],[11,2],[9,22],[13,-6],[1,-19],[23,-10],[9,14],[30,8],[18,-5],[17,12],[34,-11],[-2,-76],[50,-17],[19,7],[74,-40],[3,-49],[10,-10],[16,-2],[47,19],[29,-24],[40,-7],[4,-21],[-24,-12],[-5,-13],[142,-17],[27,-11],[26,-26],[40,-10],[34,3],[46,34],[122,-29],[51,33],[55,7],[19,-16],[9,-25],[-7,-58],[8,-36],[32,-19],[20,0],[21,22],[28,74],[0,30],[-22,33],[-64,32],[-16,38],[33,26],[64,-13],[95,-66],[158,-154],[66,-12],[52,8],[38,20],[19,-11],[17,-23],[2,-24],[-15,-34],[-56,-62],[-4,-70],[-31,-23],[-67,-17],[-6,-27],[25,-19],[177,-14],[54,-23],[32,-42],[18,-117],[33,-25],[13,-30],[42,-20],[102,-24],[42,-32],[22,-116],[52,-94],[89,-45],[77,-19],[32,2],[32,21],[58,86],[36,15],[59,1],[25,-15],[30,-44],[50,-47],[48,-23],[13,-29],[34,-23],[38,-58],[-9,-61],[28,-29],[36,0],[98,89],[78,30],[127,21],[128,-28],[88,-2],[50,26],[86,66],[65,15],[97,4],[54,-15],[62,-36],[35,-47],[11,-94],[32,-26],[67,-9],[101,13],[35,-21],[59,-11],[149,-4],[68,-37],[10,-17],[-21,-32],[9,-63],[-12,-50],[3,-47],[17,-18],[74,-19],[30,-40],[114,-51],[56,36],[44,49],[36,8]],[[53517,21739],[-3714,-883],[-22,54],[-29,12],[-95,-99],[-33,-16],[-33,4],[-28,13],[-11,16],[4,33],[-34,93],[2,37],[28,33],[27,81],[-28,15],[-10,20],[7,10],[-74,0],[-42,14],[-21,-10],[-35,-41],[-33,2],[-78,51],[-5,86],[-13,11],[-64,16],[-23,-59],[-20,-15],[-30,-3],[-85,40],[-2,20],[9,-4],[8,21],[-30,71],[-17,-4],[-31,-41],[-69,4],[-51,13],[-11,17],[-38,23],[-31,100],[-35,38],[-12,84],[-46,26],[-74,13],[-43,20],[-20,38],[6,50],[-15,27],[-67,42],[-134,5],[-53,26],[-12,44],[57,88],[-4,17],[-22,0],[-95,-36],[-60,-7],[-16,-23],[-52,-26],[-28,-26],[-44,-14],[-129,23],[-23,34],[-61,9],[-11,10],[-6,28],[25,33],[20,10],[15,51],[0,39],[-23,22],[-17,0],[-13,-13],[-9,4],[-48,-38],[-19,-33],[3,-27],[-14,-14],[-60,-6],[-107,26],[-10,22],[-44,42],[-22,48],[44,100],[-2,49],[-125,96],[7,30],[-33,56],[6,87],[-25,34],[-19,67],[-25,43],[-67,18],[-20,59],[0,37],[-77,51],[-47,6],[-45,-9],[-27,13],[-9,27],[-18,11],[-177,-129],[-17,-48],[-59,-75],[-32,-11],[-23,-25],[-137,14],[-49,-26],[-25,-1],[-75,43],[-60,107],[-34,4],[-18,34],[-37,-86],[-36,-12],[-31,5],[-26,27],[1,21],[-25,8],[-58,55],[-2,24],[-56,15],[-41,41],[-108,48],[-22,48],[43,63],[-20,54],[-81,17],[-69,-2],[-144,42],[-42,32],[-31,11],[-49,44],[-45,8],[-58,42],[-18,30],[2,34],[-52,33],[-53,65],[-42,12],[-34,-3],[-136,68],[-94,12],[-48,-3],[-96,49],[-72,18],[-73,51],[-25,8],[-7,19],[-53,51],[-48,-7],[-23,18],[-44,8],[-79,-25],[-29,8],[-47,-48],[-30,-15],[-28,-126],[-36,-34],[-19,-39],[-109,-80],[-64,-64],[-75,-27],[-41,-31],[-26,-7],[-180,62],[-62,2],[-53,21],[-11,24],[-85,-4],[-50,9],[-144,89],[-65,-2],[-90,-46],[-58,-9],[-56,7],[-34,25],[-83,29],[-92,18],[-60,34],[-44,11],[-46,30],[-54,83],[-53,4],[-91,47],[-120,-10],[-37,9],[-33,20],[-55,73],[-34,25],[-56,23],[-34,2],[-28,-9],[-92,18],[-102,-33],[-62,14],[-20,14],[-53,82],[45,80],[-2,62],[-41,6],[-79,-26],[-35,-2],[-30,9],[-29,22],[-24,77],[-13,10],[-19,-2],[-11,18],[-52,26],[-22,41],[-21,10],[-11,-6],[-20,-73],[-24,-25],[-31,-12],[-59,20],[-38,26],[-39,4],[-35,18],[-55,-29],[-52,-3],[-35,-13],[-60,20],[-72,-10],[-51,12],[-11,-12],[-10,12],[-96,-18],[-92,11],[-84,33],[-88,9],[-20,51],[-42,25],[-81,-36],[-49,-6],[-35,23],[-34,53],[-11,26],[10,27],[-4,33],[-17,24],[-164,140],[-64,152],[-47,10],[-41,-29],[-15,-45],[-51,-19],[-47,21],[20,77],[-17,30],[-46,8],[-71,-30],[-36,5],[-11,45],[56,52],[-8,47],[-19,16],[-51,6],[-50,32],[-22,26],[-36,17],[-24,38],[-1,40],[-28,23],[-36,15],[-66,10],[-31,-7],[-42,67],[22,38],[25,15],[-44,21],[-41,69],[-19,13],[-156,20],[-29,21],[-60,7],[-14,26],[6,28],[12,6],[97,-11],[33,3],[4,13],[-14,20],[-60,2],[-28,15],[-47,73],[23,36],[-2,37],[-48,45],[-81,8],[-45,14],[-59,-8],[-22,12],[-30,-1],[-25,37],[-17,73],[-23,36],[-38,22],[-92,13],[-39,-3],[-53,-23],[-46,-71],[-28,-23],[-38,-17],[-61,13],[-67,48],[-3,40],[21,69],[-58,132],[-28,34],[-136,50],[-43,54],[-16,-13],[-17,-41],[-47,-13],[-42,-22],[-7,-13],[-60,-4],[-89,17],[-22,24],[-5,34],[-22,11],[-82,-33],[-12,-7],[-9,-27],[-19,-2],[-31,26],[1,81],[-17,49],[-34,19],[-70,-37],[-35,2],[-29,15],[-38,36],[-3,24],[19,27],[-2,54],[-88,57],[-49,3],[-71,-75],[-36,-10],[-60,13],[-28,53],[-17,7],[-115,-104],[-33,-162],[-73,-39],[-40,-7],[-35,5],[-24,20],[-23,42],[-31,19],[-65,-11],[-133,-59],[-75,-9],[-21,0],[-8,9],[0,-792],[-37,-22],[-39,-17],[-33,5],[-7,29],[35,42],[1,17],[-22,30],[-40,14],[-78,-20],[2,-62],[-24,-28],[-192,-2],[-80,11],[-104,-28],[-59,22],[-105,88],[-53,19],[-228,-90],[-66,-73],[-18,-45],[-38,-18],[-18,4],[-29,42],[-59,12],[-23,16],[-87,134],[-70,42],[-49,-1],[-86,-61],[-27,-6],[-22,18],[16,79],[-33,26],[-27,4],[-111,-22],[-68,34],[-87,14],[-34,-17],[-32,-36],[-50,33],[-55,60],[-36,19],[-18,-7],[-37,-47],[-95,-32],[-79,-56],[0,-19],[21,-13],[66,7],[11,-37],[-12,-18],[-33,-14],[-72,-14],[-112,104],[-83,12],[-78,-20],[-28,-23],[-69,-13],[-89,-67],[-49,-24],[-28,2],[-80,40],[-85,25],[-46,3],[-50,-29],[-56,4],[-56,-13],[-42,12],[-118,65],[-56,21],[-1,17],[34,17],[12,17],[-14,22],[-24,10],[-37,-13],[-23,-24],[-45,-9],[-126,17],[-67,-17],[-44,-1],[-29,15],[-50,50],[-18,58],[-43,29],[-55,-15],[-95,-86],[-28,5],[-24,24],[-83,39],[-22,-3],[-36,-22],[-106,19],[-45,-13],[-19,16],[-9,41],[-46,32],[20,28],[34,22],[-7,36],[-98,55],[-17,51],[-56,65],[5,49],[-37,63],[-4,34]],[[31611,29344],[16,-49],[96,-78],[43,-23],[76,-7],[104,-49],[148,-35],[20,24],[55,14],[73,38],[77,-58],[54,-11],[66,5],[28,-9],[0,-13],[24,-27],[-2,-43],[55,-54],[19,-40],[1,-39],[-14,-11],[4,-21],[-11,-17],[23,-6],[3,-24],[-27,-32],[18,-6],[8,-26],[11,-53],[-5,-68],[25,-6],[25,-34],[43,-25],[37,-3],[7,-24],[23,-13],[33,-46],[42,-16],[-2,-39],[29,-48],[27,-9],[28,7],[19,21],[44,22],[24,-4],[56,20],[177,-14],[70,20],[25,-1],[17,17],[46,18],[27,-9],[31,8],[106,-1],[34,12],[51,-10],[38,9],[29,19],[1873,-39],[-5,24],[15,-2],[9,18],[-4,8],[-22,1],[49,43],[-3,13],[-14,1],[9,7],[-2,27],[-29,16],[-22,40],[-27,4],[3,-8],[-10,-3],[1,8],[-15,-1],[11,17],[-10,19],[-52,3],[11,20],[-15,8],[5,12],[-12,-5],[-14,12],[1,35],[-10,1],[-13,50],[-24,33],[-17,67],[751,0],[-3,-16],[14,-3],[-5,-14],[23,-7],[-24,-13],[15,-5],[-13,-10],[5,-36],[24,-1],[-15,-16],[25,4],[-8,-19],[17,10],[2,-22],[15,-5],[0,-21],[23,3],[-2,-17],[39,-35],[-18,-8],[0,-10],[11,4],[-3,-13],[11,11],[13,-3],[-10,-12],[31,1],[-10,-11],[13,2],[27,-21],[6,-27],[22,-25],[33,-15],[44,4],[12,-11],[0,-19],[24,-8],[13,-16],[42,1],[0,-22],[-11,-2],[42,-32],[0,-10],[28,4],[12,-7],[12,8],[23,-17],[21,1],[11,-23],[14,3],[-3,-9],[20,-10],[1,-10],[11,3],[10,-26],[-13,-18],[8,2],[-1,-11],[17,-10],[44,-1],[5,12],[21,-11],[14,11],[40,-17],[3,12],[19,-12],[-1,-13],[-6,2],[-3,-2],[10,-10],[16,1],[-1,-16],[12,8],[-2,-18],[16,-10],[31,-1],[-3,-6],[6,2],[4,-2],[-9,-5],[15,-14],[25,2],[-7,-6],[7,-30],[28,-3],[52,-34],[41,1],[65,-68],[11,-33],[36,-14],[5,-26],[16,-14],[-1,-22],[66,-3],[25,-39],[17,-4],[-11,-28],[-14,21],[-1,-20],[-21,-10],[33,-32],[-7,-14],[-33,7],[20,-14],[3,-18],[-17,-12],[3,-15],[-16,-14],[23,-15],[-13,-20],[19,-36],[15,-6],[-8,-11],[15,-31],[0,-49],[40,-14],[6,-11],[-20,4],[18,-12],[15,24],[-21,41],[23,-7],[-1,-22],[10,-6],[17,1],[12,18],[7,-5],[0,-44],[23,-23],[-60,-17],[12,-41],[35,-1],[8,29],[12,1],[35,-35],[23,22],[-44,25],[4,7],[58,-10],[33,-25],[17,0],[-5,20],[-74,42],[18,5],[69,-31],[5,9],[14,0],[2,25],[-40,5],[19,29],[-5,54],[21,-14],[3,13],[11,2],[2,-15],[15,7],[-3,10],[14,-6],[3,13],[-6,-36],[15,2],[7,-9],[26,29],[12,-14],[18,-2],[26,13],[15,-30],[9,6],[14,-18],[54,2],[-4,-13],[12,-20],[-12,-11],[60,11],[13,-13],[24,0],[23,-16],[12,3],[-16,11],[28,38],[-5,12],[16,25],[10,-15],[12,2],[-8,-23],[48,39],[31,-14],[-27,-6],[21,-12],[23,-1],[23,11],[-15,7],[6,10],[31,-21],[12,21],[-17,-54],[-13,2],[-8,14],[-2,-23],[-11,-3],[13,-9],[-14,0],[2,-8],[11,-9],[53,0],[35,-19],[12,11],[18,-2],[13,-10],[-28,-5],[14,-8],[42,15],[-6,15],[41,-18],[13,3],[-2,-18],[30,-11],[1,-17],[-17,-9],[-16,9],[20,-22],[-24,-17],[-15,4],[-6,-8],[-11,12],[-6,-6],[36,-31],[22,5],[25,-13],[9,8],[-20,13],[33,-2],[-7,-8],[19,-19],[-11,-11],[25,1],[13,10],[-1,-16],[-14,-4],[-5,-24],[-10,-3],[20,-10],[-2,-8],[-24,1],[10,-10],[48,-20],[26,4],[5,-11],[26,29],[27,5],[16,-14],[18,16],[18,-7],[-1,-29],[46,-17],[-35,-18],[-8,-33],[13,0],[10,14],[30,-8],[30,12],[16,38],[-7,53],[33,-13],[17,3],[13,-47],[20,8],[2,-22],[23,-16],[8,11],[-19,15],[5,21],[32,-6],[25,-16],[25,13],[11,-27],[17,3],[-4,12],[15,18],[18,-14],[-24,-23],[31,-9],[-3,-28],[14,-9],[15,14],[-8,9],[14,-6],[-9,-44],[49,-28],[-2,13],[48,3],[17,-33],[-18,-17],[15,-6],[7,15],[9,-5],[-2,-26],[-22,1],[19,-21],[57,15],[-31,11],[39,16],[7,-16],[34,-2],[39,-25],[11,28],[13,-12],[12,5],[5,21],[-16,7],[2,8],[43,-1],[38,31],[17,1],[16,20],[-6,30],[23,-4],[4,-12],[4,19],[-21,10],[16,37],[41,-8],[6,25],[19,6],[-2,12],[36,1],[18,-18],[4,22],[13,-54],[18,-24],[-5,-17],[20,15],[-4,-26],[28,-1],[21,-16],[-1,-12],[55,-5],[24,-69],[55,-20],[5,10],[-23,1],[-7,11],[28,14],[48,-24],[-2,-17],[-15,0],[7,-8],[23,15],[56,14],[-6,-21],[22,-22],[-12,-15],[19,-7],[-2,-13],[13,3],[11,-19],[11,18],[17,-33],[32,5],[10,-15],[9,8],[18,-18],[-4,-19],[-19,5],[30,-26],[-9,-13],[37,-12],[-1,35],[8,3],[28,-29],[14,-1],[18,-31],[10,13],[9,-2],[3,-24],[-14,1],[-1,-7],[37,-6],[-25,-19],[32,-11],[-5,-19],[24,3],[-13,-26],[24,10],[19,-18],[-2,-33],[14,8],[9,-5],[-18,-21],[38,-9],[25,12],[16,-17],[-2,-12],[-22,4],[-10,-11],[11,-40],[-33,-6],[-2,-10],[21,-2],[29,-24],[37,7],[-33,-33],[20,-28],[-17,-11],[24,-9],[-19,-10],[22,2],[-6,-22],[12,8],[2,-17],[25,-7],[59,28],[12,-2],[4,-33],[28,-7],[15,-20],[2141,315],[667,690],[626,616]],[[43862,28114],[47,-65],[10,-64],[-58,-101],[-66,-50],[-5,-50],[35,-32],[234,-69],[46,-28],[61,-59],[59,-154],[32,-32],[1,-35],[-37,-42],[-124,-40],[-31,-51],[7,-57],[65,-149],[35,-29],[37,-50],[79,-51],[28,-45],[0,-19],[-19,-14],[-103,-21],[-16,-26],[8,-18],[53,-30],[75,-17],[112,43],[44,-1],[101,-33],[38,1],[74,31],[132,117],[39,20],[47,14],[74,-6],[34,-23],[15,-55],[-17,-61],[-66,-51],[-3,-22],[46,-11],[81,21],[103,-3],[96,23],[89,0],[46,23],[36,1],[54,-24],[44,-37],[40,-59],[47,-136],[137,-118],[21,-56],[-10,-45],[-50,-30],[-126,-18],[-36,-30],[-8,-21],[25,-77],[7,-89],[31,-62],[47,-51],[111,-69],[29,-39],[-13,-45],[-29,-31],[-135,-26],[-30,-27],[0,-61],[44,-45],[111,-37],[132,-113],[59,-25],[112,5],[96,42],[87,10],[155,-18],[158,-101],[46,-48],[60,-30],[89,-27],[56,-3],[54,22],[67,2],[225,-46],[39,2],[48,21],[84,-1],[138,-17],[122,-40],[70,-50],[28,-51],[78,-46],[80,-65],[30,-82],[0,-104],[21,-88],[-17,-97],[-34,-43],[-67,-24],[-44,9],[-72,47],[-29,0],[-14,-14],[27,-50],[76,-42],[46,-3],[94,23],[48,1],[75,-30],[23,-23],[-3,-49],[-19,-44],[-96,-60],[-68,-22],[-121,13],[-21,-19],[5,-27],[65,-78],[120,-74],[108,-87],[29,-35],[-1,-86],[-30,-60],[-36,-26],[-79,-22],[-25,-22],[-1,-31],[30,-31],[23,-2],[28,11],[36,38],[111,77],[22,1],[91,-31],[65,-35],[36,-35],[3,-41],[-13,-44],[-26,-31],[-81,-43],[14,-23],[98,-31],[58,-5],[68,-20],[137,-75],[233,-45],[80,-36],[46,13],[10,41],[-16,29],[-56,52],[0,39],[28,36],[78,1],[33,-18],[51,-66],[-12,-133],[28,-39],[48,-21],[91,-2],[61,42],[77,132],[5,110],[15,60],[41,36],[56,-4],[45,-21],[81,-73],[28,-56],[1,-48],[-22,-35],[-140,-94],[-11,-40],[17,-19],[25,0],[92,41],[90,66],[94,36],[210,17],[103,28],[83,-15],[88,-39],[49,-37],[41,-62],[74,-72],[49,-12],[151,50],[54,-7],[14,-11],[20,-46],[-1,-28],[-35,-39],[-123,-82],[-12,-36],[-3,-97],[21,-19],[70,-27],[140,-99],[101,-50],[64,-18],[53,21],[22,47],[8,76],[27,24],[44,3],[55,-12],[38,-34],[26,-64],[17,-178],[63,-37],[71,-9],[70,20],[66,107],[37,35],[56,25],[39,7],[84,-4],[34,-11],[41,-36],[161,-218],[22,-9],[56,3],[124,51],[50,-16],[31,-45],[-6,-77],[15,-53],[23,-24],[75,-44],[53,-94],[56,-34],[73,-27],[363,-58],[268,-72],[152,-11],[138,-68],[137,-93]],[[32754,31493],[8,-16],[-18,-43],[15,-29],[-7,-40],[26,8],[85,-1],[15,11],[20,-11],[41,-59],[77,-1],[-6,-64],[60,-24],[14,-28],[-9,-77],[7,-26],[46,-16],[36,12],[20,-19],[115,-20],[28,-34],[30,-96],[19,-12],[39,16],[54,0],[49,19],[37,0],[48,-10],[44,-32],[34,-7],[19,8],[11,-26],[24,22],[42,10],[40,-38],[33,-2],[28,21],[30,0],[24,-11],[2,-13],[-57,-20],[-32,-34],[-16,-4],[5,-42],[-35,-49],[15,-20],[-3,-17],[-45,-29],[-19,-48],[-63,-72],[-32,-17],[-7,-19],[-32,-22],[-53,-9],[-2,-52],[-38,-51],[44,-40],[47,-15],[67,-39],[-4,-67],[20,-56],[-46,-10],[-13,-12],[-13,-39],[8,-72],[-26,-20],[66,-34],[35,4],[8,-35],[51,2],[-31,-51],[44,-21],[-6,-19],[41,-26],[-10,-15],[10,-17],[23,6],[20,-31],[26,-15],[8,-20],[-72,-16],[-22,5],[-7,18],[-32,7],[-23,18],[-38,-15],[-13,5],[4,20],[-77,-7],[-24,30],[-23,-7],[-15,11],[-49,8],[-33,-12],[-77,5],[-48,24],[-17,35],[-19,8],[-17,-6],[-58,42],[-23,-4],[-25,28],[-58,-10],[-24,23],[-15,-13],[-68,7],[-3,-20],[-27,-22],[-42,-3],[-11,-23],[-18,19],[-16,-6],[-12,8],[-16,-4],[-26,-27],[-17,4],[-19,-8],[-8,-25],[-23,11],[-22,-20],[-39,10],[-14,-26],[-47,13],[-10,-10],[11,-18],[-73,5],[-5,-28],[-23,-1],[-4,-16],[-14,-2],[5,-28],[-25,-1],[3,-28],[-12,-16],[-28,7],[-41,-45],[-101,-19],[5,-35],[-28,8],[-23,-14],[-47,-6],[-82,6],[-105,-8],[-11,9],[-33,-10],[-14,8],[-213,-9]],[[47147,70967],[-96,-51],[-42,10],[-29,24],[-21,-4],[10,-86],[16,-16],[54,-20],[14,-35],[-19,-18],[-55,-13],[-24,-37],[-2,-22],[-51,-33],[-18,20],[-41,10],[-4,-28],[-22,0],[-25,-15],[0,-56],[19,-72]],[[46811,70525],[-22,11],[-87,1],[-126,-13],[-18,-21],[-6,-45],[16,-45],[-5,-41],[-21,-28],[1,-10],[19,-1],[-7,-5],[19,-11],[-8,-19],[-19,-17],[-36,-7],[-9,-35],[-47,-57],[-20,-52],[-46,-34],[-7,-49],[-35,-19],[-29,-37],[-58,-14],[-18,-35],[-50,-48],[-23,-66],[-18,-14],[-102,13],[-14,13],[-64,-4],[-80,66],[-14,2],[-56,-49],[-58,-18],[-32,-22],[-89,2],[-71,-26],[-44,-66],[-29,-24],[-23,-10],[-55,-4],[-26,-13],[-18,4],[-35,-47],[-72,35],[-33,0],[-46,20],[-76,6],[-7,59],[-45,0],[-15,33],[-15,7],[-17,-3],[-9,-50],[-27,-32],[-38,-22],[-60,-16],[-54,-47],[-29,-2],[-24,19],[5,38],[-16,19],[-133,-18],[-19,3],[0,10],[-26,16],[-29,-16],[-36,0]],[[41882,74898],[-30,8],[-10,-17],[-15,-1],[-39,33],[-90,37],[-16,60],[-31,13],[43,53],[53,-25],[10,11],[9,65],[-32,3],[-44,19],[2,13],[13,4],[3,12],[31,4],[79,-19],[-18,18],[-33,1],[3,10],[28,2],[11,30],[-30,-14],[-10,17],[-40,17],[-20,-11],[-52,28],[4,9],[-24,16],[-21,-3],[-20,17],[-10,-9],[-60,5],[-26,-9],[-8,6],[-32,-37],[-49,-23],[10,-13],[-78,-39],[-14,6],[-16,-13],[-15,4],[-15,-22],[-32,-12],[-25,23],[-16,-1],[-38,-23],[-17,12],[-37,-48],[-26,1],[-8,15],[-61,1],[-3,-58],[-26,-22],[-53,-12],[-22,14],[-54,-84],[-22,3],[5,8],[-25,8],[-52,-1],[-1,14],[-15,0],[-27,28],[23,16],[-18,-4],[8,14],[17,-9],[26,6],[-22,53],[16,30],[-22,20],[29,21],[-18,17],[10,15],[-12,4],[4,40],[-24,26],[23,80],[-34,10],[26,68],[-7,18],[-23,-4],[22,46],[-7,31],[-32,18],[7,13],[-45,55],[3,26],[-21,17],[9,24],[-19,28]],[[41590,76419],[29,-6],[17,-128],[9,-13],[25,-5],[-3,-42],[18,-41],[117,-48],[6,-25],[-8,-20],[8,-3],[-17,-30],[19,-58],[16,-12],[43,-2],[14,-43],[74,-12],[14,17],[33,11],[19,34],[20,10],[-12,25],[27,40],[18,7],[-2,14],[43,57],[18,10],[31,115],[21,-2],[6,-12],[49,10],[-2,-19],[-10,-4],[36,-21],[9,20],[23,-8],[5,11],[-12,7],[10,6],[-2,14],[22,-10],[4,11],[7,-4],[16,52],[-32,12],[-10,-10],[-12,8],[13,8],[0,14],[28,-11],[14,13],[8,34],[47,43],[20,34]],[[41702,76613],[-3,-18],[-8,5],[0,-10],[-21,-12],[-23,-69],[-16,2],[-3,-35],[-32,-36],[10,-8],[-16,-13]],[[41590,76419],[-14,3],[-28,-37],[-65,-7],[-41,-74],[-5,-33],[-25,2],[-11,-25],[-30,0],[-9,-20],[-23,-1],[4,26],[-72,0],[-58,-13],[-5,-15],[-76,-36],[-132,-207],[-81,-59],[-22,21],[12,10],[-20,13],[-51,-5],[-131,-95],[-118,-53],[1,-46],[57,-59]],[[40647,75709],[-24,-15],[-51,23],[-95,2],[-24,-8],[-12,8],[-35,0],[37,-10],[-15,-7],[11,-9],[-5,-10],[46,19],[-176,-73],[-92,-77],[18,-26],[17,10],[22,-2],[23,-29],[-6,-44],[27,-13],[-6,-13],[30,-45],[-5,-22],[-25,5],[-11,-29],[-88,-2],[-64,-15],[-32,12],[1,12],[22,0],[8,10],[-21,2],[0,20],[-40,24],[-12,-6],[-27,8],[7,11],[-18,31],[-15,-9],[-34,0],[-6,-20],[-22,-20],[3,-25],[-24,-17],[24,-6],[-22,0],[11,-33],[-41,-1],[-3,-14],[-22,-1],[-7,-14],[-77,20],[-14,-16],[-76,26],[-4,49],[-13,1],[-13,-23],[-21,12],[-24,0],[6,49],[-7,1],[-16,-80],[-44,4],[10,23],[-64,9],[6,14],[-36,32],[10,43],[-30,3],[-3,-45],[-41,21],[-6,-16],[-14,-5],[-34,9],[10,15],[0,42],[-58,-3],[18,-45],[-33,-30],[-55,-21],[-60,-55],[1,-13],[-76,-7],[9,-32],[-31,-19],[8,-12],[-18,-5],[-15,-31],[-90,29],[2,-13],[-12,1],[-18,51],[-27,-8],[8,-14],[-8,-3],[0,-46],[-13,7],[4,16],[-14,16],[-14,-2],[-1,-9],[-33,4],[-32,-26],[-29,-9],[-17,17],[-27,-5],[-33,29],[-22,0],[-6,-18],[-68,1],[-34,33],[26,29],[23,3],[14,15],[-32,22],[-26,-9],[-31,26],[-45,19],[2,44],[-83,-1],[-11,-14],[-16,10],[-38,-13],[-40,24],[-79,-40],[-25,-1],[-28,12],[-14,-4],[-5,20],[-22,1],[-7,23],[-13,0]],[[37573,75695],[44,46],[-2,36],[33,44],[-5,46],[34,56],[1,12],[-14,10],[13,36],[-5,26],[22,39],[-15,33],[-22,15],[48,74],[1,26],[-21,15],[4,27],[49,56],[4,24],[-13,52],[25,16],[209,67],[126,71],[71,57],[35,52],[6,47],[-29,48],[-49,16],[15,49],[15,19],[58,35],[51,62],[23,8],[24,35],[-4,15],[72,19],[2,7],[197,36],[188,51],[220,96],[101,63],[56,51],[36,75],[-12,39],[-22,29],[-8,5],[-6,-9],[18,-13],[-27,15],[9,-19],[-25,21],[10,-22],[-14,-3],[30,-10],[-26,1],[26,-22],[-17,3],[6,-11],[-20,12],[34,-39],[-22,3],[19,-26],[-17,17],[-17,3],[-9,28],[14,77],[111,98],[1,13],[20,18],[65,21],[107,13],[34,-18],[24,-54],[140,-50],[122,-16],[174,21],[-4,-15],[-21,-2],[20,-4],[10,-16],[15,7],[7,25],[21,2],[0,-18],[6,14],[33,9],[-17,3],[51,11],[34,-5],[3,-24],[33,-13],[20,9],[19,30],[-16,5],[14,5],[114,9],[39,-20],[19,-67],[-3,-43],[-10,3],[-1,27],[-31,-29],[-35,26],[-27,1],[2,14],[-49,7],[-19,-10],[-50,-2],[-21,-10],[0,-14],[-11,3],[-38,-25],[14,-15],[-29,-1],[-1,-5],[40,-6],[-48,-24],[33,-10],[-8,-12],[33,12],[8,-8],[-11,-5],[10,-9],[8,7],[13,-9],[16,7],[3,28],[12,2],[23,-17],[29,1],[32,11],[21,22],[-2,-15],[22,-26],[12,9],[20,-8],[18,4],[-1,-17],[25,6],[48,-9],[14,14],[31,6],[9,24],[-21,5],[-3,10],[25,12],[1,-19],[23,-6],[57,17],[30,15],[27,35],[39,18],[29,30],[45,-14],[49,13],[23,-4],[39,-41],[51,-3],[29,9],[68,-4],[5,-10]],[[41105,67107],[-34,-13],[-23,-58],[-15,-9],[-34,10],[-63,-24],[-100,2],[-80,55],[-61,61],[-33,17],[-15,29],[-28,15],[-53,6],[-4,-19],[-18,-14],[-44,-28],[-26,-5],[-2,-21],[31,-53],[-7,-19],[8,-48],[-49,-59],[-39,-10],[4,-94],[-21,-19],[24,-27],[3,-29],[25,-9],[13,-26],[-14,-24],[-15,-9],[-40,0],[-70,-62],[40,-42],[42,-23],[-52,-56],[9,-36],[-41,-49],[-1,-91],[-22,-30],[-23,-7],[-46,-40],[-69,5],[-25,-15],[-43,-3],[-26,-12],[11,-28],[-27,-27],[0,-33],[43,-21],[24,-41],[-34,-29],[-47,-15],[-17,-32],[-24,-70],[1,-64],[12,-41],[-56,-77],[-25,-20],[1,-40],[-1420,99]],[[43461,70190],[93,-20],[75,25],[25,-9],[6,6],[71,-32],[67,-15],[9,-13],[66,51],[17,-7],[-7,-17],[17,-25],[61,25],[9,-8],[18,6],[1,-49],[40,-4],[-1,-43],[17,-34],[15,-13],[22,21],[21,-7],[-3,-14],[13,-5],[-2,-9],[19,-1],[15,-16],[61,36],[11,-9],[19,3],[-4,18],[-12,5],[4,75],[90,-28],[69,13],[21,-45],[-7,-31],[39,-35],[46,9],[13,-23],[-11,-76],[27,-96],[9,-109]],[[44520,69690],[-32,-15],[-39,-1],[-43,-31],[-18,-1],[-37,19],[5,9],[-13,7],[-6,32],[-49,-4],[-43,8],[-18,18],[-22,1],[-17,35],[-19,9],[0,-11],[-47,-19],[-20,-29],[-2,-26],[-113,-62],[-3,-26],[28,-24],[42,-9],[10,-14],[-2,-19],[-35,-22],[-19,-81],[-51,-37],[-30,5],[-74,-15],[-9,-39],[-41,-2],[-31,-62],[-56,-39],[-19,-36],[11,-18],[-22,-25],[-68,-14],[-11,-25],[-39,-20],[-2,-15],[-40,-15],[-19,21],[-24,-2],[-37,-26],[-14,17],[-49,0],[-4,9],[-9,-21],[5,-32],[51,-9],[9,-13],[-4,-45],[-44,-36],[4,-66],[-15,-32],[-34,-26],[-14,-39],[6,-60],[-22,-36],[-68,-39],[-56,1],[-77,-28],[-108,-4],[-82,-29],[-21,-24],[14,-65],[-73,-16],[-14,-81],[-29,-30],[-37,-8],[-32,6],[-94,58],[-82,26]],[[42553,68448],[-42,69],[-6,38],[31,-12],[74,9],[6,11],[-7,29],[35,45],[-6,32],[-22,12],[17,6],[-10,93],[16,25],[18,1],[19,17],[-4,19],[11,7],[-18,5],[-20,33],[-2,26],[-25,-2],[5,-21],[-48,6],[-42,-43],[-75,50],[-3,22],[-46,23],[-12,-20],[-17,-3],[5,-16],[-13,-22],[-29,-14],[-30,7],[-11,-12],[-21,1],[-30,23],[-68,-12],[6,-13],[-11,-11],[0,-34],[-43,5],[-45,19],[-32,-2],[8,-15],[-58,-30],[-175,-26],[13,33],[-18,27],[14,32],[-10,30],[30,-1],[27,17],[4,17],[-20,19],[26,21],[23,50],[9,7],[23,-17],[32,13],[61,-21],[131,60],[14,-10],[-2,14],[16,13],[-22,19],[-11,-9],[10,-18],[-49,2],[-25,9],[-6,19],[-17,-20],[19,-7],[-19,-8],[0,-24],[-20,0],[12,24],[-17,-14],[-11,19],[-6,-7],[13,-23],[-13,-7],[-7,12],[-8,-19],[-45,7],[-31,-11],[-2,16],[-17,4],[-11,-1],[-4,-12],[-29,6],[0,-18],[20,1],[-10,-2],[7,-12],[-11,0],[-2,-17],[-15,1],[9,-14],[-28,-2],[7,-11],[-10,-11],[26,-19],[-3,-10],[-37,-12],[18,18],[-18,1],[-45,-48],[-14,1],[-9,-23],[-53,-12],[2,-19],[-9,-4],[-17,-3],[-6,12],[-7,-19],[8,-9],[-14,-6],[21,-2],[-7,-6],[18,-5],[6,5],[-5,-14],[-13,-2],[17,-9],[-23,-3],[-6,-25],[18,-4],[-8,-9],[16,-13],[10,5],[0,-23],[-32,8],[1,-30],[-10,-2],[11,-16],[-24,-15],[17,-22],[-11,-2],[2,-12],[-13,4],[-11,-8],[16,-22],[-5,-23],[-33,0],[2,-16],[-18,-12],[9,-14],[-11,1],[5,-10],[-12,-5],[35,-19],[-20,-13],[2,-15],[8,0],[-13,-13],[4,-19],[33,-25],[11,11],[23,-30],[-11,-16],[7,-15],[-14,-10],[-1,-24],[-11,-8],[21,-16],[2,-23],[30,-12],[5,-39],[-50,-38],[-44,-18],[1,-14],[-9,3],[-22,-14],[7,-45],[-25,-24],[18,-17],[-9,-13],[-35,-6],[-7,-13],[-14,11],[-19,-9],[-17,12],[-32,1],[-12,-12],[-55,-2],[-11,8],[-34,-20],[-20,5],[6,11],[-26,8],[-69,5],[-12,-6],[-13,-28],[-35,-33],[7,-22],[-16,-2],[-17,-26],[-2,-20],[27,-16],[4,-12],[-14,-54],[-50,-95],[-3,-31],[-72,-29],[-32,-51],[-31,-11],[-2,-36],[18,-29],[-16,-44],[2,-44],[12,-15],[15,-2],[2,-12],[-34,-64],[-25,-9],[-2,-27],[11,-31],[30,-29],[7,-28],[48,-31],[47,-14],[-10,-41],[22,-30]],[[40236,70344],[-18,24],[-25,-50],[-33,7],[-25,-23],[-11,3],[-28,-44],[-32,4],[-19,-28],[-47,-16],[-10,-18],[1,-12],[13,-5],[-13,-26],[3,-21],[-23,-47],[39,-7],[3,-16],[-16,-33],[13,-34],[-22,-32],[-44,-2],[0,-76],[-29,-17],[-6,-14],[-63,10],[-11,-20],[-30,-20],[-7,-33],[-47,-7],[-56,-53],[-27,34],[-5,41],[-54,7],[-22,-60],[-42,-53],[9,-15],[-19,-26],[-53,-9],[-19,-14],[-9,-27],[-74,-43],[-27,2],[-21,-14],[-67,23],[-54,36],[-44,-11],[-19,-41],[-8,-80],[-22,-32],[-17,-73],[-83,-115],[2,-143],[-9,-32],[-35,-36],[-19,-3],[-33,-26],[-36,-42],[-42,-13],[-25,-20],[-3,-53],[43,-82],[7,-33],[1,-100],[-15,-68],[20,-40],[124,-36],[26,-28],[59,-13],[17,-23],[-20,-90],[19,-100],[39,-19],[24,-46],[-3,-40],[14,-58],[-13,-46],[19,-55],[25,-29],[-12,-144],[7,-28],[-3,-39],[-31,-39],[4,-22],[-98,-58],[-12,-42],[-1,-66],[12,-40],[67,-31],[23,-162],[21,-9],[12,-42],[74,-28],[-41,-24],[6,-35],[-13,-19],[1,-35],[-34,-48],[10,-46],[-21,-39],[30,-39],[1,-50],[-29,-20],[2,-13],[-66,-21],[-8,-30],[-37,-16],[-40,-33],[-10,-55],[-36,-39],[-25,-8],[-6,-77],[-37,-41],[-72,-46],[-64,-17],[-25,-21],[-64,-2],[-12,-12],[-19,-95],[2,-66],[-24,-30],[1,-38],[-47,-77],[-24,-17],[17,-41],[-12,-13],[-25,-2],[-11,-20],[20,-55],[-19,-16],[-6,-40],[-17,-17],[-16,-51],[-1,-40],[19,-21],[-3,-34]],[[38510,65785],[-2209,154]],[[36301,65939],[-48,19],[-102,100],[-67,13],[-23,20],[-19,43],[-33,37],[7,48],[-30,48],[-46,35],[-22,5],[-10,75],[-18,10],[-24,46],[-72,24],[25,28],[-10,17],[6,53],[-59,45],[-8,44],[-55,7],[-26,20],[-13,60],[-27,32],[-29,7],[-27,-7],[-40,24],[15,41],[-63,30],[-51,142],[-37,40],[4,24],[38,64],[0,23],[-24,22],[4,19],[9,13],[42,18],[20,64],[58,58],[0,22],[-23,49],[35,54],[17,118],[16,35],[-25,84],[9,55],[-23,19],[3,74],[-32,52],[-9,47],[2,11],[59,41],[30,7],[21,105],[-21,152],[30,54],[-13,56],[50,91],[58,56],[-5,22],[15,28],[-10,37],[17,59],[98,30],[0,44],[68,98],[37,23],[49,-6],[32,33],[-12,33],[18,19],[4,23],[-25,135],[39,10],[11,12],[-9,158],[19,104],[17,37],[-8,18],[-101,54],[35,45],[-16,28],[-27,17],[12,18],[-15,28],[10,27],[-11,51],[31,5],[8,10],[-7,21],[9,36],[-10,16]],[[36003,69805],[3,8],[38,2],[9,-14],[22,-8],[37,17],[-2,43],[19,37],[-14,67],[40,4],[5,9],[63,20],[92,15],[27,18],[19,198],[26,37],[74,-38],[21,1],[33,50],[95,-42],[28,21],[-9,24],[-116,93],[-25,64],[0,62],[17,58],[22,25],[30,11],[24,54],[42,53],[-5,42],[42,30],[-5,19],[30,45],[1,63],[70,39],[2,22],[33,44],[36,7],[1,53],[23,28],[-26,50],[1,20],[59,22],[45,75],[15,4],[58,65],[39,27],[21,34],[47,31],[65,25],[62,51],[38,1],[76,63],[42,4],[12,13],[46,12],[77,5],[38,23],[71,8],[23,19],[-2,21],[-54,41],[-56,93],[-19,8],[-24,-7],[-14,18],[-44,18],[-9,11],[3,30],[-40,36],[12,62],[23,41],[6,55],[20,31],[6,145],[-9,116],[-35,25],[-5,21],[-22,8],[-61,54],[-6,26],[-33,17],[-21,34],[3,26],[86,10],[10,19],[-2,46],[-145,-7],[-43,11],[-101,58],[25,15],[10,19],[28,5],[8,10],[5,56],[23,43],[-42,36],[-51,4],[-28,29],[-8,22],[25,71],[-111,31],[7,26],[-49,3],[-49,21],[-14,-4],[-6,-17],[-34,17],[-59,9],[-10,14],[-85,-20],[-79,-61],[-47,-15],[-13,64],[-24,25],[8,70],[-11,42],[-30,44],[-1,58],[-38,49],[-13,43],[-30,31],[-2,35],[-215,144],[-64,0],[-37,10],[-34,40],[3,17],[25,27],[47,34],[55,58],[74,27],[56,60],[-220,452]],[[36079,74349],[-19,83],[45,23],[116,37],[185,47],[180,68],[74,59],[36,60],[15,65],[-17,29],[135,60],[112,74],[8,16],[141,80],[8,16],[-3,50],[-8,3],[9,14],[-11,8],[26,42],[-4,19],[10,19],[-16,45],[21,14],[29,45],[4,33],[25,35],[128,80],[17,37],[116,62],[4,20],[83,53],[3,16],[42,34]],[[37573,75695],[10,-20],[46,-13],[16,17],[13,-7],[17,11],[16,-11],[-7,-21],[13,1],[2,16],[23,11],[17,-31],[-1,-20],[17,12],[11,-2],[-1,-29],[13,-4],[-1,-20],[11,-4],[7,11],[7,-20],[14,-3],[-7,-12],[9,1],[-3,-9],[17,1],[7,-21],[60,2],[2,-17],[12,-1],[31,21],[3,18],[37,-29],[26,15],[16,-26],[30,-2],[7,-20],[9,-1],[-15,-17],[9,-11],[26,14],[1,-17],[7,4],[43,-21],[4,7],[5,-10],[-18,-6],[1,-9]],[[38135,75423],[-4,-21],[27,-19],[3,-21],[10,4],[17,-16],[9,3],[-3,-11],[14,-13],[15,3],[-1,-12],[16,5],[25,-15],[-6,-6],[11,-22],[27,6],[7,-13],[33,-2],[13,-12],[4,-40],[-19,0],[-7,-51],[49,5],[3,46],[37,13],[5,-8],[-33,-60],[53,-3],[-9,-49],[-23,-33],[-32,9],[-8,-18],[-20,5],[-18,-21],[29,-5],[-35,-36],[-36,4],[-40,-29],[10,-33],[-2,-15],[-13,-2],[0,-31],[20,-4],[-1,-13],[15,-10],[-18,-15],[40,-13],[90,13],[-5,-47],[-67,-9],[-2,-10],[18,-14],[-42,-57],[54,-13],[13,-14],[13,27],[23,-8],[-3,35],[34,17],[45,-34],[33,2],[17,-11],[5,11],[-10,12],[18,17],[28,-14],[60,30],[30,-15],[9,6],[33,-8],[9,-14],[-10,-8],[8,-24],[72,-24],[-23,-27],[19,-6],[15,-53],[11,-1],[-21,-11],[32,-30],[-11,-31],[57,-13],[1,-10],[16,-6],[38,2],[20,-9],[-12,-18],[6,-22],[43,-15],[29,33],[10,-2],[-24,-28],[39,-22],[33,15],[48,1],[9,-12],[18,6],[20,-6],[112,14],[-20,-33],[-27,2],[-6,-11],[20,-24],[29,14],[-8,18],[8,-2],[5,11],[39,-22],[-9,-19],[25,-3],[18,49],[88,-41],[26,-33],[64,17],[8,-11],[-13,-9],[19,-27],[45,9],[43,-50],[59,0],[28,-11],[16,85],[59,-60],[118,-57],[0,-11],[-26,-3],[-16,-33],[13,-57],[19,-27],[53,-31],[18,1],[5,15],[-22,23],[-2,15],[10,22],[12,2],[-19,-25],[12,-26],[21,-16],[37,45],[75,-77],[22,21],[23,-16],[40,5],[0,-8],[31,-14],[22,-33],[9,3],[25,-51],[49,0],[4,-15],[-21,-30],[-14,6],[-17,-32],[-22,-2],[8,-10],[16,3],[3,-25],[25,9],[5,12],[20,1],[15,-47],[-32,-52],[-39,-7],[-18,-26],[30,-29],[-3,-27],[-20,-13],[5,-28],[41,31],[12,-36],[32,12],[10,-4],[1,-16],[44,-33],[13,-32],[-46,-40],[73,-36],[31,-28],[48,-5],[-8,-35],[-28,-19],[31,-37],[-15,-61],[9,-16],[-13,-14]],[[40482,73284],[1,0],[0,-1],[-1,1]],[[40482,73284],[-10,-1],[4,-12],[-46,-66],[-15,-42],[13,-46],[26,-19],[15,-30],[26,-1],[25,13],[12,-8],[3,-15],[-9,-7],[23,2],[35,-13],[-26,-37],[3,-44],[74,-21],[12,-29],[53,-10],[11,-22],[88,6],[2,-11],[25,-7],[38,3],[3,-12],[7,7],[7,-18],[-17,-29],[7,-14],[21,16],[9,-25],[-36,-11],[7,-10],[-16,-19],[2,-20],[10,-5],[24,13],[31,-24],[-5,-10],[28,-5],[17,4],[-5,13],[11,15],[22,-10],[-7,-17],[56,-8],[25,-21],[3,-25],[-44,-14],[3,-20],[-15,-3],[-7,-55],[-43,-21],[35,-27],[-13,-23],[24,-29],[-1,-13],[14,7],[3,-19],[12,-1],[-2,-25],[42,-3],[-2,-15],[-17,-2],[0,-26],[-29,-35],[-38,2],[5,-22],[-18,-17],[3,-6],[12,7],[12,-20],[34,33],[26,2]],[[43461,70190],[-21,-17],[-1,-53],[9,-16],[28,14],[14,-3],[-36,-44],[26,-47],[1,-43],[-36,-38],[-16,4],[-23,34],[-31,-2],[-2,-15],[31,-3],[9,-14],[-17,-13],[-38,10],[-17,-8],[3,-14],[22,-16],[-9,-19],[-54,8],[-61,-13],[-13,-55],[54,0],[28,-16],[-8,-14],[-45,7],[-23,-17],[2,-20],[36,-14],[19,-19],[0,-37],[-35,26],[-60,-19],[-41,10],[-31,-26],[-46,16],[-23,-1],[8,-31],[-51,-37],[7,-13],[43,-12],[-20,-35],[9,-26],[-36,8],[-14,-11],[24,-32],[-18,-43],[32,-36],[-10,-9],[-69,-14],[-35,11],[-37,42],[-25,-6],[-4,-16],[-28,19],[-63,-12],[-19,43],[6,23],[-11,10],[-54,18],[-14,-12],[-39,32],[-39,-1],[-12,-8],[-38,9],[-6,35],[-25,18],[-10,27],[-25,7],[5,20],[-38,3],[-5,16],[-31,-8],[-7,8],[7,23],[-13,13],[5,12],[-11,18],[-14,8],[-39,0],[-8,30],[-28,29],[-69,12],[-51,24],[-67,0],[-29,31],[-21,2],[-6,14],[-41,-5],[-53,13],[-5,-12],[-11,9],[-144,-20],[-36,65],[-107,-31],[-30,4],[-22,-43],[21,-9],[9,-18],[-30,-62],[-44,-1],[-31,-12],[-10,-35],[39,-11],[-25,-49],[-72,19],[-7,-32],[-69,-4],[-6,36],[-29,3],[-14,-13],[-54,12],[-15,8],[7,12],[-38,12],[-9,-16],[-18,8],[-40,-53],[20,-21],[-28,10],[-12,-25],[-20,-7],[-5,25],[-20,9],[-3,14],[-43,11],[2,30],[-11,16],[12,15],[-62,19],[-11,-14],[6,-33],[-49,-1],[17,-13],[-14,-10],[-80,11],[-25,13],[-33,-13],[-69,39],[-50,-57],[-31,-15],[4,-37],[-40,-2],[-3,-18],[-52,9],[3,37],[-16,57],[20,8],[-21,71],[29,82],[7,53],[20,-1],[-8,51],[31,52],[-5,40],[-40,18],[-48,44],[-50,-34],[-1,-11],[-14,6],[-27,-11],[1,-11],[-66,-2],[-1,-9],[-21,-9],[0,-14],[-55,-9],[-1,20],[12,12],[-20,45],[2,26],[-15,18],[1,27],[-37,17],[12,42],[-39,8],[28,74],[-24,11]],[[40236,70344],[35,53],[11,42],[22,-8],[30,85],[78,76],[-1,17],[30,46],[21,24],[29,-23],[73,85],[-19,12],[11,75],[-19,-5],[-3,7],[0,25],[15,28],[-21,4],[-9,13],[-13,-6],[-29,11],[-38,75],[5,21],[34,35],[-4,36],[-10,8],[50,-9],[4,-50],[36,-14],[47,52],[46,-40],[24,12],[6,23],[38,6],[136,-13],[8,66],[11,0],[-10,6],[-1,23],[25,35],[37,-21],[7,-41],[92,-14],[-22,27],[11,57],[26,-5],[15,7],[-19,30],[47,-12],[34,7],[4,-20],[20,2],[-10,21],[26,4],[-5,8],[24,20],[-20,18],[4,16],[-49,5],[18,12],[-3,22],[-33,-10],[2,21],[-27,3],[5,17],[25,14],[8,17],[77,5],[-5,20],[28,3],[-14,24],[-22,3],[-7,41],[-36,4],[36,51],[42,6],[5,30],[19,24],[53,6],[-9,9],[20,34],[-27,31],[-1,35],[-67,-13],[-20,-18],[-17,27],[5,14],[9,-1],[-4,55],[-35,-2],[-2,-24],[-49,12],[-25,-3],[-8,24],[16,27],[3,31],[-24,-7],[-30,20],[5,9],[30,5],[0,37],[22,7],[6,22],[16,4],[11,16],[-13,14],[-38,8],[-1,10],[26,3],[4,-13],[8,2],[47,30],[-32,13],[-7,16],[19,64],[-9,6],[27,10],[-1,25],[-21,7],[-4,17],[11,0],[26,26],[1,42],[-78,14],[6,52],[-9,11]],[[41064,72307],[32,39],[15,-7],[-8,8],[15,17],[-10,10],[10,34],[-23,9],[14,5],[-11,13],[10,-6],[12,16],[18,3],[28,-7],[6,-11],[21,1],[9,19],[47,8],[7,115],[57,6],[3,15],[-22,1],[8,17],[-15,1],[-3,13],[27,92],[38,-13],[19,32],[-12,10],[3,15],[10,36],[15,-1],[-3,17],[15,3],[-10,21],[16,32],[1,63],[23,36],[30,-3],[11,-21],[16,3],[-3,-16],[51,5],[-3,76],[43,9],[105,-8],[33,-21],[-16,-36],[15,-9],[-16,-2],[-6,-26],[24,-1],[9,10],[20,-13],[-8,-9],[21,-9],[-1,-32],[32,-11],[6,-12],[16,14],[26,-23],[74,-19],[-13,-15],[19,-20],[2,-29],[30,-28],[27,23],[9,-2],[9,-32],[44,7],[8,-45],[10,9],[39,-2],[113,46],[-29,50],[-53,11],[-21,-35],[-29,19],[-24,-4],[-15,20],[11,65],[52,14],[25,-8],[71,0],[20,16],[19,-7],[16,9],[-3,9],[27,8]],[[44407,71641],[-10,-25],[-97,-10],[-7,-21],[-26,5],[-48,-18],[-4,-35],[-18,-30],[-26,-8],[-12,-20],[-19,-5],[-50,-57],[-44,-9],[22,-32],[-18,-51],[43,2],[-19,-26],[-3,-33],[-9,-4],[-16,15],[-28,1],[-24,-28],[-38,-19],[76,-36],[0,-33],[-35,-41],[-27,-3],[-7,-37],[-15,-16],[-31,31],[4,-29],[-70,-8],[-10,-21],[27,-6],[20,-25],[-9,-3],[-24,18],[-18,-3],[-7,-16],[12,-28],[-40,16],[-30,-15],[-23,3],[-11,-26],[-24,-5],[-4,-12],[26,-1],[17,-15],[2,-19],[-13,-16],[-29,-1],[-7,38],[-29,6],[22,-23],[-31,-10],[-2,-9],[20,-19],[-29,-10],[-5,-11],[28,-5],[3,-39],[-47,14],[-20,-14],[36,-33],[-39,-39],[31,-27],[0,-14],[-16,-8],[-47,28],[-45,-26],[7,-11],[30,6],[10,-9],[-6,-15],[-34,-12],[-15,-16],[33,-2],[-18,-25],[5,-46],[-21,4],[-25,40],[-29,2],[-10,-10],[32,-19],[3,-26],[-15,-3],[-51,17],[-26,-18],[19,-26],[-11,-35],[22,-31],[-22,-7],[-40,14],[-16,-21],[57,-25],[38,-4],[-43,-14],[8,-16],[29,-16],[-36,-8],[-2,-12],[39,-12],[9,-11],[-28,-19],[-24,-42],[25,-25],[-5,-26],[28,-5],[8,-11]],[[43506,72728],[-11,-3],[4,-9],[-11,-9],[-44,-6],[-9,-12],[-23,22],[-7,-4],[-14,10],[-11,-12],[-36,-3],[-15,-10],[-48,6],[-17,-12],[1,11],[-41,15],[-17,-1],[-11,-12],[-49,-3],[-7,-12],[-27,10],[-15,-5],[-8,13],[-15,-13],[-10,7],[-2,-9],[-31,-6],[5,9],[-14,0],[-9,15],[-14,-3],[0,7],[-17,3],[-10,-7],[-16,8],[-6,-16],[-10,9],[-11,-10],[-21,7],[-15,-13],[-32,10],[-47,-18],[-38,17],[-12,-9],[-17,19],[-14,1],[5,14],[-14,4],[-5,-7],[-15,8],[-2,-8],[-14,10],[2,9],[-28,-17],[-7,6],[-8,-7],[9,-4],[-39,8],[-30,13],[-6,18],[-4,-10],[-10,4],[-10,-35],[-15,-5],[-12,8],[-8,-8],[1,9],[-17,1],[-9,19],[-29,4],[-18,-11],[-31,-1],[-21,21],[-12,-2],[-7,26],[-10,0],[9,9],[-26,30],[-33,-7],[-15,38],[9,11],[-12,12],[4,8],[-17,-3],[-9,18],[-11,1]],[[42269,72894],[-13,5],[28,13],[0,38],[-34,-3],[-13,36],[12,23],[10,-1],[-4,21],[-29,14],[-20,61],[5,11],[-29,21],[25,59],[18,15],[-23,15],[3,33],[28,3],[-5,19],[45,4],[0,14],[-35,26],[-66,-31],[-49,59],[10,32],[-11,16],[-40,4],[2,23],[-11,7],[-88,-5],[0,22],[-25,6],[-6,15],[-33,-1],[-9,-18],[-15,-5],[4,-31],[-23,-5],[-12,30],[-11,1],[4,13],[-47,-4],[-18,20],[29,43],[27,0],[-6,9],[10,15],[39,-7],[16,77],[58,2],[9,14],[15,-10],[12,10],[36,-6],[16,4],[18,24],[-22,141],[10,-5],[18,20],[-7,2],[7,42],[-13,29],[-20,0],[-25,57],[-17,16],[14,29],[-7,9],[6,50],[-22,17],[0,20],[-11,9],[12,16],[-9,32],[14,31],[-10,27],[41,26],[6,29],[-9,8],[5,19],[-28,6],[-9,23],[22,38],[-14,23],[8,14],[-20,6],[-27,46],[26,18],[33,-4],[15,30],[-17,26],[64,62],[-26,23],[17,26],[-58,33],[-28,32],[-42,0],[-4,14],[30,3],[-3,21],[39,45],[-20,11],[-30,0],[33,88],[-23,12],[-25,-6],[-65,40]],[[41882,74898],[-4,38],[250,-45],[-7,63],[15,11],[39,6],[21,35],[29,-28],[33,0],[17,29],[29,-8],[17,21],[46,28],[70,-45],[27,22],[-40,37],[71,9],[38,21],[23,-1],[4,40],[7,0],[58,-33],[17,7],[16,-3],[-2,-10],[43,5],[6,-23],[57,-23],[40,0],[-14,-49],[35,-16],[88,-15],[-11,-23],[16,0],[10,21],[15,-2],[-12,-18],[35,-2],[16,9],[4,-41],[17,28],[16,2],[-17,-29],[10,-10],[25,36],[14,-5],[46,-37],[81,-31],[23,-69],[14,19],[20,5],[37,-46],[17,2],[33,-26],[48,-4],[43,13],[0,27],[12,1],[0,12],[34,0],[52,-30],[37,-6],[-4,-21],[54,-43],[54,-7],[12,-14],[40,17],[-4,-6],[4,-4],[5,5],[42,-17],[60,38],[2,15],[-20,22],[9,11],[75,-29],[12,-14],[-14,2],[-12,-26],[-13,-2],[-19,-43],[66,-3],[11,-61],[22,-22],[-10,-1],[6,-11],[9,2],[23,-32],[-10,-12],[10,-23],[-46,-16]],[[40336,34002],[-42,-19],[-50,-56],[-50,11],[-47,-2],[-20,12],[-94,-36],[-47,-40]],[[43044,37130],[-54,-60],[3,-27],[22,-31],[-42,-34],[-58,-113],[-23,-18],[6,-19],[-8,-22],[-31,-47],[14,-4],[7,-16],[-55,-41],[-101,-34],[-42,-66],[0,-59],[26,-53],[15,-12],[38,-7],[11,-15]],[[42772,36452],[-10,-88],[-50,-40],[-5,-28],[-22,-25],[-20,-53],[8,-15],[-23,-37],[-58,7],[-56,-9],[-49,-12],[-54,-38],[-70,-1],[-37,-25],[-8,-18],[-55,-27],[-97,3],[-17,-9],[-54,6],[-60,-30],[-5,-49],[-33,-29],[-8,-35],[6,-45],[-25,-33],[-45,-6],[-19,-15],[-11,-24],[2,-39],[-17,-22],[-29,-11],[-64,-77],[12,-48],[-65,-21],[-19,-17],[-15,-22],[3,-22],[-28,-15],[-10,-17],[12,-56],[-42,-25],[-48,-7],[-102,-49],[0,-52],[-60,-85],[-44,-46],[-64,-39],[-4,-48],[-39,-77],[41,-56],[0,-20],[-12,-46],[-45,-41],[-14,-35],[-30,-20],[-24,-37],[-45,0],[-57,-31],[-91,-27],[-24,-39],[-63,-34],[-16,-98],[-31,-62],[-70,-44],[-48,-15],[-36,-34],[-19,-85],[12,-47],[-16,-20],[-1,-55],[-20,-25],[-51,-21],[-82,-13],[-29,-40],[-62,-15],[-23,-26],[-42,-6],[-40,12]],[[41807,38114],[-7,-10],[48,-31],[29,-66],[-11,-22],[-59,-16],[-20,-19],[41,-30],[13,-31],[-69,-46],[-60,-13],[-29,-17],[-4,-26],[-32,-26],[-1,-20],[-52,-33],[-27,-63],[-36,-28],[-10,-52],[17,-54],[-21,-9],[-25,-34],[-80,32],[-40,-2],[-32,9],[-56,-28],[-10,-35],[-71,-18],[-25,-16],[-3,-26],[-18,-17],[-68,-36],[-19,0],[-27,-20],[-6,-47],[14,-45],[-27,-27],[-35,46],[-28,-16],[-25,15],[-49,45],[4,10],[-12,13],[-62,28],[-49,55],[-66,1],[-9,-20],[-13,-1],[-77,16],[-13,22],[-20,-1],[2,-11],[-46,13],[-37,-33],[-17,-3],[-18,6],[-27,29],[-60,4],[-37,-13],[9,-81],[-18,-52],[43,-44],[-14,-5],[0,-15]],[[40350,37200],[13,-2],[0,-2],[-5,-1],[-8,5]],[[40350,37200],[-33,19],[-79,-15],[-18,23],[-25,7],[-14,-6],[-6,8],[9,5],[-16,5],[10,16],[-15,44],[-29,21],[-76,24],[-22,-14],[8,-13],[-17,-10],[-15,8],[-3,-12],[-23,-4],[-17,-39],[6,-31],[-17,-36],[-56,-10],[-24,4],[-15,-14],[-31,-4],[-32,-24],[-39,-50],[-49,-10],[-58,10],[-46,40],[-24,-14],[-46,-67],[46,-12],[21,-36],[-1,-25],[-40,-44],[-47,-5],[-15,-48],[17,-19],[33,-9],[37,19],[35,-5],[11,-8],[-11,-12],[12,-35],[-55,-62],[-10,-40],[-34,-41],[-24,-13],[16,-26],[-37,-9],[-28,-19],[-2,-17],[-36,-11],[6,-35],[38,-34],[-80,-56],[-12,-21],[-87,-53],[-36,-7],[-28,-21],[-94,-14],[-5,-16],[-55,-18],[-8,-24],[-27,-11],[10,-10],[-12,-42],[27,-26],[2,-33],[-42,-20],[-43,-51],[-89,-51],[-51,-45]],[[41807,38114],[-106,347],[-37,-40],[-21,-11],[-32,-1],[-18,-24],[-14,0],[-9,-11],[-47,19],[-20,-3],[-14,14],[-74,-15],[-13,16],[-7,-9],[-42,14],[-27,-5],[-16,17],[12,14],[-1,65],[-8,25],[-25,-1],[-1,44],[-36,27],[11,11],[-28,70],[20,35],[10,50],[-10,39],[11,16],[-6,41],[27,91],[-10,9],[-28,-9],[-36,57],[-66,-17],[-78,-46],[-60,-18],[-45,-30],[-49,-16],[-24,31],[-119,24],[1,18],[-14,15],[14,25],[7,71],[-20,48],[-97,33],[-19,-7],[-30,31],[-5,-9],[-22,0],[-29,28],[-47,0],[-7,18]],[[38686,40682],[256,238],[18,0],[20,-17],[20,-41],[-11,-38],[17,-11],[2,-43],[23,-15],[19,-32],[28,-15],[37,-2],[18,-49],[28,4],[20,-54],[-6,-22],[24,-32],[26,-6],[35,29],[40,-7],[36,10],[39,-5],[0,-44],[63,-1],[65,-23],[8,-51],[24,-4],[15,-28],[25,-6],[33,25],[57,-3],[25,-57],[29,-2],[39,-36],[51,-18],[41,-36],[111,2],[63,15],[75,51],[132,16],[21,16],[8,24],[34,18],[6,13],[29,4],[40,70],[27,11],[26,-5],[30,13],[38,-1],[-28,50],[10,55],[28,50],[59,26],[24,1],[35,35],[43,7],[62,-5],[47,43],[74,18],[53,31],[34,45],[31,65],[1,24],[70,-25],[156,-13],[85,54],[80,-12],[59,47],[-2,37],[41,15],[81,122],[53,41],[9,46],[-14,33],[-24,20],[-78,22],[-34,79],[55,83],[55,61],[24,69],[15,13],[79,14],[40,34],[3,76],[39,43],[-47,13],[-35,50],[17,43],[25,30],[-19,46],[48,45],[10,21],[-9,36],[36,33],[-23,32],[30,25],[-11,17],[3,25],[-33,22],[11,38],[26,18],[23,55]],[[41808,42390],[0,1]],[[41808,42391],[0,-1]],[[41808,42390],[-1,0]],[[41807,42390],[1,1]],[[41808,42391],[64,39],[32,43],[31,5],[53,111],[80,57],[-9,25],[6,11],[40,23],[18,22],[-3,65],[-35,29],[7,11],[38,27],[33,15],[9,-8],[24,19],[42,-25],[35,-5],[7,-12],[58,26],[33,44],[-7,69],[39,41],[-10,11],[9,7],[-7,11],[21,17],[20,-4],[14,-15],[13,9],[20,-13],[12,5],[29,-21],[78,0],[12,11],[30,4],[33,-67],[9,17],[45,5],[18,16],[25,4],[-5,13],[29,36],[25,5],[-1,10],[26,20],[-7,19],[21,6],[6,-11],[21,-5],[6,9],[8,-7],[73,46],[43,-10],[13,6],[17,-10],[71,1],[-18,13],[3,26],[29,15],[13,18],[-18,42],[23,8],[-7,21],[23,30],[20,9],[9,-8],[23,19],[6,-8],[17,1],[2,-10],[-13,-6],[18,-13],[36,-1],[22,14],[22,-6],[18,8],[11,-19],[-11,-23],[16,12],[27,-4],[57,24],[19,23],[18,5],[-13,9],[1,26],[11,20],[17,7],[9,-25],[56,-16],[-9,-11],[12,-8],[3,-29],[43,2],[2,-29],[77,-33],[11,-13],[44,-13],[37,-35],[38,7],[20,-9]],[[43844,43188],[15,-22],[50,-11],[8,-10],[-19,-13],[19,-2],[29,-34],[14,3],[3,49],[20,9],[-3,12],[20,17],[-7,72],[31,30],[6,29],[95,62],[29,-21],[75,2],[-1,-27],[27,14],[48,-4],[6,-18],[-18,-55],[13,-7],[3,-62],[108,-28],[40,4],[22,-17],[14,6],[3,23],[-18,92],[6,57],[31,28],[80,6],[42,23],[15,17],[-23,15],[-6,17],[13,32],[29,16],[107,-31],[52,3],[17,13],[385,-11],[36,9],[30,-9],[60,2],[27,-18],[35,7],[19,-12]],[[45431,43445],[-54,-53],[-4,-57],[84,-43],[18,-52],[-49,-5],[16,-22],[-5,-6],[-65,-2],[-41,-24],[-29,0],[-23,-13],[11,-57],[-35,-18],[36,-29],[-34,-45],[28,-54],[-12,-42],[16,-13],[-33,-66],[14,-39],[-14,-18],[-33,-6],[-15,-36],[-27,-19],[10,-7],[-7,-24],[43,-8],[19,-21],[16,15],[20,-11],[69,5],[65,-28],[13,8],[37,-6],[50,9],[54,-6],[20,-11],[15,-29],[51,-25],[56,11],[17,28],[76,13],[29,-13],[71,-4],[2,-16],[36,-14],[38,26],[32,-9],[97,33],[40,-17],[19,15],[32,3],[26,26],[34,-5],[51,13],[71,63],[16,0],[10,22],[15,1],[31,42],[19,-1],[6,24],[31,16],[-12,12],[7,14],[54,7],[20,20],[29,8],[22,24],[61,27],[-10,35],[6,24],[61,52],[27,36],[31,14],[26,37],[11,72],[10,7],[17,-4],[23,22],[20,1],[3,13],[-21,31],[11,30],[30,13],[11,19],[31,4],[4,17],[49,13],[45,31],[48,12],[58,60],[23,1],[18,16],[35,9],[2,38],[18,13],[-1,27],[-24,10],[5,17],[-10,12],[-39,14],[-62,85],[7,31],[-21,51],[26,77],[-11,16],[24,18],[18,67],[36,30],[90,10],[29,-22],[27,-1],[62,47],[35,63],[32,25],[13,60],[-49,24],[7,24],[-12,16],[-2,29],[-9,18],[-22,1],[7,49],[61,40],[26,33],[4,31],[33,30],[20,6],[34,-26],[78,31],[14,59],[-5,49],[14,37],[22,1],[30,28],[4,31],[66,54],[21,26],[6,31],[20,-4],[29,15],[28,-4],[40,49],[20,-3],[46,16],[7,-5],[16,21],[29,5],[0,13],[20,0],[44,36],[43,14],[67,77],[37,16],[35,33],[44,8],[47,39],[27,30],[3,27],[124,91],[45,42],[4,24],[23,1],[0,35],[23,19],[8,45],[46,51],[-5,39],[13,36],[24,38],[37,18],[11,25],[-16,36],[39,66],[-25,24]],[[48816,45804],[159,-53],[17,-15],[4,-27],[14,-15],[108,-35],[46,4],[36,34],[106,-30],[61,7],[22,-8],[34,-103],[-35,-35],[2,-19],[-55,-106],[-9,-45],[12,-60],[-38,-75],[21,-25],[52,-34],[88,1]],[[49461,45165],[106,63],[55,-5]],[[46114,40506],[-25,-11],[-69,-83],[-37,-24],[-21,-51],[-41,-6],[-16,-32],[-48,-16],[-28,-42],[-63,-10],[-29,-17],[-19,-40],[-32,-27],[-29,-48],[-32,-17],[-27,-43],[-14,-14],[-19,-3],[-40,-52],[-15,-31],[9,-34],[-30,-22],[-6,-37],[-64,-27],[-35,-30],[-9,-35],[-86,-71],[-19,-35],[-81,-75],[-4,-17],[-13,23],[-16,-4],[-63,-70],[-26,-16],[-12,1],[-15,23],[-30,17],[-21,-13],[-32,-4],[-71,-56],[-41,28],[-15,0],[-115,-19],[-52,-26],[-47,-96],[37,-26],[29,-2],[42,-26],[28,-5],[6,-16],[-46,-128],[-91,-68],[-14,-62],[38,-72],[4,-72],[105,-90],[-3,-32],[12,-23],[-142,-74],[-4,-47],[-16,-18],[-7,-39],[-30,-13],[-3,-29],[-50,-27],[-8,-31],[-36,-55],[-30,-22],[-3,-24],[58,-25],[-18,-18],[-22,-55],[-18,-22],[-22,-4],[-68,31],[-46,-3],[-30,-16],[-48,12],[-97,6],[-6,-29],[15,-23],[-11,-13],[5,-26],[-30,-84],[-114,-130],[-37,-28],[20,-35],[-2,-14],[-60,-19],[-23,-40],[-35,-20],[-4,-30],[-13,-15],[-38,12],[-23,-11],[-14,-32],[-37,-42],[-5,-38],[10,-37],[-10,-19],[-40,-59],[-54,-22],[-15,-43],[-42,-55],[-53,-14],[-58,36],[-21,-1],[-25,-32],[-71,-169],[-30,-34],[-72,-22],[-20,8],[-19,26],[-36,4],[-22,-10],[-21,-33],[-68,-26]],[[43044,37130],[-43,61],[-13,44],[-36,21],[-24,74],[-22,10],[-92,3],[-46,14],[-21,30],[-5,49],[-11,13],[-33,9],[-17,36],[-36,39],[-4,41],[27,36],[-2,23],[25,59],[-4,17],[50,78],[-16,65],[27,19],[9,26],[-40,54],[-12,60],[-36,16],[-31,-4],[-26,25],[-24,8],[-11,-5],[-8,12],[-80,-13],[-30,20],[-49,-4],[-33,16],[-77,11],[-16,14],[0,16],[11,7],[-19,12],[-3,25],[-10,1],[16,17],[-42,50],[-40,6],[-10,24],[-25,3],[-51,-15],[-22,17],[-9,20],[15,24],[-21,28],[0,24],[12,6],[-10,3],[-49,-13],[-59,-77],[-4,-58],[23,-36],[-13,-22],[-16,-1],[-54,29],[-23,-44],[-30,-15],[-13,-26],[-18,-7],[-13,9]],[[34949,35511],[-34,22],[-7,39],[20,46],[42,48],[-46,146],[11,26],[-52,44],[-4,71],[104,62],[36,52],[74,36],[33,32]],[[36440,36881],[42,-38],[11,-38],[23,-7],[14,-18],[1,-24],[30,-59],[34,-15],[9,-16],[54,-20],[48,-62],[37,-18],[8,-19],[66,-16],[31,-26],[69,-34],[8,-28],[121,-52],[53,-34],[163,-19],[124,-40],[107,-83],[26,-87],[23,-27],[63,-18],[105,-6],[10,-10],[0,-58],[23,-34],[50,-11],[62,8],[10,44],[99,61],[47,5],[67,-33],[5,-15],[19,-11],[11,-71],[66,-56],[55,3],[62,23],[28,1],[63,-41],[61,-2],[49,-21],[44,15],[59,3],[61,24],[36,-11],[143,106]],[[38840,35996],[52,-6],[17,7],[26,-17],[49,10],[21,-21],[38,-6],[24,7],[17,-17],[-11,-9],[2,-62],[29,-16],[-34,-69],[-42,-52],[-6,-24],[36,-47],[28,-67],[49,-27],[24,12],[4,28],[14,-3],[32,15],[57,-6],[73,-67],[18,6],[67,-29],[82,15],[52,-16],[32,50],[31,-8],[20,-30],[39,16],[-11,27],[34,14],[20,-6],[6,25],[27,-7],[8,-11],[40,-3],[27,-16],[9,23],[14,0],[37,-48],[23,-11],[1,-19],[61,-2],[17,-32],[19,-9],[14,-38],[22,-15],[-3,-93],[38,2],[15,-13],[-102,-52],[-9,-18],[12,-12],[-44,-49],[5,-24],[44,-41],[-34,-11],[-74,14],[-51,-45],[-63,-22],[-27,-44],[-45,-4],[-11,-23],[-47,-8],[-17,-28],[0,-27],[-27,-21],[-9,-20],[9,-17],[-17,-33],[-20,-13],[-32,2],[-32,-23],[-23,-3],[-24,-22],[-23,-3],[-12,-18],[-59,-30],[3,-51],[-42,-24],[-22,-43],[-10,-11],[-22,0],[-34,-56],[-23,-18],[14,-33],[86,-32],[73,40],[50,8],[16,27],[20,4],[24,-29],[43,-2],[60,-17],[54,9],[23,-4],[15,-22],[18,-1],[-2,-21],[49,-53],[4,-31],[-21,-42],[34,-29],[50,-68],[25,-11],[5,-87],[27,-41],[24,-15],[-4,-24],[18,-21],[19,-95],[39,-30],[7,-41]],[[39986,33872],[-30,-72],[7,-13],[-32,-18],[-55,20],[-32,-12],[-26,-23],[-57,-16],[-19,-14],[-68,-5],[-49,19],[-53,3],[-40,-4],[-54,-26],[-59,-46],[-1,-23],[-16,-19],[-25,-10],[-25,2],[-20,-12],[-14,-28],[-17,-7],[-2,-25],[-25,-36],[-65,-32],[-5,-37],[-71,-27],[-63,12],[-50,-19],[-14,-30],[25,-28],[4,-31],[-18,-30],[-9,-77],[-53,-22],[-35,-27],[-75,3],[-38,-32],[-9,-24],[-20,-9],[-54,-73],[-48,-20],[-26,-26],[-39,-6],[-42,15],[-63,-23],[-46,12],[-19,19],[-64,-5],[-12,-24],[-30,-17],[-45,-3],[-18,-50],[-161,-64],[-42,-28],[-22,30],[-5,48],[-84,48],[-59,6],[-43,40],[-123,32]],[[37733,33008],[-91,-81],[-29,6],[-27,-17],[-28,17],[-23,2]],[[60452,64124],[-29,30],[24,74],[-49,25],[-49,2],[-16,10],[-9,19],[5,20],[23,25],[-20,14],[-6,42],[-30,21],[8,8],[-9,13],[10,8],[-31,14],[-30,74],[-38,25],[0,22],[-30,23],[23,2],[30,25],[9,21],[43,13],[-6,21],[12,3],[10,20],[-12,35],[13,24],[-10,27],[11,1],[-4,11],[15,0],[-18,13],[12,17],[12,-8],[10,22],[39,7],[-12,24],[4,23],[-64,-9],[-55,45],[-44,17],[-13,29],[9,26],[-58,41],[-7,30],[15,27],[-8,26],[-21,20],[4,33],[-55,32],[0,22],[37,28],[-1,28],[55,36],[46,4],[68,61],[43,19],[38,34],[-28,19],[-34,44],[24,34],[-11,28],[11,28],[-1,63],[-13,11],[33,64],[-25,34],[-66,-8],[-39,15],[36,68],[-146,72],[-25,48],[-9,58],[-99,77],[-8,36],[-19,7],[-31,34],[-6,79],[10,43],[31,51],[-2,20]],[[59929,66368],[15,-18],[46,2],[64,66],[31,17],[26,72],[67,21],[-5,37],[14,58],[57,24],[15,47],[32,11],[41,53],[1,34],[-27,101],[15,39],[-10,32],[8,12],[-43,73],[90,55],[28,34],[48,83],[2,22],[-13,27],[80,23],[7,14],[67,42],[52,-4],[61,-61],[33,-2],[22,-22],[23,-6],[18,-44],[22,-5],[28,2],[12,15],[114,34],[55,66],[24,-23],[11,-29],[45,-27],[25,1],[31,21],[60,5],[23,34],[37,9]],[[61281,67313],[108,46],[24,42],[51,29],[66,58],[25,39],[64,52],[3,26],[33,27],[-5,18],[23,32],[4,35],[60,76],[-3,58],[-26,60],[48,29],[37,10],[11,40]],[[61804,67990],[39,23],[27,2],[27,27],[44,-47],[27,10],[16,19],[46,14],[31,-2],[-22,-49],[-43,-17],[-9,-19],[66,-96],[45,-17],[-10,-21],[9,-7]],[[62097,67810],[-38,-52],[5,-12],[-14,-10],[0,-23],[-25,-10],[2,-17],[-12,-8],[19,-39],[-3,-58],[-16,-2],[8,-26],[30,-43],[127,70],[-11,-20],[7,-17],[-14,-16],[11,-9],[3,-12],[-9,-4],[17,-19],[-2,-12],[51,-53],[41,-25],[81,-2],[38,-11],[23,-18],[7,-28],[31,12],[12,15],[3,34],[83,1],[30,10],[26,-11],[25,-28],[79,12],[40,31],[-5,21],[10,21],[26,2]],[[62783,67454],[-9,-13],[20,-26],[-28,-30],[8,-11],[8,4],[7,-26],[-16,-29],[2,-38],[18,-12],[-3,-10],[24,-40],[17,-51],[-8,-8],[19,-33],[-8,-13],[16,-18],[-5,-21],[14,-16],[20,-3],[3,-18],[24,-23],[-4,-12],[18,-22],[-6,-17],[12,-6],[6,-46],[-30,-109],[-16,-7],[-9,-24],[-31,-15],[-16,-42],[-30,-25],[4,-21],[-18,-10],[8,-57],[-12,-37],[-13,-3],[-10,-20],[19,-38],[1,-27],[20,-20],[78,-15],[36,-47],[-1,-16],[57,-46],[16,-82],[20,-11],[-7,-31],[15,-81],[-13,-18],[29,-51],[52,-57],[38,-12],[359,-22],[73,-20],[53,13],[18,-5],[90,-48],[41,-36],[29,-12],[7,-14],[103,27],[4,20],[25,20],[46,16],[90,-12],[20,-18],[91,-20],[30,10],[68,-29],[9,8],[19,-2],[22,37],[48,27],[48,-5],[65,26],[33,2],[69,-18],[8,-20],[20,-7],[20,5],[9,-12],[18,6],[28,-17],[4,-28],[42,-23],[5,-30],[24,-22],[18,-50],[35,-41],[24,-8],[4,-21],[23,-6],[96,-86],[-37,-57],[6,-22],[-16,-36],[-43,-52],[-24,-48],[11,-30],[-6,-26],[15,-9],[-1,-43],[-24,-16],[4,-19],[-25,-43],[26,-13],[2,-19],[832,-1212]],[[65677,63934],[-22,-11],[-33,3],[-150,48],[-93,-43],[-74,-13],[-33,-16],[-68,2],[-32,-31],[-29,17],[-37,-2],[-34,21],[-54,10],[-56,-4],[-16,36],[-30,3],[1,31],[-85,25],[-28,22],[-42,-18],[-23,8],[-39,-43],[-31,-8],[-23,-21],[4,-51],[-45,-51],[9,-64],[20,-3],[4,-26],[-82,-32],[-50,-61],[-4,-27],[-73,-14],[-16,-22],[-33,2],[-36,-15],[-76,40],[17,94],[14,22],[-5,13],[-39,15],[-66,1],[-29,18],[-35,0],[-43,-24],[-29,-54],[-44,-52],[-20,-59],[-34,-52],[1,-35],[-18,-49],[-14,-10],[1,-27],[-50,-95],[-35,-19],[-19,-32],[-33,-11],[-77,-75],[-78,-45],[-6,-41],[-24,-7],[-48,14],[-56,-29],[-10,5],[-19,-20],[-50,-18],[-4,-19],[-27,-15],[-4,-14],[-45,-15],[-58,2],[-19,10],[-16,-8],[-111,50],[-18,-5],[-49,12],[-8,12],[-34,8],[-13,32],[-71,16],[-17,16],[-76,23],[-60,59],[-97,70],[-34,-2],[-26,-15],[-3,-31],[-25,-25],[6,-11],[-21,-9]],[[62590,63195],[-62,-26],[-12,-23],[1,-65],[-28,10],[1,-10],[-22,13],[-29,-22],[-33,1],[-7,-12],[-51,28],[-59,-20],[0,40],[-19,20],[15,26],[-7,30],[-28,18],[-1,16],[15,15],[-10,43],[69,77],[3,33],[-20,80],[-65,74],[8,108],[-62,66],[-81,12],[-32,-17],[-68,-6],[-19,-27],[-49,-20],[-22,12],[-80,10],[-41,-31],[-48,7],[-32,-13],[-16,13],[-30,5],[-53,39],[-26,1],[-32,-29],[-15,-1],[3,-39],[-53,-47],[7,-28],[-32,-35],[-17,38],[-14,85],[-35,56],[6,61],[-30,-6],[-17,15],[-55,-9],[-49,-40],[-64,24],[-86,0],[-33,-74],[-50,-29],[-49,54],[-16,88],[-17,33],[-38,39],[6,64],[-19,6],[-21,24],[-2,41],[48,61],[-152,6],[-32,-17],[-17,-23],[-49,-25],[-31,16],[-20,67],[-42,56],[-78,13],[-43,-21]],[[23352,30455],[-17,43],[-38,20],[17,4],[-13,36],[20,11],[-20,11],[18,6],[-7,16],[11,6],[-3,36],[-16,6],[-15,-11],[-28,9],[-6,6],[12,13],[-11,19],[-26,6],[-17,20],[4,42],[-25,-1],[-29,21],[-32,-16],[6,18],[-22,1],[-12,-29],[4,-23],[-69,-19],[-1,-20],[-24,-1],[-1,16],[-16,9],[-73,-16],[-17,10],[-4,-26],[-17,-15],[-22,15],[-15,-18],[-18,10],[-49,-9],[-39,-23],[5,-17],[-17,-28],[2,-17],[-31,-3],[-55,-37],[-52,3],[0,23],[-31,18],[-70,-1],[-53,-40],[59,-30],[6,-43],[-31,-11],[-49,4],[-25,11],[-13,17],[-5,45],[-27,32],[1,10],[19,2],[1,21],[17,25],[-5,22],[37,-8],[-1,32],[15,16],[-26,19],[-8,35],[-49,16],[-2,18],[-12,-1],[-18,-28],[-4,-31],[-23,-7],[-12,11],[-17,-1],[-28,-42],[-14,9],[-37,-9],[-12,30],[-33,-5],[-10,16],[4,31],[-32,7],[-25,18],[-61,-42],[-17,-2],[-29,37],[18,25],[-24,9],[-47,-17],[-25,11],[-27,-47]],[[31160,28659],[-323,-1081],[76,-82],[62,-32],[63,-27],[141,-16],[16,-19],[-5,-14],[8,-9],[42,3],[-5,23],[9,8],[33,-45],[22,0],[9,-15],[-13,-25],[13,-30],[-20,-42],[9,-37],[25,-21],[1,-12],[-5,-8],[-19,8],[-48,-32],[-31,-3],[8,-45],[-16,-46],[8,-82],[15,-37],[37,-22],[12,-18],[4,-19],[-30,-14],[11,-25],[27,-20],[24,-84],[26,-20],[49,-17],[16,-33],[6,-37],[-46,-78],[3,-46],[17,-31],[-1,-25],[27,-31],[33,23],[50,-38],[-11,-36],[-25,-25],[-28,-10],[-4,-12],[35,-8],[8,-21],[-20,-15],[38,-12],[14,-27],[-10,-9],[-48,5],[-6,-68],[-16,-19],[-32,18],[-19,-29],[-16,32],[-16,1],[-4,-59]],[[31340,26112],[-58,19],[-31,21],[-44,-7],[-26,-22],[-92,7],[-22,19],[-55,20],[-11,21],[-26,17],[-32,-13],[-53,15],[-47,-14],[-4,-31],[-49,-22],[-10,-15],[-28,-5],[-15,-35],[-41,-6],[-41,-22],[-35,-2],[-29,12],[-53,-20],[-50,26],[-50,-27],[-21,19],[-40,-3],[-29,24],[-35,11],[-33,-12],[-4,-16],[-15,-9],[-45,7],[-24,-12],[-19,9],[-22,-7],[-28,14],[-35,-5],[-22,19],[-23,-7],[-7,19],[-40,18],[-15,38],[-37,-6],[-6,22],[-29,9],[-12,16],[-164,17],[-53,31],[-10,-12],[-18,-1],[-6,16],[-61,26],[-22,-19],[-58,-9],[33,-34],[-4,-23],[-14,-4],[-62,20],[-20,19],[7,22],[-26,8],[-15,22],[-64,20],[-73,-54],[-41,-19],[-79,4],[-36,20],[-12,-6],[-29,8],[-36,-4],[-263,46],[-82,-3],[-72,11],[-91,-30],[-17,55],[16,1],[0,17],[34,14],[17,33],[-17,55],[11,5],[-7,17],[18,15],[-22,34],[28,50],[-12,14],[6,20],[-25,42],[-17,10],[12,42],[-8,10],[41,95],[16,7],[-9,86],[-19,13],[-17,47],[18,27],[-10,37],[31,22],[-7,19],[27,43],[0,20],[19,5],[5,39],[11,10],[-9,33],[28,2],[22,16],[2,41],[24,21],[73,32],[5,55],[10,8],[-5,21],[25,20],[20,35],[-7,13],[12,8],[-10,14],[11,29],[-9,35],[12,27],[-1,52],[-25,24],[-5,27],[13,5],[8,38],[-7,-9],[-24,1],[-45,38],[-38,-22],[-42,-2],[-19,-16],[-101,12],[-9,-12],[-30,1],[-33,-19],[-30,1],[-74,-21],[-24,9],[-35,-7],[-54,13],[-31,34],[-50,13],[-33,34],[-46,20],[-9,23],[-38,-3],[-23,13],[-22,-1],[-45,64],[-74,25],[-41,29],[-29,-2],[-13,12],[-39,8],[-15,20],[-50,3],[-37,16],[-43,-11],[-53,7],[-29,35],[-26,56],[4,62],[-11,29],[-152,23],[11,46],[18,8],[-26,21],[38,27],[21,55],[20,10],[19,29],[78,25],[66,55],[-103,11],[-1,29],[15,11],[1,14],[23,14],[18,0],[31,39],[2,21],[-14,10],[7,10],[-34,1],[-11,10],[11,8],[-20,14],[-37,-3],[-5,-10],[-28,26],[-13,-6],[-1,29],[-7,-7],[-6,10],[-40,14],[-3,22],[-18,7],[6,13],[-22,-7],[-10,12],[-27,0],[-32,40],[-23,0],[-9,14],[-22,-12],[-9,10],[-20,-3],[-12,-19],[-21,3],[-25,-30],[-32,-10],[-15,-18],[-35,-3],[-16,-13],[-13,4],[-3,-12],[-36,26],[-33,-1],[-57,26],[-20,-17],[-49,13],[-19,-25],[-44,-15],[-36,10],[-57,-16],[-5,-15],[-40,4],[-4,-20],[-14,-2],[-31,-40],[-14,-3],[5,-20],[-16,-1],[-32,-45],[-45,-15],[-29,9],[-77,-25],[-110,-5],[-34,6],[-21,-7],[-46,22],[-20,-5],[-29,18],[-71,16],[-96,9],[-36,-7],[-74,21],[-51,27],[-26,-14],[-28,-1],[-44,26],[-74,15],[-69,2],[-13,6],[-3,33],[-23,17],[-28,0],[-73,59],[-35,41],[-19,3],[-31,30],[-42,11],[-56,39],[-5,16],[-48,10],[-10,22],[-23,-3],[-12,15],[-44,16],[-49,0],[-35,11],[-54,40],[-27,1],[-13,-9],[-40,14],[0,20],[-38,23],[-16,-10],[-36,14],[-42,-11],[-27,5],[-26,29],[-42,18],[-2,20],[-39,15],[-13,94],[-32,24],[-51,9],[-12,13],[-88,-1],[-52,-29],[-17,-26],[-63,-13],[-30,7],[-105,56],[-18,0],[-6,13],[-21,-5],[-34,9],[-58,43],[-15,-5],[-4,12],[-17,4],[13,7],[-21,7],[7,22],[34,9],[21,31],[-18,33],[11,21],[-21,30],[-10,1],[10,6],[2,42],[-26,12],[0,13],[-26,17],[1,30],[-9,-1],[-36,44]],[[31629,33494],[28,-14],[-20,-35],[-50,-30],[9,-9],[-6,-11],[-36,-3],[-31,-28],[-51,3],[-9,-8],[6,-20],[-47,-32],[-15,-26],[36,-36],[2,-20],[26,-40],[48,-30],[29,-36],[18,-74],[-16,-63],[20,-40],[-1,-51],[84,-39],[25,-35],[35,-9],[5,-26],[-13,-21],[13,-23],[-26,-36],[-37,-26],[-15,-44],[-24,-17],[1,-20],[-15,-18],[7,-22],[-49,-109],[-54,-56],[-13,-44],[-45,-35],[-9,-31],[-42,-65],[-41,-30]],[[30275,33433],[15,-7],[16,-27],[21,7],[16,-10],[-9,-8],[15,-9],[2,-50],[-12,-15],[-14,5],[-6,-3],[9,-33],[27,-8],[-16,-16],[29,-18],[-3,-55],[-11,-9],[3,-20],[-9,2],[3,-13],[-10,-8],[8,-4],[-15,-31],[24,-52],[-8,-26],[7,-31],[-17,-27],[5,-38],[-17,-14],[-1,-31],[-26,-40],[2,-25],[31,-30],[12,-30],[-38,-37],[-36,-14],[-23,-21],[-9,15],[-33,2],[-27,-18],[-28,-41],[-39,-15],[-27,7],[-29,-20],[22,-87],[27,-48],[30,-16],[69,12],[26,-12],[-1,-57],[18,-9],[76,-90],[21,-8],[61,31],[27,-21],[2,-50],[49,-9],[75,-31],[56,5],[40,-10],[18,9],[30,-12],[44,11],[53,-13],[25,17],[14,-13],[138,-28],[48,21],[18,-4],[47,17],[43,3],[15,-33],[43,-45],[36,26],[15,-2],[37,17],[77,-3]],[[31356,32185],[33,-21],[5,-16],[45,-8],[22,-18],[7,9],[42,-3],[43,17],[80,-2],[7,21],[25,9],[-8,23],[27,9],[17,37],[37,17],[56,70],[54,34],[77,74],[32,10],[-11,21],[45,27],[3,22],[31,17],[8,29],[45,-8],[9,15],[23,6],[1,16],[35,18],[52,-2],[15,-9],[54,11],[37,-13],[139,-4],[37,-39],[28,2],[20,-35],[58,-10]],[[32642,31632],[-2,-55],[38,-17],[12,-28],[24,1],[16,-30],[24,-10]],[[32754,31493],[-56,-34],[-7,-23],[-73,-44],[-40,-37],[-14,-55],[-25,-25],[14,-23],[-31,-30],[-14,-4],[-86,21],[-66,-15],[-9,28],[21,26],[-59,22],[-15,34],[-51,-36],[-5,-23],[13,-20],[-35,-28],[0,-35],[53,-48],[1,-14],[28,-31],[-14,-12],[-3,-37],[-33,-55],[0,-44],[-18,-17],[-84,-37],[-66,-18],[-15,-41],[-50,4],[-31,-21],[-22,-36],[-130,31],[-24,-17],[-104,-28],[-69,-51],[-131,-8],[-7,-10],[21,-49],[-50,-25],[-24,-24],[5,-22],[-7,-24],[-16,-9],[10,-25],[-20,-45],[12,-23],[-7,-18],[33,-29],[29,-79],[-2,-31],[-31,-39],[20,-32],[1,-50],[-12,-39],[14,-42],[58,-73],[27,8],[57,-30],[25,10],[8,-38],[19,-14],[-16,-49],[36,-7],[2,-22],[16,-14],[33,-6],[116,77],[-17,-37],[3,-22],[62,-82],[21,-51],[-18,-52],[9,-52],[-13,-8],[-61,-3],[-19,-42],[-33,-38]],[[31788,29552],[-20,-12],[-55,0],[-55,-15],[-44,-19],[-25,-22],[-18,-27],[0,-22],[34,-40],[6,-51]],[[31611,29344],[-48,-9],[2,-18],[-23,-18],[-11,-33],[-27,-28],[-3,-31],[-16,-23],[-62,-8],[-53,-47],[-63,-22],[-26,-45],[-9,-68],[39,-19],[7,-15],[-13,-92],[24,-49],[50,-41],[33,-50],[-105,-39],[-58,-8],[-26,-17],[-38,5],[-25,-10]],[[31160,28659],[-22,13],[-7,20],[-26,12],[15,25],[-35,48],[-37,13],[-18,27],[-42,-5],[-17,24],[0,33],[-26,43],[-31,8],[-52,-18],[-49,66],[-58,28],[-20,84],[-30,28],[-106,8],[-61,61],[-48,21],[-56,55],[-22,-1],[-28,-18],[-52,51],[-93,-4],[-4,-9],[-46,-11],[2,31],[-14,39],[-37,9],[-55,43],[-42,5],[-11,26],[-83,39],[-11,-43],[-17,-13],[-66,-19],[-55,2],[8,46],[-17,15],[-25,-1],[-22,16],[10,7],[-12,31],[17,6],[-2,7],[-18,11],[-29,-25],[-19,0],[1,94],[-68,54],[2,15],[-33,47],[7,57],[-18,59],[-32,8],[-44,-23],[-34,-3],[-35,18],[-100,4],[-67,49],[-14,68],[-15,21],[-39,20],[-55,-21],[-78,25]],[[26176,32449],[-34,17],[-29,-28],[-17,38],[7,21],[21,16],[11,24],[55,13],[4,15],[34,23],[12,4],[22,-15],[33,10],[20,42],[2,32],[27,24],[-3,23],[-36,23],[36,31],[10,28],[35,24],[29,-9],[9,20],[-5,12],[-24,8],[-68,1],[-18,8],[0,35],[34,30],[13,29],[-25,55],[20,25],[37,21],[3,23],[-22,14],[-17,-14],[-8,-27],[-48,2],[-24,28],[-12,36],[7,19],[-41,5],[28,38],[-90,-1],[-30,-17],[-29,28],[-55,2],[-14,83],[-37,47],[-102,73],[-58,75],[-35,10],[-56,-21],[-26,5],[-75,88],[-54,19],[1,22],[-19,33],[23,51],[47,29],[48,0],[50,-27],[30,-52],[33,-5],[27,12],[17,16],[17,119],[36,14],[26,34],[40,12],[43,61],[-6,67],[44,-18],[35,10],[8,32],[27,27],[-29,109],[-32,29],[6,28],[30,10],[13,19],[27,0],[42,30],[29,6],[18,-12],[34,0],[43,8],[40,23],[27,-1],[13,14],[17,-10],[39,3],[35,-19],[19,-1],[4,12],[16,-6],[20,30],[-13,12],[14,29],[-19,16],[-14,-14],[-10,8],[25,45],[23,11],[21,-20],[15,26],[65,13],[14,37],[26,-1],[58,20],[-18,60],[-15,1],[79,22],[58,39],[54,-23],[44,3],[45,-16],[36,13],[50,45],[44,2],[24,-25],[16,-58],[33,-17],[-12,-38],[29,-66],[4,-85],[67,-15],[0,54],[10,22],[16,2],[-10,25],[21,8],[9,22],[-8,49],[16,42],[-6,28],[87,-9],[28,15],[25,-15],[80,41],[-25,50],[-56,37],[-15,22],[0,27],[37,36]],[[27550,34797],[76,15],[96,-85],[22,-8],[39,3],[20,-27],[52,-25],[65,-9],[18,-22],[36,-16],[19,-105],[-34,-52],[-23,-17],[-18,-39],[-31,-17],[-12,-37],[6,-24],[-14,-9],[59,-42],[-20,-29],[8,-13],[46,-14],[21,-22],[19,-1],[18,-26],[75,-27],[-2,-31],[-46,-37],[51,-28],[-4,-21],[-24,-16],[-5,-26],[68,-50],[62,-22],[42,-4],[26,15],[38,-15],[11,31],[61,-6],[-17,-35],[31,-25],[52,-12],[51,6],[11,10],[15,-7],[15,-26],[-11,-43],[48,-27],[16,0],[12,-23],[18,-2],[-9,-20],[28,-35],[-10,-19],[33,-17],[1,-25],[-13,-20],[-93,-32],[24,-20],[21,9],[18,-7],[-21,-41],[41,-21],[19,30],[8,-31],[24,-11],[12,33],[26,7],[57,-27],[17,-20],[25,-2],[12,-34],[16,-10],[-32,-29],[10,-22],[-7,-22],[38,-40],[-1,-21],[-50,-48],[51,-27],[-3,-35],[6,-13],[21,-1],[0,-40],[13,-25],[-14,-32],[-53,-3],[-16,-31],[22,-6],[28,7],[19,-10],[33,9],[12,-32],[59,-28],[55,2],[16,-7],[25,20],[3,-32],[23,-47],[14,-9],[22,-57],[-18,-36],[4,-45],[-28,-29],[-2,-17],[-50,-49],[-23,-3],[-3,-34],[-23,1],[-47,-45],[-18,3],[-27,-50],[-28,-5],[10,-19],[-14,-39],[-16,-10],[3,-30],[-24,-37],[7,-15],[-10,-20],[3,-34],[-52,-39],[40,-30],[11,-23],[-13,-13],[2,-20],[-16,-11],[10,-15],[-25,-39],[-7,-53],[17,-62],[33,-15],[8,-17],[-10,-49],[-19,-6],[-15,-29],[6,-66],[38,-29],[-30,-57],[33,-9],[0,-18],[-26,-7],[10,-59],[-19,-25],[-12,2],[-60,-38],[-38,-37],[-18,-45],[16,-9],[3,-16],[-11,-6],[-10,-41],[-53,7],[-81,-13],[-24,-16],[-35,6],[-22,-22],[-16,-30],[4,-21],[-38,-23],[-16,-37],[6,-28],[-14,-17],[5,-68],[-22,-43],[4,-13],[-23,-25],[7,-12],[-24,-28],[-5,-40],[-34,-38],[3,-21],[-16,-33],[-32,-7],[25,-57],[-32,-40]],[[19341,32564],[22,-8],[13,6],[1,-2],[-11,-5],[-7,0],[-35,11],[17,-2]],[[21869,30744],[-37,-7],[-18,7],[34,39],[7,41],[-4,7],[-24,-1],[9,51],[-16,4],[-19,-8],[-17,14],[6,32],[-13,6],[-36,-7],[-8,21],[-42,8],[-30,23],[-35,-20],[-14,4],[0,14],[43,31],[-20,29],[8,13],[-10,13],[-31,-7],[-255,1],[-45,-26],[-75,49],[-75,-6],[-43,24],[-27,28],[-11,35],[-38,-1],[21,21],[-39,18],[-32,-21],[13,19],[-27,6],[-44,47],[0,36],[19,30],[-46,14],[-17,57],[-12,5],[-4,17],[-12,-1],[10,10],[-20,21],[9,11],[-15,-4],[-4,12],[12,32],[-14,9],[-45,-8],[-15,20],[-20,-7],[-13,25],[-18,-1],[-4,17],[-36,21],[-35,7],[0,-15],[-31,-9],[-3,27],[-16,9],[-17,-3],[-5,23],[-12,-12],[-4,45],[-11,8],[7,13],[-18,7],[-22,48],[-52,22],[-19,35],[-53,-4],[-7,9],[-15,-11],[-61,50],[-23,-5],[-33,29],[-24,43],[-39,19],[1,11],[-21,8],[-39,-3],[-5,-20],[-11,-2],[-66,8],[-2,25],[22,17],[-8,2],[8,15],[-10,2],[11,17],[-13,-3],[3,10],[-8,-3],[-13,17],[-84,-6],[0,15],[16,9],[-19,-1],[-35,85],[-57,19],[-30,-5],[-16,8],[-11,10],[5,23],[-19,7],[2,14],[6,-3],[-7,14],[-15,9],[-38,2],[42,3],[13,21],[57,37],[-16,-2],[-7,10],[-26,1],[-1,10],[-13,2],[-9,-8],[13,-16],[-20,-28],[-89,-1],[-9,11],[7,37],[35,11],[47,32],[63,16],[6,20],[52,49],[16,-7],[14,7],[-1,24],[-27,-2],[-49,-25],[-58,-43],[-143,34],[-32,-10],[1,8],[-34,-18],[-15,9],[3,7],[-35,13],[-2,15],[-37,24],[-5,17],[-18,3],[-32,46],[-31,88],[7,47],[12,8],[34,-3],[5,13],[-14,16],[-11,48],[-35,23],[5,39],[19,4],[38,-24],[17,34],[-26,18],[-73,9],[-77,-35],[-7,-21],[-18,-11],[-64,-4],[-77,104],[-41,-28],[-78,38],[-79,104],[-63,56],[0,11],[-81,25],[-7,24],[-25,0],[-60,-22],[4,-27],[27,-12],[-56,15],[-88,88],[-62,108],[-26,27],[-17,-7],[0,14],[38,16],[10,-9],[17,3],[13,15],[0,32],[-14,-3],[-15,-20],[-15,28],[-26,16],[14,56],[105,63],[123,42],[78,69],[36,10],[-28,-38],[16,-10],[23,12],[14,17],[-18,3],[8,1],[-5,35],[13,34],[150,194],[82,74],[3,15],[27,8],[171,122],[103,117],[89,78],[21,11],[33,-10],[30,25],[28,5],[116,63],[134,35],[36,-7],[2,-10],[-14,-4],[13,-9],[45,18],[69,1],[22,13],[15,-32],[-35,-31],[-20,-7],[-37,5],[-43,-20],[-53,-70],[-6,-32],[-31,-30],[-9,-20],[13,-8],[30,33],[11,-17],[-5,-10],[19,-5],[-6,57],[65,54],[26,3],[0,-20],[17,-15],[52,2],[3,6],[2,0],[1,1],[-1,0],[0,1],[-3,0],[1,1],[-6,-2],[-14,22],[53,4],[40,19],[29,30],[15,0],[-15,31],[-8,0],[4,-9],[-13,7],[3,-13],[-12,7],[-3,-2],[-2,-27],[17,2],[3,-3],[-1,-2],[-16,-1],[-33,18],[-20,-8],[65,37],[41,8],[8,-20],[45,-10],[59,23],[46,32],[54,12],[50,-40],[-24,-16],[-15,5],[-20,-22],[-15,3],[4,-10],[-17,-9],[-12,-32],[-15,5],[-8,20],[0,-12],[-31,-1],[-1,4],[7,1],[6,7],[-1,1],[-16,-10],[6,-5],[28,-4],[-4,-18],[-13,4],[6,11],[-11,-16],[-14,1],[-9,20],[5,-23],[-11,7],[-1,-9],[-14,-2],[-22,5],[-6,12],[-2,24],[15,27],[-41,12],[-8,-23],[-14,6],[6,-27],[-13,1],[20,-9],[-7,-30],[-18,-9],[-106,-5],[-1,-3],[0,-1],[-1,-1],[0,-3],[-1,0],[1,-5],[-2,0],[2,-2],[-3,-5],[-13,4],[8,-5],[-15,-1],[-4,-2],[31,2],[13,-15],[-7,-18],[-35,10],[10,-12],[14,3],[-8,-18],[29,11],[29,-27],[45,-11],[-12,15],[-47,19],[7,16],[26,2],[14,-29],[41,-13],[35,-26],[5,-11],[-12,-13],[7,-7],[32,15],[-16,34],[-31,19],[-5,14],[25,8],[-6,11],[18,24],[29,9],[35,-8],[3,-32],[-52,-13],[54,5],[1,-28],[7,-11],[5,60],[14,17],[18,-12],[-1,-50],[18,-35],[32,-26],[35,-82],[-34,7],[-27,30],[-18,9],[-15,-4],[2,-20],[-42,17],[-7,-6],[-3,-19],[17,0],[0,-22],[5,-6],[-4,30],[-16,1],[8,19],[44,-18],[4,23],[18,-4],[17,-21],[45,-31],[4,-37],[-26,-26],[-111,-16],[-76,21],[-44,-41],[8,-6],[38,35],[55,-26],[75,12],[65,-21],[11,-30],[-13,-13],[3,-9],[17,27],[-5,13],[48,47],[22,0],[17,-13],[-4,13],[-30,13],[14,99],[-21,123],[18,23],[30,-17],[15,-40],[36,-39],[32,-9],[1,-15],[-17,10],[-14,-9],[12,5],[25,-20],[31,27],[-10,56],[12,18],[9,-2],[5,18],[11,-85],[64,-68],[11,-26],[-49,-42],[-7,-13],[10,-4],[22,8],[19,-4],[29,32],[7,39],[-76,84],[-10,30],[40,17],[1,12],[30,16],[120,-23],[22,-51],[14,-9],[-7,48],[12,4],[-12,13],[27,41],[82,-15],[150,7],[78,13],[55,-11],[22,-19],[-23,-12],[-15,-30],[1,-47],[37,-11],[51,35],[44,2],[25,-23],[56,-132],[-20,-29],[-62,-19],[-15,-7],[6,-5],[78,21],[68,62],[45,16],[-5,7],[-29,-4],[-27,15],[16,136],[-25,41],[45,24],[53,4],[48,29],[-13,19],[-35,-1],[-6,7],[11,77],[-14,88],[36,17],[10,25],[-5,14],[-1,-17],[-2,22],[11,-11],[-3,12],[22,20],[-18,5],[34,28],[-41,8],[-15,138],[-27,88],[-8,10],[-16,-11],[-16,18],[-103,3],[-63,-18],[-38,-21],[-27,-6],[-18,9],[-24,-2],[4,11],[-16,16],[-4,23],[6,69],[-9,24],[10,10],[-1,37],[-16,8],[-13,103],[14,-1],[11,18],[35,4],[1,27],[12,3],[-5,16],[17,1],[2,-14],[17,12],[-15,9],[15,-2],[20,20],[-44,18],[14,1],[5,17],[21,16],[-25,8],[-29,27],[-19,3],[-23,35],[4,8],[-19,9],[-8,28],[-16,1],[-7,15],[-57,6],[-18,-7],[-12,18],[-3,-12],[-14,-3],[1,17],[-26,4],[-20,57],[-10,3],[-7,-22],[-9,-1],[-29,27],[11,-56],[-33,-42],[-58,-40],[13,-50],[-32,-10],[-48,13],[-19,-13],[3,-9],[-53,-15],[-17,5],[5,9],[-16,9],[7,7],[-23,15],[36,60],[2,120],[-16,102],[-33,110],[38,19],[27,-36],[41,-13],[38,0],[34,15],[-1,18],[-99,-4],[-29,27],[-67,18],[-11,11],[-34,149],[-26,50],[-4,100],[-47,15],[-24,-9],[-23,33],[-63,256],[6,59],[39,79],[33,139],[16,23],[40,22],[-9,35],[-23,33],[36,-6],[30,11],[43,74],[15,0],[16,-21],[26,-11],[79,115],[-26,56],[27,80],[78,66],[82,95],[27,-5],[17,11],[24,33],[3,21],[28,15],[-15,-3],[3,24],[-36,8],[-2,11],[22,68],[15,128],[19,47],[154,150],[229,296],[8,1],[5,-18],[-42,-56],[33,-41],[9,0],[2,-15],[16,-6],[-9,19],[20,0],[17,18],[3,44],[34,9],[22,41],[-54,1],[-2,7],[40,174],[-6,14],[-33,3],[-3,12],[85,18],[117,65],[24,-5],[-17,-33],[12,-4],[75,53],[-6,-44],[47,44],[-12,36],[4,30],[41,57],[99,100],[91,47],[21,3],[14,-8],[22,24],[-5,17],[44,70],[24,11],[17,-5],[21,38],[-41,36],[34,5],[10,22],[-25,12],[-4,13],[44,-6],[69,6],[89,18],[17,15],[47,-18],[8,6],[-24,16],[25,6],[19,-10],[109,-3],[103,142],[62,52],[146,68],[115,41],[183,14],[87,-15],[67,2],[23,-8],[16,11],[9,-9],[22,1],[83,36],[83,3],[39,16],[26,-6],[221,35],[39,-5],[83,9],[115,27],[23,-1],[-3,-20],[9,-4],[49,61],[36,8],[57,-4],[21,-13],[22,-34],[-29,-2],[19,-33],[45,-42],[-29,-24],[10,-74],[47,-2],[7,-15],[26,-3],[148,40],[46,-1],[93,-61],[9,-44],[34,-24],[9,-47],[19,-29],[55,4],[41,24],[98,123],[74,67],[10,-16],[49,-17],[28,0],[57,45],[63,2],[5,-6],[26,19],[40,0],[13,25],[31,-10],[42,15],[-7,3],[14,9],[18,-9],[18,3],[31,-42],[-8,-7],[34,-11],[-8,-18],[9,-41],[26,-6],[12,-20],[29,-3],[59,-49],[18,-6],[60,13],[-3,61],[43,14]],[[30011,36057],[-33,-50],[-28,-15],[-5,-25],[-54,0],[-25,-61],[-30,-14],[-20,-114],[-52,-64],[-27,-18],[-19,-35],[-7,-42],[3,-11],[61,-36],[30,-29],[76,-27],[112,-70],[12,-66],[-8,-36],[-20,-26],[-3,-33],[11,-27],[7,-102],[-35,-16],[-87,-5],[-50,28],[-60,-22],[-26,-19],[-68,7],[-45,30],[-10,71],[-26,52],[-43,29],[-72,-31],[-51,-35],[-94,-1],[-56,26],[-58,8],[-76,-31],[-32,-30],[-46,-16],[-31,-32],[-24,-9],[-54,-12],[-133,-9],[-59,-31],[-6,-52],[-34,-26],[-17,-36],[4,-76],[-12,-40],[-44,-58],[-51,-2],[-92,29],[-57,29],[-95,73],[-83,37],[-242,20],[-79,-41],[-63,1],[-43,-11],[-11,-17],[2,-38],[-36,-17],[-35,-41],[-36,-5],[-35,17],[-55,-8],[-68,-30],[-18,-19]],[[27550,34797],[-45,-17],[-22,-27]],[[27483,34753],[-87,47],[-35,67],[-32,25],[-70,20],[-49,-32],[-38,31],[-21,34],[-25,9],[-55,1],[-38,-32],[-25,-5],[-38,30],[-19,-4],[-21,-22],[-62,10],[-34,-13],[-116,0],[-61,-37],[-52,-14],[-56,3],[-46,42],[-31,-2],[-24,15],[-32,39],[-148,96],[8,7],[-6,15],[17,9],[1,12],[-24,6],[0,11],[-28,11],[-25,59],[-22,14],[-1,12],[45,82],[30,12],[-72,8],[-8,12],[5,73],[-32,35],[-24,2],[0,18],[-87,125],[-48,24],[17,32],[28,22],[5,47],[25,37],[-16,15],[-15,-15],[-29,3],[-8,49],[-25,27],[-93,16],[-5,-10],[-70,-4],[-32,-15],[-41,0],[-16,11],[-26,-8],[-9,10],[-43,-9],[-33,23],[42,44],[-58,-7],[13,19],[-12,19],[15,29],[-38,67],[-9,-3],[6,-30],[-7,-6],[12,-7],[-8,-19],[-50,-8],[0,-18],[-18,-3],[4,-19],[-14,2],[-5,-20],[-22,4],[-15,-7],[13,-17],[-17,-2],[2,-41],[-14,-2],[14,-10],[-16,-2],[-28,-24],[-13,1],[-21,-29],[-6,13],[-20,-10],[1,16],[-33,-17],[6,30],[-9,15],[-33,-4],[-22,29],[-56,18],[-40,32],[-17,-46],[-18,3],[15,16],[-22,3],[0,-12],[-31,-33],[-35,43],[-8,-5],[14,-13],[-14,-10],[-14,2],[-3,-14],[-54,6],[4,38],[-27,-2],[-17,22],[-20,-16],[-19,10],[-37,-20],[-22,1],[3,-11],[-12,-8],[-41,13],[-21,-15],[34,-19],[8,-20],[-31,-38],[-15,-2],[-3,20],[16,14],[-4,10],[-57,-8],[0,22],[-26,13],[15,12],[-18,25],[-24,-35],[-19,4],[-6,23],[-12,3],[-30,-25],[-7,18],[-24,-4],[4,-22],[-14,-7],[-6,22],[-51,-1],[1,12],[-27,21],[-25,0],[-17,15],[-30,6],[1,9],[19,-4],[21,9],[-1,22],[-21,3],[-12,16],[-9,-8],[-2,9],[-13,1],[-12,-4],[2,-8],[-16,7],[-16,-11],[3,8],[-23,2],[-13,16],[-23,3],[-11,11],[-33,2],[-10,-14],[-21,-4],[-101,28],[-30,-19],[5,-23],[13,-3],[-3,-11],[-8,2],[4,-10],[23,-6],[0,-9],[14,2],[-2,-7],[37,10],[19,-13],[-19,-28],[-51,-6],[-5,-19],[-21,-12],[-6,-20],[-19,-8],[5,-6],[-14,-10],[4,-39],[11,-2],[7,-26],[21,-18],[12,-47],[9,-2],[-25,-48],[-19,-5],[0,-25],[-19,-18],[-59,-17],[-104,13],[-49,-25],[-67,11],[-37,-12],[-41,-31],[-121,19],[-34,-11],[-11,-37],[-29,-15],[-30,4],[-15,18],[-6,-10],[-8,12],[-11,-7],[-39,12],[-2,-8],[-49,18],[-20,-1],[-11,49],[27,29],[-9,41],[-43,8],[-67,-31],[-35,11],[-24,17],[-10,28],[19,53],[-21,12],[-18,-1],[-32,-28],[-24,2],[-23,14],[6,26],[-15,-3],[11,7],[-8,17],[11,0],[-5,11],[14,-5],[-4,11],[15,14],[-20,37],[-27,10],[-44,-5],[-9,9],[-4,-12],[-23,14],[3,29],[54,33],[-3,13],[-32,17],[6,16],[16,11],[13,-13],[8,18],[-28,33],[-16,73],[-52,31],[-47,43],[-72,14],[-11,36],[16,62],[-28,8],[-35,-6],[-7,8],[-1,21],[27,40],[-27,40],[-25,16],[0,14],[45,57],[-22,13],[-41,-19],[-8,28],[-30,21],[-22,4],[-33,-13],[-19,34],[-45,2],[-24,66],[-48,43],[3,14],[47,19],[-22,69],[-28,9],[-75,-22],[-19,5],[-15,23],[-25,11],[-50,-3],[-103,16],[-24,12],[-30,-29],[-122,-66],[-14,-15],[4,-48],[-27,-52],[13,-24],[-4,-50],[-36,-74],[14,-16],[52,-19],[4,-16],[-31,-30],[-42,-22],[-24,-33],[4,-104],[-43,-26],[-33,-1],[-16,-16],[-37,-3],[-34,-30],[11,-93],[40,-123],[9,-11],[62,-8],[7,-17],[-15,-34],[-39,-31],[-9,-33],[-29,-21],[-12,-41],[13,-29],[33,-27],[-5,-13],[-21,-9],[-5,-33],[37,-26],[8,-35],[-64,-136],[-50,-69],[-8,-105],[4,-20],[83,-84],[38,-54],[50,-25],[81,-17],[82,-53],[68,-59],[9,-23],[39,-34],[6,-30],[19,-17],[12,-57],[-15,-45],[21,-19],[0,-27],[-22,-24],[-14,-55],[-59,-23],[-2,-14],[17,-23],[79,-31],[48,-56],[33,-63],[10,-85],[-6,-34],[-27,-28],[-82,-20],[-6,-17],[-36,-20],[-2,-13],[86,-59],[56,-27],[39,-7],[25,-23],[48,-4],[55,-24],[25,-1],[33,-40],[71,-42],[20,-45],[29,-23],[16,-30],[0,-50],[45,-139],[53,-75],[77,-69],[31,-56],[3,-42],[-30,-28],[-20,-10],[-132,-19],[-43,-27],[-4,-39],[14,-33],[176,-151],[36,-56],[-232,-190],[-21,-27],[-31,-57],[-15,-62],[5,-81],[77,-129],[66,-19],[49,12],[66,77],[70,18],[38,25],[35,7],[23,17],[-14,18],[2,41],[26,25],[27,3],[-6,20],[29,26],[-10,30],[28,-8],[30,58],[-10,18],[15,15],[-17,14],[33,23],[-2,42],[-27,-4],[-7,56],[54,-9],[26,9],[-6,30],[28,-9],[22,6],[29,-42],[-18,-19],[14,-7],[23,9],[8,17],[22,-13],[-8,40],[32,-3],[10,14],[17,-3],[10,31],[37,1],[14,29],[-1,11],[-16,8],[2,21],[-28,4],[0,49],[21,3],[26,-13],[34,26],[33,8],[13,-24],[19,-2],[4,13],[-14,13],[14,17],[99,44],[9,-18],[-28,-45],[11,-25],[14,-6],[-8,-11],[10,-30],[-10,-23],[12,-10],[-14,-11],[-1,-23],[-12,-4],[19,-17],[-15,-6],[13,-13],[-8,-21],[11,-7],[-6,-15],[11,-23],[-41,-28],[8,-16],[-58,-119],[38,-86],[14,-111],[-6,-47],[-29,-29],[-13,-93],[-1,-66],[28,-98],[-23,-137],[38,-206],[-36,-41],[17,-35],[-5,-45],[-48,-16],[-15,-28],[-36,12],[-26,-10],[-9,9],[4,27],[-19,-2],[-46,18],[13,32],[-81,19],[-44,25],[3,19],[-62,23],[-3,37],[-23,3],[-7,11],[12,15],[-46,12],[46,31],[-8,12],[-39,11],[-73,-9],[-21,31],[-33,-59],[-28,15],[10,22],[-17,-2],[-3,-24],[-34,14],[-18,47],[-25,-5],[-12,-30],[-14,2],[-7,-21],[-38,11],[14,-26],[-30,2],[-18,-23],[33,-11],[-3,-22],[-86,34],[-77,-23],[-42,1],[9,-25],[-7,-12],[-22,9],[-4,12],[-24,-2],[-18,-38],[-34,28],[-31,-30],[-31,1],[9,-15],[-19,-34],[-11,1],[2,19],[-24,-6],[-42,6],[4,-15],[-8,-5],[-75,24],[-2,-22],[-71,4],[-28,-43],[-36,16],[-22,-24],[16,-8],[-17,-22],[21,-3],[-10,-25],[8,-22],[-74,-43],[29,-42],[-21,-9],[-13,-27],[-152,-857]],[[28251,30850],[64,-44],[-3,-17],[43,-25],[25,7],[-1,-13],[66,-43],[42,18],[48,-4],[59,73],[61,16],[22,31],[-3,23],[34,42],[31,-29],[4,-20],[33,-13],[28,-31],[13,-34],[22,-13],[-6,-34],[23,-14],[17,-32],[6,-64],[-17,-15],[-15,-37],[3,-17],[38,-25],[8,-38],[-8,-30],[3,-19],[9,-2],[-3,-37],[-19,-9],[-23,-41],[10,-44],[26,-22],[-11,-102],[50,-25],[23,4],[59,-26],[32,-51],[0,-59],[25,-50]],[[29069,29985],[-30,-50],[-44,-8],[-33,-59],[3,-40],[-35,-36],[-20,13],[-13,-9],[-34,3],[-57,21],[-72,-10],[-35,-20],[-8,-15],[-28,-10],[-12,-27],[-36,2],[-28,-31],[-35,12],[-87,-43],[-57,13],[-36,-23],[-46,11],[-71,-28],[-38,-44],[-25,9],[-10,-11],[-53,-6],[-28,7],[-37,26],[-120,8],[-25,35],[-16,2],[-4,13],[10,8],[-31,31],[-40,2],[-53,-17],[-26,2],[-51,-22],[-40,-1],[-58,15],[-1,46],[-28,-17],[-54,35],[-13,-14],[-14,2],[-5,-19],[-18,18],[-20,-10],[4,-7],[-12,7],[-13,-7],[-4,-16],[-21,-7],[7,-2],[-14,-38],[8,-21],[-16,-11],[0,-11],[-22,-10],[-27,5],[-12,-16],[7,-10],[-21,-17],[-120,80],[-38,12],[-20,50],[-15,9],[-4,28],[-57,42],[-47,20],[-4,17],[-39,35],[-55,18],[-27,-10],[-81,-64],[-56,-85],[-46,-40],[-24,-35],[-51,30],[-28,6],[-2,23],[-21,14],[-41,9],[-1,47],[-24,30],[-45,8],[-61,-25],[-44,24],[-65,107],[-76,13],[-30,-12],[-79,21],[-29,-6],[-67,43],[-51,5],[-17,25],[-20,5],[-3,20],[-48,34],[4,30],[-1412,-271],[-569,-147]],[[23908,29698],[-29,1],[-41,28],[-16,-4],[-9,12],[-79,24],[-24,20],[10,14],[-12,7],[14,3],[-23,23],[-23,12],[-7,-6],[-47,4],[-17,16],[1,27],[-28,4],[-1,19],[-49,6],[-19,28],[-18,0],[-36,37],[-39,17],[0,11],[35,24],[-24,33],[20,27],[25,14],[18,-2],[56,42],[29,-12],[19,2],[11,-16],[12,8],[2,24],[14,4],[-7,16],[-17,10],[-17,-13],[-2,15],[21,21],[12,33],[-13,16],[-9,-21],[-43,-1],[-7,11],[-23,1],[-18,28],[31,15],[-16,25],[-53,13],[-23,-31],[-36,14],[16,22],[-8,17],[10,8],[-22,5],[2,16],[-18,1],[-24,19],[6,18],[-22,19],[-1,29]],[[23352,30455],[1246,386],[9,19],[-17,27],[11,16],[37,1],[9,69],[16,3],[-8,21],[9,16],[47,-6],[24,8],[10,19],[76,17],[47,44],[46,1],[51,-20],[50,11],[13,23],[101,-16],[44,53],[6,40],[-68,50],[-23,34],[11,9],[-7,31],[-31,38],[-2,19],[-53,43],[-10,26],[45,104],[-4,92],[13,75],[-20,78],[-45,33],[11,20],[32,23],[5,25],[27,17],[41,5],[1,12],[-25,16],[2,23],[37,18],[31,38],[50,27],[55,-25],[15,39],[-3,34],[63,-15],[19,4],[7,-10],[14,2],[33,-16],[69,35],[25,-17],[32,5],[37,-12],[23,5],[41,-8],[87,-54],[98,10],[44,-21],[-7,-28],[12,-24],[138,29],[87,66],[21,30],[20,64],[-10,38],[25,56],[-31,73],[-35,18],[24,10],[76,118]],[[26176,32449],[24,-33],[23,-5],[4,-45],[32,-12],[0,-10],[-29,-11],[36,-11],[-13,-28],[19,-30],[11,3],[-5,20],[10,16],[18,10],[21,-20],[-20,-26],[7,-6],[55,5],[3,28],[64,10],[2,-25],[47,7],[33,-42],[19,-3],[18,18],[25,-32],[17,2],[7,17],[31,9],[9,-11],[-16,-24],[30,-15],[-2,-18],[18,-22],[23,1],[8,-8],[-9,-32],[27,-17],[-7,-40],[66,-34],[23,10],[25,-10],[9,-20],[21,-5],[10,11],[6,-31],[19,-17],[-6,-16],[10,-15],[21,4],[-6,-15],[13,0],[5,-14],[22,-9],[25,7],[16,-5],[27,25],[34,-18],[72,2],[13,-21],[37,-20],[-1,-45],[57,-32],[15,-44],[17,-12],[21,10],[18,-18],[-18,-2],[13,-33],[84,-18],[6,-18],[62,-15],[1,-17],[11,-4],[30,24],[63,12],[32,-4],[53,-21],[11,-20],[30,-4],[28,-21],[13,-13],[-7,-30],[25,-24],[-7,-56],[19,-43],[46,-29],[140,-40],[-8,-46],[31,-14],[-3,-17],[18,-5],[-19,-43],[15,-65],[-11,-13],[14,-18],[-15,-16],[-43,-110],[-40,-22],[13,-23],[-3,-54],[21,-38],[20,-18],[4,8],[24,-58],[31,-28],[65,-30],[-8,-29],[12,-1],[30,29],[20,-42],[51,-32],[23,-34],[15,13],[-2,30],[33,34],[-1,23],[-10,5],[10,14],[-6,14],[30,75]],[[38361,52636],[1,42],[30,39],[-1,58],[24,17],[-12,40],[7,75],[53,37],[-2,50],[23,35],[-1,38],[-15,30],[3,49],[-18,13],[-31,-1],[-62,41],[1,36],[-45,13],[-12,28],[-33,5],[-41,24],[-49,-10],[-53,35],[-39,-9],[-51,29],[-13,24],[-40,35]],[[39671,53109],[-24,9],[-32,-7],[1,-26],[15,-18],[-9,-3],[18,-34],[-77,9]],[[39563,53039],[5,-28],[-15,4],[-9,-16],[24,-25],[-69,-93],[-43,-24],[-13,-42],[35,-29],[-14,-51],[-23,-22],[-33,-90],[11,-33],[30,-12],[24,-46],[60,-27],[10,-21],[2,-44],[-17,-34],[11,-47],[-8,-15],[24,-56],[13,-16],[11,1],[2,-56],[37,-30],[-8,-5],[0,-16],[10,-3],[-10,-3],[9,-3],[-5,-7],[14,-10],[19,2],[3,-10],[47,-1],[0,-39],[41,-6],[6,7],[15,-28],[11,4],[36,-31],[21,2],[-19,-24],[-21,14],[15,-30],[-19,-9]],[[40078,53901],[-10,-61],[11,-2],[13,-34],[7,-53],[29,-16],[20,-30],[40,6],[17,-9],[8,-78],[-30,-80],[29,-18],[11,-21],[-43,-67],[-39,-3],[6,-9],[-14,-16],[9,-18],[-21,-13],[7,-15],[-39,-18],[-11,-28],[7,-13],[-24,-18],[6,-13],[-15,-31],[-43,-24],[22,-25],[-15,-10],[2,-38],[-13,-32],[-25,-23],[19,-22],[-11,-15],[10,-13],[-7,-21],[-13,-14],[-18,0],[-32,-38],[-18,21],[-32,8],[-56,38],[-25,34],[-31,12],[-32,36],[-17,5],[-33,-16],[-13,3]],[[39671,53109],[-25,46],[-23,8],[-43,-2],[-2,-16],[-21,-4],[-27,52],[4,15],[-30,16],[-9,17],[-14,2],[2,13],[-33,18],[-8,24],[-19,9],[4,6],[-9,-2],[-27,37],[-21,3],[-19,19],[5,22],[-12,18],[7,32],[-9,25],[12,39],[-3,33],[30,25],[-14,96],[7,58],[22,45],[-27,22],[-62,16],[-23,19],[-36,1],[-8,21],[12,20],[-47,40],[22,26],[-26,43],[-34,17],[-20,22],[18,74],[-9,28],[7,35],[27,29],[13,33],[2,60],[-12,38],[-14,15],[-36,4],[-34,18],[-58,-7],[-70,27],[-55,7],[-64,37],[-117,4],[-121,45],[-58,12],[-24,3],[-21,-12],[-57,-9],[-2,27],[-22,27],[-23,75],[1,33],[-88,153],[-44,136]],[[38821,55589],[10,-26],[37,-20],[-1,-39],[23,-63],[74,-24],[0,-50],[32,-52],[94,-38],[40,-3],[29,-40],[38,24],[155,-2],[-2,-17],[32,-26],[27,-49],[22,-3],[19,-21],[49,-9],[28,-40],[92,21],[53,-1],[58,40],[48,-1]],[[39778,55150],[0,-38],[25,-95],[-3,-123],[47,-39],[-11,-23],[3,-37],[19,1],[13,-14],[0,-20],[13,-16],[-6,-27],[18,-10],[-20,-18],[5,-16],[-9,-4],[16,-18],[-24,-47],[11,-29],[-38,-22],[12,-13],[-3,-30],[-18,-34],[48,14],[43,-27],[56,2],[39,-50]],[[39783,51991],[46,7],[29,-25],[23,8],[50,-19],[47,5],[44,-25],[24,3],[48,-29],[44,-5]],[[39464,51651],[-31,-11],[4,-12],[-18,5],[-33,-20],[-13,-26],[-27,-4],[-19,7],[-30,-10],[-26,-25],[-90,47],[-79,-29],[-46,7],[-89,72],[-14,49],[14,22],[-10,9],[2,25],[21,62],[-13,47],[-12,9],[-32,-2],[-10,18],[-36,15],[-6,16],[-20,2],[-47,26],[-13,27],[-15,-1],[-29,28],[-52,16],[1,25],[-23,36],[6,24],[-26,18],[4,59],[-12,5],[-50,92],[-23,11],[11,51],[-26,20],[-6,47],[-29,8],[-30,31],[-46,11],[-11,40],[-84,80],[-10,33],[20,25]],[[38361,52636],[31,-13],[97,-82],[139,-7],[92,-29],[15,4],[68,70],[76,-2],[38,12],[30,-5],[9,-34],[-15,-30],[36,-42],[34,-15],[68,26],[36,-1],[24,-11],[41,-129],[53,-31],[72,-13],[17,-26],[-3,-51],[107,-69],[20,-37],[-3,-19],[41,-7],[13,-27],[33,-11],[0,-11],[26,6],[28,-27],[-7,-3],[6,-16],[13,-12],[20,1],[18,-34],[51,-10],[7,-16],[-7,-16],[13,-8],[-12,-36],[18,8],[25,-10],[21,10],[10,48],[15,2],[2,16],[20,10],[-4,15],[-23,13],[13,4]],[[43117,51249],[-8,-98],[-22,-50],[1,-25],[13,-15],[-16,-36],[8,-12],[-25,-10],[-36,-67],[31,-51],[1,-19],[36,-32],[-39,-27],[-27,-30],[-7,-23]],[[43027,50754],[-48,0],[-41,-31],[-21,3],[-22,-17],[0,-15],[-25,-34],[-60,-15],[-20,-18],[-53,20],[-49,-7],[3,-26],[-16,-53],[-49,-13],[-45,8],[-33,-11],[-35,4],[-52,-42],[-11,-25],[-26,-6],[-11,-19],[-40,20],[-62,7],[-21,30],[-23,14],[-2,18],[-40,46],[-43,7],[-2,29],[-31,-1],[-29,11],[-35,-11],[-60,25],[-19,-1],[-44,24],[-44,-1],[-14,8],[-45,-19],[-146,46],[-71,-28],[-39,29],[-18,-3],[-9,11],[-7,-8],[-19,10],[-8,-18],[-20,-1],[-26,-28],[-48,-1],[-32,20],[-24,-6],[-35,7],[-25,-9],[-3,16],[-15,-2],[-38,22],[-3,-11],[-37,-6],[-25,-34],[-18,-4],[-54,13],[-17,25],[-46,13],[-3,10],[-45,24],[-30,-3],[-32,30],[-21,-5],[-12,14],[-17,-7],[-20,8],[-15,-18],[-20,-3],[-1,-9],[-23,4],[-12,-17]],[[40825,50744],[-15,-8],[-26,2],[-9,-11],[-8,7],[-21,-3],[-31,-20],[-10,14],[-5,-14],[-8,10],[-9,-10],[-5,11],[-59,4],[-21,6],[2,7],[-17,-8],[-9,5],[-10,-12],[-12,5],[-1,-7],[-25,5],[-3,8],[-17,-5],[-23,23],[-42,-7],[-6,23],[-10,-2],[-6,11],[-3,-7],[-15,19],[-22,-2],[0,-10],[-38,12],[-8,-21],[-30,-10],[-15,14],[-25,0],[2,8],[-25,5],[6,13],[-15,3],[6,10],[-17,15],[-21,-1],[-5,-8],[-15,12],[-16,-9],[-1,12],[-6,-7],[-6,8],[-10,-4],[-30,22],[0,10],[-8,-7],[-19,3],[-55,23],[-44,-25],[-26,-30],[-11,5],[-5,-8],[-49,36],[-4,-15],[-30,-20],[-1,23],[52,38],[14,54],[-2,46],[15,20],[-23,95],[-27,13],[-81,-32],[-41,-2],[2,16],[-9,4],[-20,-27],[8,-27],[-19,15],[-18,-3],[2,-22],[-11,-17],[-63,-42],[-63,24],[-50,-36],[-19,-2],[-59,26],[27,24],[-14,16],[-36,-20],[-20,0],[-7,19],[30,30],[-19,9],[-24,-16],[-17,2],[9,50],[-10,14],[28,1],[17,-11],[4,10],[-16,19],[-27,4],[0,21],[14,12],[44,3],[14,27],[-40,46],[-42,-12],[-13,10],[5,18],[-35,11],[11,15],[60,18],[30,24],[30,-21],[28,8],[13,13],[7,65],[46,48],[-24,60],[37,10],[1,14],[-71,49],[-22,73]],[[39464,51651],[-12,32],[21,25],[17,7],[21,-5],[16,-37],[11,-5],[96,87],[26,5],[225,-92],[7,-20],[8,4],[35,-22],[19,2],[53,93],[21,87],[21,9],[25,-9],[40,5],[22,20],[4,20],[-14,31],[12,23]],[[40138,51911],[56,55],[26,42],[55,-1],[17,8],[26,66],[-31,31],[-6,40],[-17,25],[37,49],[-16,30],[45,22],[-2,22],[10,12],[38,8],[9,12],[-32,0],[-17,14],[37,40],[-9,40],[18,1],[12,-23],[44,7],[2,14],[-25,27],[11,30],[29,19],[41,8],[17,23],[7,51],[79,51]],[[40599,52634],[21,-24],[-1,-20],[17,-12],[6,-33],[51,-48],[-17,-14],[6,-13],[35,-26],[4,-19],[10,-2],[-9,-11],[16,-8],[-1,-24],[23,-14],[4,-24],[18,-14],[-1,-54],[22,-6],[14,-32],[-14,-16],[20,-39],[-3,-52]],[[40992,51738],[-10,-22],[-23,-5],[-33,-24],[-7,-26],[-15,-5],[-16,-25],[-13,-1],[-16,18],[-30,-48],[-5,-78],[-22,-59],[1,-38],[-15,-23],[18,-20],[6,-31],[28,-4],[32,16],[76,-14],[22,4],[47,-19],[13,-15],[87,-33],[57,-42],[11,4],[47,-19],[52,-40]],[[41268,54110],[-25,-5],[-23,-50],[-46,-39],[-5,-50],[-27,-27],[13,-28],[-13,-23],[-182,-71]],[[40960,53817],[-2,22],[-33,13],[-47,1],[-1,-9],[-15,-2],[-43,18],[-34,-8],[-70,24],[-34,-8],[-13,13],[-3,24],[-21,0],[-5,11],[-18,0],[-17,13],[-20,54],[-38,-9],[-57,-54],[-74,3],[-40,18],[-48,44],[-35,-19],[-18,9],[-24,-17],[-35,5],[-19,-17],[-11,3],[-4,-15],[-12,1],[-26,-28],[-65,-6]],[[40078,53901],[-18,9],[-76,-2],[-8,-18],[-17,19],[-47,-1],[-19,8],[7,25],[-9,26],[20,29],[-14,45],[14,24],[-53,39],[-21,83],[1,27],[17,19],[15,50],[47,-4],[15,11],[64,76],[18,51]],[[40014,54417],[7,19],[26,17],[22,-18],[47,-9],[31,14],[20,-17],[105,34],[21,-14],[24,7],[-6,6],[12,13],[33,4],[0,16],[47,15],[34,34],[26,2],[12,19],[27,-1],[14,9],[36,-18],[29,13],[16,-5],[-1,-11],[35,0],[-13,32],[24,43],[18,4],[52,-14],[34,11],[29,-11],[57,-51],[39,13],[13,-11],[44,7],[19,-26],[-15,-39],[54,-29],[68,-89],[11,-7],[80,-1],[-2,-89],[20,-37],[14,-6],[-6,-29],[21,-25],[-4,-13],[61,-28],[19,-41]],[[41783,52007],[18,4],[13,-7],[21,12],[22,-21],[7,-30],[22,-28],[49,5],[44,21],[9,-46],[29,-22],[53,4],[51,31],[77,9],[53,-16],[16,6],[16,-13],[30,0],[63,-21],[32,-1],[-27,-32],[33,-33],[34,-7],[-7,-34],[14,-38],[36,-17],[61,2],[17,-8],[13,-14],[-6,-34],[23,-52],[41,-33],[12,-23],[36,-24],[8,-41],[-17,-17],[16,-34],[51,-24],[-1,-59],[23,-45],[75,-35],[32,-6],[40,-30],[38,22],[28,-6],[29,-27],[37,-13],[70,17]],[[43117,51249],[-76,-39],[-59,-54],[-22,2],[-46,38],[-23,-3],[-73,-110],[-113,-62],[-71,-69],[-16,-62],[-40,-30],[-41,11],[-40,-22],[-12,-68],[-113,-22],[-20,-25],[-84,-41],[-86,23],[-53,-47],[-35,-14],[-61,15],[-14,32],[-91,26],[-44,35],[-42,14],[-13,25],[-32,9],[-17,19],[-106,32],[-37,45],[-64,10],[-2,61],[-16,26],[-130,34],[-27,44],[-22,-3],[-30,25],[-39,6],[-45,51],[22,28]],[[41284,51189],[81,29],[17,23],[-15,17],[19,9],[0,34],[10,-3],[7,25],[23,12],[6,45],[-61,4],[36,94],[-27,33],[-31,18],[-7,32],[-48,58],[5,19],[-11,35],[-25,10],[-11,23],[-13,-4],[-33,13],[-14,-10],[0,6],[-67,-3],[-16,-20],[-42,-12],[-39,15],[-4,11],[-13,-6],[-19,42]],[[40992,51738],[5,33],[16,17],[-6,24],[-52,41],[-14,-1],[-12,11],[-11,-4],[-34,52],[-49,29],[-15,45],[-24,27],[7,80],[13,11],[4,26]],[[40820,52129],[9,-15],[45,-10],[25,-27],[0,-17],[29,-10],[53,8],[56,-14],[34,17],[76,-18],[44,26],[29,-7],[6,25],[12,2],[-11,40],[53,21],[5,28],[44,13],[-19,14],[10,7],[-5,11],[12,4],[20,-21],[91,-2],[-13,-22],[11,-19],[26,-6],[1,-37],[14,-4],[6,-19],[3,-63],[-16,-39],[9,-16],[3,7],[49,8],[32,-16],[45,-7],[21,-21],[31,38],[19,9],[12,-7],[74,-2],[18,19]],[[37535,32935],[-67,-40],[-25,-37],[-30,-21],[40,-156],[-50,-131],[19,-21],[35,-13],[5,-13],[-18,-19],[-30,-4],[-75,-77],[-43,-19],[-28,4],[-20,-9],[-25,-60],[-61,-41],[-24,-48],[0,-66],[82,-28],[44,-60],[-6,-31],[-29,-48],[3,-88],[-25,-49],[-83,-44],[-67,-51],[-52,-69],[-13,-55],[-19,-21],[-182,-95],[-23,6],[-47,-14],[-15,-30],[-29,-7],[-15,-45],[33,-118],[-53,-46],[-48,-23],[-41,-47],[-28,-12],[-6,-40],[-45,-6],[-28,-35],[-45,-32],[-18,-35],[-46,-16],[-10,-26],[30,-37],[-15,-32],[0,-47],[-43,-62],[-37,-33],[-29,-69],[-13,-3],[-50,30],[-37,9],[-17,-15],[-76,-8],[-30,-15],[-49,-96],[-139,-61],[52,-30],[11,-23],[-3,-31],[-23,-31],[-15,0],[-18,-14],[3,-34],[-35,-28],[-3,-36],[-46,-32],[-32,-44],[8,-24],[-9,-11],[-43,-18],[-85,-8],[-48,-30],[-89,-16],[-39,-48],[-84,1],[-78,23],[-62,-3],[-61,54],[-69,-9],[-16,-29],[-7,2],[-1,36],[47,31],[-44,53],[57,18],[6,28],[36,5],[-4,37],[34,23],[-11,40],[27,12],[-30,53],[10,55],[17,32],[23,18],[-7,28],[10,37],[-10,33],[19,22],[-2,57],[17,49],[-6,21],[22,32],[-42,74],[-28,7],[-43,31],[-55,24],[-24,26],[14,57],[-41,12],[-9,23],[-20,14],[14,40],[-2,46],[-17,20],[7,36],[-85,106],[11,43],[62,62],[2,25],[27,24],[-7,17],[-40,16],[-42,40],[1,31],[33,4],[12,11],[-21,18],[14,14],[12,56],[-20,56],[34,38],[4,28],[-48,27],[-72,3],[6,32],[-22,6],[-12,21],[-41,19],[-3,15],[16,19],[-9,15],[-70,41],[-12,16],[-38,-8],[-39,4],[-9,32],[-44,8],[-23,28],[10,38],[-34,14],[-14,31],[-28,11],[-1,24],[-24,0],[-29,18],[-51,4],[-16,30],[-20,11],[-69,-2],[-40,-47],[-17,1],[-33,-16],[-3,-16],[-35,-21],[-14,-28],[-63,-4],[-79,-23],[-37,-33],[-20,-1],[-10,-10],[-84,-9],[-69,-55],[-102,-13],[-21,-21],[-65,-15],[-6,-9],[-73,14],[-14,-16],[-58,-8],[-10,-19],[-29,-20],[-34,-10],[-37,5],[-7,-12],[-70,-39],[-44,-5],[-87,-35],[-40,-4],[-28,-17],[-24,-31],[-46,0],[-28,-24],[-14,6],[-13,-13],[-3,10],[-13,-2],[-9,10],[-45,-5],[-59,-57],[2,-14],[-21,-2],[-15,-19],[-19,-6],[-64,-65],[-14,-8],[-40,21]],[[32642,31632],[3,25],[-33,37],[-13,51],[6,58],[-28,26],[-11,31],[-1,77],[29,13],[27,48],[37,109],[-37,70],[11,58],[-26,81],[9,41],[-27,52],[14,68],[-16,34]],[[32586,32511],[69,-6],[40,6],[44,57],[70,29],[57,42],[31,3],[66,-19],[85,4],[14,9],[13,30],[36,38],[-12,37],[-23,13],[-6,119],[37,29],[37,56],[34,31],[11,73],[41,56],[-4,45],[-42,26],[-27,39],[-47,19],[-18,42],[-24,3],[-22,-9],[-26,7],[-168,105],[-6,18],[-27,23],[-51,-6],[-16,40],[-38,45],[-45,138],[-48,23],[-16,37],[2,35],[-70,60],[-70,-12],[-42,-27],[-54,0],[-53,-56],[-84,2],[-55,12],[-44,-17],[-15,-24],[-30,-2],[-52,14],[-44,30],[-42,-12],[-28,6]],[[34072,36157],[30,-35],[96,-58],[0,-49],[38,-37],[1,-39],[19,-27],[-6,-26],[30,-52],[-5,-37],[11,-14],[19,-3],[-25,-32],[-3,-26],[21,-13],[23,-46],[29,-28],[-6,-23],[27,-15],[24,-1],[12,-15],[32,0],[9,-13],[29,2],[3,23],[21,-6],[27,8],[65,-15],[4,-11],[15,1],[2,-11],[26,-11],[3,8],[13,-8],[14,9],[19,-5],[18,-30],[20,-9],[10,11],[33,5],[19,22],[72,-25],[25,0],[32,-19],[31,4]],[[34949,35511],[44,4],[9,-50],[-45,-61],[3,-46],[-59,-10],[-13,29],[-21,0],[-52,-46],[-72,-14],[-16,-37],[-79,-95],[26,-86],[71,-56],[-25,-36],[0,-17],[-34,-33],[-2,-27],[53,-5],[57,-30],[55,-4],[21,-36],[39,-27],[15,-42],[36,-15],[-28,-33],[-8,-35],[-55,-30],[12,-76],[70,-32],[15,-18],[58,-20],[4,-34],[62,-33],[17,-29],[27,-2],[34,14],[26,-10],[73,-57],[20,-32],[61,8],[-6,19],[41,24],[34,6],[35,-29],[27,6],[36,-24],[49,5],[100,-55],[40,-8],[112,-68],[23,-31],[94,-33],[50,-89],[46,-112],[-18,-55],[-41,-21],[-4,-18],[22,-34],[2,-39],[56,-56],[28,1],[49,76],[166,92],[73,-24],[5,-10],[-16,-36],[25,-11],[-35,-87],[8,-57],[-26,-44],[15,-25],[0,-61],[-28,-19],[9,-29],[-28,-38],[38,-29],[40,2],[16,24],[34,8],[67,-20],[39,-27],[44,17],[107,-9],[56,117],[83,36],[23,1],[68,-26],[33,-3],[23,-42],[75,-18],[53,15],[77,-18],[46,45],[27,7],[6,-28],[32,-28],[12,-29],[21,-12],[23,6],[10,-6],[-6,-26],[8,-22],[103,-96],[-2,-16],[-21,-13],[43,-55],[-6,-36],[8,-34],[-25,-40],[17,-38],[60,-44],[7,-30],[-21,-42],[26,-24]],[[38312,41913],[-11,-17],[54,-21],[11,-31],[23,-25],[-9,-31],[-16,-13],[20,-38],[-1,-24],[-29,-26],[-35,-3],[-11,-23],[-35,6],[-13,-15],[-35,4],[-38,-16],[-21,-15],[2,-35],[17,-25],[37,8],[35,-4],[32,-29],[37,-8],[20,-37],[41,-37],[0,-27],[20,-32],[-20,-94],[40,-25]],[[29563,36845],[-43,-44],[-36,-2],[-101,41],[-41,39],[-69,17],[-100,49],[-43,3],[-32,17],[-115,3],[-49,-60],[-61,-1],[-17,-9],[-7,-42],[10,-13],[34,-8],[12,-35],[-9,-31],[6,-54],[-43,-29],[-2,-38],[-60,-76],[20,-32],[1,-48],[-22,-39],[-87,-11],[-44,23],[-88,15],[-63,-24],[-58,9],[-43,-5],[-80,35],[-24,-28],[-37,-21],[-56,-72],[-54,-13],[-41,-23],[-33,-4],[-76,-54],[-285,22],[-39,-11],[-90,-50],[-99,1],[-44,-19],[-86,-6],[-42,-26],[-117,-43],[-81,-42],[-37,-3],[-32,9],[-48,33],[-200,42],[-29,37],[-92,51],[-18,36],[-42,21],[-96,25],[-62,-12],[-55,12],[-67,71],[-31,83],[1,52],[39,97],[-23,61],[19,103],[-9,12],[-88,41],[-24,42],[-4,35],[-48,62],[-7,39],[-27,18],[-5,49],[-30,36],[22,86],[-20,66],[0,37],[-49,37],[-24,36],[-9,55],[-26,43],[-8,61],[-97,69],[-28,62],[8,82],[-10,42],[11,91],[-23,37],[-29,118],[-3,161],[11,46],[42,48],[21,96],[-6,283],[-12,75],[-49,83],[-26,107]],[[25810,38979],[84,-2],[65,33],[-7,42],[-46,62],[48,96],[56,24],[77,4],[98,65],[48,-5],[31,7],[39,-33],[68,-3],[11,9],[-15,33],[9,23],[56,8],[22,-8],[18,-24],[40,-6],[51,-32],[47,-7],[10,-17],[-10,-11],[9,-5],[72,13],[82,30],[-48,40],[-14,38],[25,54],[-5,25],[19,39],[-4,16],[-51,-22],[-19,15],[21,106],[23,50],[31,26],[36,11],[7,-3],[-9,-23],[27,3],[9,-7],[99,43],[57,-25],[39,21],[6,35],[50,38],[43,59],[-131,30],[-39,-11],[-20,33],[38,43],[142,106],[112,11],[15,15],[0,15],[18,6],[-2,14],[15,7],[29,64],[19,58],[0,34],[31,1],[56,141],[-29,14],[-1,43],[21,23],[59,13],[-26,10],[-12,45],[89,117],[27,3],[5,-7],[18,16],[33,134],[-10,12],[8,8],[-19,3],[-6,13],[27,40],[2,62],[-38,16],[-44,-7],[-3,26],[-16,7],[-53,-30],[-74,-87],[-12,11],[43,87],[73,36],[-33,-5],[-11,19],[5,21],[155,243],[75,56],[24,65],[66,23],[81,44],[37,5],[-3,11],[41,34],[139,156],[25,16],[107,130],[50,32],[107,178],[35,135],[59,76],[24,4],[-3,-17],[40,-19],[-5,-11],[21,-10],[2,-16],[30,-3],[39,-20],[29,-24],[15,-29],[70,-1],[18,17],[34,3],[16,59],[-32,13],[-17,40],[30,34]],[[28730,42248],[47,1],[68,-44],[59,15],[42,36],[-27,29],[4,11],[41,1],[7,9],[-9,18],[-30,3],[-22,15],[3,22],[40,8],[65,-28],[2,22],[24,35],[30,5],[18,21],[34,-5],[50,37],[19,0],[17,-22],[73,-41],[-3,-43],[17,-25],[43,-29],[26,-70],[31,-6],[42,11],[73,-60],[7,-29],[-16,-28],[6,-55],[-9,-39],[50,-32],[47,-7],[28,-23],[6,-14],[-19,-58],[10,-38],[72,-8],[61,-28],[36,54],[42,7],[17,15],[11,16],[-2,40],[33,-11],[39,17],[-10,38],[13,17],[18,0],[65,-26],[44,-41],[56,-26],[47,-9],[27,20],[14,-2],[12,-58],[-68,-9],[-17,-28],[15,-23],[25,-7],[40,12],[-1,-32],[12,-17],[13,6],[20,51],[13,-3],[19,-41],[40,11],[19,-36],[36,-36],[1,-33],[10,-9],[18,12],[6,43],[22,11],[11,-15],[-12,-34],[8,-18],[70,-38],[9,16],[-21,14],[5,13],[35,0],[13,-24],[55,46],[23,5],[-2,14],[-24,7],[9,23],[20,16],[-9,28],[32,-7],[27,5],[11,-12],[28,3],[16,19],[5,39],[15,-21],[34,0],[-4,28],[16,25],[35,-6],[23,13],[26,33],[35,10],[2,38],[16,2],[15,-13],[34,17],[29,-8],[5,26],[-20,9],[12,18],[28,-3],[8,13],[8,-34],[39,2],[13,-12],[17,20],[22,0],[25,-11],[8,-33],[33,-17],[86,46],[42,40],[6,20],[34,5],[26,26],[18,4],[44,-17],[35,16],[-6,-29],[27,7],[13,-12],[11,3],[73,-50],[40,-14],[73,3],[104,-32],[47,17],[91,-68],[83,-12],[54,11],[42,-39],[-2,-18],[21,-36],[72,-23],[-13,-41],[29,-17],[20,-31],[79,0],[41,-17],[103,-11],[16,17],[18,4],[-2,11],[19,5],[35,42],[-2,14],[9,3],[-15,51],[9,17],[23,5],[28,31],[22,5],[14,42],[-11,32],[24,52],[-13,37],[30,83],[3,45],[77,18],[37,-12],[61,38],[49,9],[36,-7],[40,19],[32,-1],[20,-16],[27,2],[8,-14],[14,-2],[8,8],[16,-6],[15,16],[55,-8],[29,14],[61,-10],[29,5],[52,-18],[112,69],[35,-7]],[[31924,33722],[-20,-19],[-30,-1],[-38,-18],[-41,-53],[-33,17],[-44,-10],[-15,-23],[0,-21],[-60,-70],[-14,-30]],[[31629,33494],[-16,-27],[-49,-15],[-52,0],[-23,-23],[-90,-12],[-55,7],[-14,-8],[-106,-4],[-53,-24],[1,10],[-15,2],[-31,46],[-4,23],[19,26],[-2,17],[-44,16],[-1,21],[-15,13],[-14,-13],[-30,-7],[1,-13],[-21,-4],[-10,-19],[-20,6],[-45,-5],[-7,9],[-58,-17],[-21,2],[-14,15],[-22,-6],[-14,6],[-7,-13],[-17,2],[-3,-12],[-38,-13],[-54,-5],[-12,6],[-5,-11],[-27,-9],[-17,8],[-57,-35],[-2,-15],[-19,-5],[-4,10],[-12,0],[-12,-11],[-24,-2],[-3,-9],[-21,10],[-15,-11],[-13,4],[-23,33],[-20,4],[-5,16],[-23,-8],[-5,28],[-41,-4],[-12,-23],[-14,6],[-25,-13],[1,-11]],[[30275,33433],[-27,5],[-11,-9],[-26,8],[-3,35],[-21,-2],[8,24],[-27,-10],[-3,-21],[-55,12],[-10,21],[-13,-25],[-9,20],[-17,-5],[-4,9],[-38,6],[-42,21],[-40,-4],[-28,13],[-24,-2],[-10,12],[-15,-2],[41,89],[53,74],[4,30],[56,65],[0,36],[22,46],[36,27],[-5,16],[16,28],[-16,5],[-2,10],[41,53],[-40,82],[-17,9],[-14,27],[-21,2],[31,60],[-10,15],[-26,0],[-7,23],[38,14],[-2,21],[24,30],[39,14],[4,78],[51,80],[-13,16],[14,9],[48,2],[-3,54],[167,51],[23,23],[0,19],[35,19],[5,21],[22,22],[-9,52],[10,23],[-18,27],[4,34],[28,22],[70,7],[31,20],[53,-20],[21,32],[-25,29],[-6,36],[19,15],[44,-6],[50,94],[-28,36],[-8,35],[-14,8],[8,30],[-18,29],[-21,6],[-36,61],[-47,14],[-60,1],[-10,11],[-27,5],[-34,-12],[-85,14],[-50,42],[-11,21],[-38,10],[-33,50],[-5,28],[-108,34],[-51,2],[-14,16],[5,18],[-13,18],[-72,41],[-55,17],[-15,17],[-38,4],[-15,31],[5,24],[101,72],[-1,39],[28,48],[-2,38],[35,16],[19,57],[1,99],[-8,3]],[[30011,36057],[-20,18],[18,49],[-14,27],[19,19],[20,2],[-16,49],[-44,64],[-26,94],[23,17],[16,42],[31,13],[-2,12],[-17,12],[0,13],[-42,-4],[-16,57],[-29,30],[2,34],[-35,19],[-23,32],[-44,22],[-30,39],[-35,23],[-16,45],[-24,27],[-36,22],[-108,11]],[[29563,36845],[-10,29],[-21,22],[-66,14],[-20,39],[6,30],[46,6],[32,45],[-65,58],[-21,46],[0,21],[33,28],[5,22],[-8,34],[-41,46],[-23,10],[19,62],[-59,17],[8,26],[25,9],[7,14],[-2,11],[-24,7],[-12,16],[16,39],[-15,22],[7,31],[5,10],[72,18],[47,38],[52,12],[88,58],[59,15],[67,97],[68,49],[86,44],[7,22],[-35,34],[-12,29],[-5,43],[21,39],[-31,58],[45,79],[58,39],[34,-4]],[[32866,36269],[-5,-16],[46,-38],[16,-35],[2,-76],[-11,-21],[-39,-32],[3,-40],[-21,-43],[17,-7],[15,-25],[-15,-13],[-69,-19],[6,-19],[12,-4],[6,7],[19,-20],[31,1],[14,-11],[-3,-27],[9,-9],[-4,-52],[11,-54],[-23,-50],[29,-31],[-3,-25],[22,-25],[-15,-39],[-43,-54],[152,-52],[83,-2],[4,-28],[30,-14],[15,-36],[20,-10],[19,-26],[12,-67],[-101,-49],[-68,18],[-52,34],[-25,4],[-78,56],[-15,-3],[-24,-30],[-26,1],[-45,43],[-34,16],[-20,-2],[-30,34],[-16,-4],[-12,-42],[-21,6],[-4,14],[26,32],[-38,12],[-51,43],[-15,-3],[-21,-27],[-42,-12],[-30,8],[-43,30],[-60,-37],[-17,-1],[-42,36],[-43,58],[4,36],[-46,25],[-5,40],[61,18],[34,-7],[22,21],[26,-7],[-26,18],[31,43],[76,-2],[43,24],[-6,18],[13,7],[0,110],[35,21],[24,31],[40,0],[32,29],[-11,47],[-32,12],[-36,0],[-24,-30],[-27,-10],[-16,-28],[-32,-8],[-16,-22],[-36,-11],[-26,4],[-30,-19],[-24,-43],[-37,-37],[-10,-35],[-42,1],[-65,-53],[1,-47],[-72,-30],[4,-37],[-11,-17],[8,-9],[-30,-21],[-22,-33],[-41,-20],[-38,-64],[-7,11],[-13,0],[-24,-28],[-23,-6],[-26,-34],[-6,15],[-18,-20],[-31,20],[-31,-14],[-25,13],[-4,-21],[-28,-14],[-23,-43],[-37,-12],[0,-26],[-32,-3],[1,-22],[-23,-20],[5,-14],[-17,-5],[-1,-13],[-41,-3],[-19,-21],[-41,7],[-2,-16],[-28,-2],[-8,-18],[-7,17],[-12,3],[-14,-33],[-30,-7],[-45,20],[-10,19],[-25,2],[-18,-22],[24,-24],[-38,2],[-17,-9],[-36,-51],[2,-33],[-10,-8],[11,-6],[-2,-49],[79,-8],[62,-40],[12,9],[15,-27],[36,2],[1,-19],[24,-4],[-2,-12],[15,-15],[18,-1],[15,-14],[6,-77],[4,-14],[35,-26],[-9,-60],[33,-79],[-10,-39],[-48,-38],[1,-26],[27,-18],[29,-107],[16,-3],[16,17],[15,-15],[49,-13],[19,4],[11,-8],[72,-8],[31,9],[10,16],[19,-10],[34,1],[37,14],[81,-27],[-8,-52],[7,-16],[-11,-24],[28,-30],[-10,-28],[16,-23],[-21,-68],[-21,-21],[-50,-1],[-36,-33],[-15,-54],[-23,-37],[-24,-10],[7,-40],[-43,-4],[-20,9],[32,-40],[80,-60],[34,-41],[24,-8]],[[34072,36157],[-103,36],[-21,-3],[-54,17],[-20,-5],[-26,-27],[-26,3],[-10,13],[-24,-7],[-6,19],[-19,6],[-56,-15],[-30,18],[-92,1],[-40,20],[-46,-11],[-8,10],[-24,-9],[-14,10],[-17,-5],[-5,11],[-17,-11],[-13,8],[-29,-2],[-8,15],[-22,-4],[-40,34],[-70,8],[-13,-11],[-20,17],[-36,-9],[-13,-18],[-21,11],[-70,-56],[-41,26],[-19,-9],[-15,11],[-34,-15],[-12,9],[-18,-7],[-26,8],[-28,25]],[[32866,36269],[-1,14],[-32,3],[5,13],[-19,51],[-23,33],[-15,4],[-13,42],[-15,9],[6,30],[-15,-5],[2,13],[-12,3],[8,25],[-17,6],[22,7],[-13,24],[16,29],[-10,-1],[-2,22],[-16,4],[-6,12],[5,25],[-14,5],[-20,68],[-18,21],[-11,-3],[-16,13],[-4,13],[-12,-13],[-2,23],[-18,-11],[-9,14],[-15,5],[-8,-10],[-16,10],[2,8],[-10,-3],[-8,12],[14,5],[8,18],[-47,36],[-11,4],[-10,-26],[-50,-26],[13,-46],[-63,-48],[-42,-55],[-25,-3],[-7,-29],[-70,-16],[4,-22],[-44,-40],[-31,2],[-33,-23],[-29,16],[-31,-10],[-84,7],[66,47],[6,57],[-62,56],[-41,7],[-34,23],[7,14],[-16,27],[12,16],[19,0],[11,11],[3,32],[24,34],[11,48],[-17,39],[10,10],[-16,37],[4,53],[-37,30],[-6,27],[-14,4],[-25,43],[-40,20],[-28,-45],[-60,8],[-69,-28],[-80,49],[-48,16],[-115,-22],[-21,53],[-63,23],[-46,-17],[-41,16],[-48,-58],[-21,0],[-29,-18],[-24,12],[-14,49],[-21,11],[-42,49],[58,83],[-30,62],[10,12],[-15,31],[3,27],[15,0],[15,-23],[20,4],[-10,44],[20,74],[-14,17],[6,40],[-10,27],[31,21],[11,39],[-37,68],[5,29],[-50,27],[-58,16],[-132,0],[-89,11],[-105,27],[-43,22],[-52,48],[-198,107],[-51,-26],[-117,47],[-123,15],[-26,50],[-41,40],[-28,11],[-13,18],[-45,0]],[[30006,38229],[33,50],[-13,45],[12,20],[-10,44],[10,27],[-41,40],[-4,48],[46,44],[35,5],[13,31],[22,-5],[56,40],[7,20],[-19,51],[7,12],[77,38],[38,32],[59,-3],[9,7],[26,63],[-13,9],[-19,77],[-20,20],[5,13],[46,8],[54,23],[131,-7],[98,14],[56,20],[24,27],[13,43],[-31,62],[-38,-5],[12,40],[24,32],[2,25],[-35,39],[-30,22],[-63,20],[-73,-4],[-21,13],[-55,10],[-34,-6],[2,35],[-76,82],[-94,21],[14,43],[20,22],[-14,29],[11,57],[49,65],[-6,60],[18,53],[-15,54],[33,111],[19,0],[13,-29],[43,-3],[29,-25],[137,-73],[14,-25],[28,-8],[-15,-69],[10,-23],[63,-12],[43,3],[181,-31],[105,16],[74,76],[40,59],[97,33],[44,-6],[59,15],[28,-19],[29,-3],[122,11],[12,11],[75,-3],[21,8],[16,13],[-2,73],[-14,35],[24,50],[236,-65],[42,10],[64,-7],[72,13],[51,-24],[9,-33],[31,-16],[11,-18],[67,-7],[29,-51],[50,-33],[73,-74],[71,-22],[48,19],[20,-1],[17,41],[19,19],[1,40],[44,18],[44,6],[27,21],[3,28],[-12,32],[16,50],[28,12],[4,101],[54,30],[36,-10],[43,39],[-14,34],[-51,48],[-6,37],[22,23],[39,13],[29,22],[13,43],[51,46],[-10,9],[4,32],[-19,48],[22,14],[13,72],[-9,75],[144,212]],[[38028,37502],[-138,-488],[172,-393],[-103,-22],[-25,-68],[-59,-46],[-62,-16],[-142,0],[-120,-15],[-44,17],[-43,0],[-20,38],[-50,15],[-10,30],[-33,37],[-45,36],[-41,11],[-22,21],[-51,64],[-1,23],[-42,18],[-69,62],[-32,9],[-35,48],[-51,18],[-37,1],[-86,51],[-113,-17],[-35,5],[-139,-51],[-112,-9]],[[36440,36881],[-32,44],[-59,4],[-43,-42],[-31,-15],[-45,-127],[15,-11],[0,-15],[-56,-62],[-50,-174],[-90,-48],[-83,-13],[-26,-12],[-8,-46],[-10,-9],[34,-36],[-35,-30],[-4,-29],[45,-113],[45,-54],[-7,-22],[-38,-42],[-80,-7],[-38,-16],[-41,-23],[-64,-61],[-25,-9],[-36,16],[-12,36],[-41,10],[-20,71],[-26,32],[-107,-16],[-29,37],[-40,14],[-193,-7],[-74,32],[-10,-3]],[[35126,36135],[-15,35],[16,85],[-15,57],[21,41],[-28,43],[18,38],[-8,17],[41,26],[-2,59],[15,34],[38,5],[38,31],[27,3],[7,14],[-27,25],[-42,12],[-12,17],[-1,14],[18,9],[-6,37],[9,12],[-12,11],[7,24],[-17,14],[-2,23],[8,9],[7,-9],[0,10],[-18,47],[22,43],[-6,9],[18,9],[-1,20],[35,28],[-4,11],[30,0],[21,17],[-2,35],[9,13],[-33,56],[-21,-7],[-14,16],[-38,11],[5,16],[25,17],[23,56],[-37,47],[0,42],[-27,13],[-9,17],[16,24],[-19,54],[12,26],[-14,18],[8,10],[-26,5],[-10,38],[-23,14],[8,20],[-16,-2],[-4,22],[-17,3],[11,4],[-7,17],[-12,-4],[-5,13],[-17,2],[-19,18],[-12,-4],[-41,25],[-37,-7],[-15,21],[-16,-14],[-3,21],[-23,8],[-15,-3],[4,-7],[-36,10],[-3,-12],[-16,-7],[-5,7],[-12,-16],[-6,9],[-27,4],[-4,13],[-13,-3],[-16,15],[-8,-6],[-9,19],[-7,-7],[-15,3],[-7,13],[-20,-9],[-31,6],[-14,21],[-9,-20],[-82,4],[-20,-36],[-54,9],[8,-4],[-5,-50],[-15,-14],[2,-26],[-18,-16],[-4,-20],[22,-20],[-4,-16],[15,-12],[22,-50],[-99,-44],[16,-92],[16,-9],[26,-63],[-19,-20],[-4,-37],[34,-39],[-10,-29],[16,9],[2,-32],[-38,-29],[-22,-5],[-8,9],[-11,-22],[-14,-4],[9,-11],[-11,-1],[4,-11],[-7,3],[-2,-8],[-16,11],[-26,-3],[-4,15],[-18,-9],[-9,8],[1,26],[-15,-4],[-34,12],[-5,-9],[-25,-5],[-7,17],[-25,15],[-16,-3],[-18,-24],[-33,10],[-3,-36],[-19,-40],[-35,-21],[-44,-12],[9,-2],[4,-23],[33,-8],[-1,-58],[68,-25],[33,-31],[32,-9],[40,-31],[25,3],[12,-15],[57,-2],[1,-8],[20,1],[17,-16],[13,2],[14,-29],[32,-15],[10,-32],[-11,-30],[19,-22],[4,-26],[-14,-90],[38,-58],[-7,-36],[34,-36],[-5,-51],[-19,-38],[8,-37],[-20,-30],[0,-19],[41,-41],[25,-54],[-62,16],[-75,36],[-43,-9],[-42,-28],[-48,7],[-55,-12],[-9,11],[-30,-5],[-50,36],[-57,0]],[[35759,42490],[-20,14],[20,27],[-27,17],[-48,8],[6,25],[-22,31],[-54,-14],[-18,5],[-16,19],[10,15],[30,9],[41,-13],[1,19],[-25,11],[-88,-5],[-16,23],[27,28],[-7,26],[11,15],[32,-12],[19,-53],[33,4],[-1,37],[28,26],[-35,79],[15,8],[17,-5],[7,-31],[28,-21],[6,57],[27,-24],[18,3],[-4,28],[19,17],[-11,23]],[[35762,42886],[22,-2],[0,-17],[23,-9],[42,-40],[105,-24],[72,-2],[28,-12],[20,-29],[46,-19],[12,-20],[40,-5],[74,-31],[58,-5],[49,-17],[64,-4],[29,12],[23,-3],[83,-33],[5,-15],[30,12],[24,-11],[33,12],[25,-1],[7,-11],[7,6],[12,-9],[57,14],[19,-12],[11,14],[21,6],[-8,4],[5,7],[22,-4],[8,8],[9,-9],[29,9],[21,-10],[11,11],[5,-9],[24,-4],[12,-16],[12,11],[16,-9],[15,7],[13,-22],[9,1],[2,-17],[2,6],[22,-8],[8,9],[23,-3],[37,27],[25,-11],[5,6],[1,-10],[49,-6],[2,6],[31,-18],[38,7],[18,-12],[32,12],[28,-4],[83,-48],[27,-33],[45,-24],[27,-68],[-2,-23],[77,-86],[19,0],[17,12],[14,-6],[8,19],[20,11],[-2,-12],[86,-7],[10,27],[15,4],[22,-13],[28,16],[30,-12],[6,-45],[22,0],[12,-19],[18,8],[25,-6],[19,12],[27,-16],[30,16],[25,-14],[12,8],[40,-9],[31,24],[26,5],[27,-22],[115,-25],[135,-50],[43,15],[41,58]],[[38507,42287],[3,-19],[21,-9],[-24,-48],[-34,-42],[-43,-24],[-12,-17],[-44,34],[-64,14],[-48,-31],[9,-35],[-15,-27],[10,-11],[-6,-54],[62,-21],[33,-43],[-43,-41]],[[38312,41913],[-4,20],[19,13],[-26,39],[-13,3],[-16,-12],[-54,9],[-52,-24],[-63,-11],[-23,-21],[-66,-23],[-9,17],[-48,13],[0,21],[-75,21],[-16,15],[-28,-2],[-6,13],[11,10],[-10,9],[-27,-2],[-25,41],[-33,-6],[-18,13],[-11,-35],[-16,-7],[-22,4],[-7,16],[-39,-4],[-10,15],[-173,52],[-13,19],[-35,8],[-11,23],[-31,8],[-18,51],[-34,39],[3,11],[-23,25],[-23,1],[-18,17],[-86,-11],[-107,7],[-10,-11],[-17,9],[-18,-3],[-14,16],[-23,-7],[-10,13],[-26,-10],[-279,-518],[-26,-36],[-50,12],[-16,-13],[-39,24],[-8,22],[-18,4],[7,30],[-33,38],[1,68],[21,40],[-35,24],[-17,50],[-69,3],[-1,17],[-13,1],[-20,39],[8,23],[-28,20],[3,16],[-15,7],[-10,-14],[-6,24],[-24,-16],[-5,21],[-10,-7],[-24,17],[12,-1],[10,13],[-19,4],[5,9],[-12,-1],[-6,11],[-20,0],[-11,16],[-16,1],[-15,-16],[-160,-65],[-29,35],[-1,15]],[[35464,39353],[-27,21],[-22,44],[-5,-6],[-25,22],[-27,1],[-22,32],[-44,29],[-4,35],[-14,18],[4,15],[-24,9],[10,36],[-11,19],[8,4],[-9,9],[3,30],[-8,-2],[-4,11],[5,13],[-19,5],[1,12],[-26,21],[-34,13],[-17,50],[12,6],[-14,22],[6,23],[-27,4],[4,8],[-32,22],[-13,43],[-30,18],[-21,55],[-33,43],[-51,12],[-10,39],[-22,10],[-5,14],[-49,19],[-20,27],[-36,3],[-3,12],[-40,3],[-12,20],[-24,4],[-46,37],[-42,17],[-19,20],[6,10],[-23,9],[-53,-6],[-23,12],[-30,28],[15,35],[-6,24],[-96,-59],[-35,-10],[-46,4],[-68,-9],[-13,-19],[-28,-11],[11,-20],[-21,-27],[21,-37],[-19,-46],[14,-16],[-36,-22],[12,-16],[-22,-26],[-14,-7],[-18,8],[0,-20],[26,-23],[-28,-10],[-15,-28],[-31,-3],[-19,-35],[-37,14],[-43,-52],[-21,13],[-58,4],[-49,36],[-33,16],[-12,-9],[-16,16],[-29,-21],[-18,3],[-9,-8],[-10,11],[-14,-3],[-2,19],[-48,8],[-32,29],[-78,3],[-74,48],[-12,23],[-51,38],[-23,-1],[-99,36],[-45,5],[-18,39],[-20,3],[18,11],[-1,17],[-12,2],[9,23],[-21,10],[-2,10],[42,61],[90,36],[-1,19],[13,-5],[4,13],[25,1],[46,39],[-22,24],[4,37],[20,-3],[-6,9],[15,14],[-3,16],[22,20],[-20,10],[-4,35],[-11,-2],[-4,15],[44,12],[8,39],[-51,8],[31,17],[-7,7],[11,12],[-28,14],[14,11],[-11,16],[-16,2],[9,10],[-15,-2],[-6,14],[-42,3],[4,16],[-24,-8],[-20,12],[-31,-5],[9,22],[-26,-2],[-20,24],[-46,4],[1,12],[-14,5],[-60,-7],[-6,30],[-17,-10],[-63,-8]],[[33065,40885],[67,63],[1,11],[44,12],[51,31],[15,34],[48,41],[-3,60],[8,18],[72,51],[60,89],[-41,83],[-4,178],[-8,43],[-29,38],[-2,29],[32,69],[54,17],[26,35],[50,16],[-19,29],[-3,43],[40,17],[54,120],[-1,54],[-39,21],[-21,50],[18,44],[-11,51],[14,26]],[[33538,42258],[26,33],[10,38]],[[33574,42329],[40,1],[29,16],[26,-14],[29,-49],[46,-36],[-9,-15],[45,-23],[-20,-11],[19,-18],[-42,-14],[2,-7],[65,-19],[31,-26],[-9,-12],[-13,2],[1,-11],[21,-13],[37,-4],[-4,-19],[-32,-5],[26,-21],[-7,-32],[9,-21],[-17,-8],[-1,-18],[-22,-22],[-13,-4],[1,-21],[-15,-11],[8,-9],[-5,-36],[22,-18],[16,-42],[60,-36],[13,-25],[83,-45],[61,10],[4,9],[20,-10],[43,14],[18,-4],[6,-18],[21,3],[-5,-17],[8,-9],[23,-8],[19,5],[19,-22],[15,-3],[15,-32],[38,-17],[5,8],[48,11],[14,-28],[31,25],[12,-17],[35,8],[5,13],[14,-9],[10,4],[25,19],[13,26],[28,6],[1,19],[-20,7],[4,16],[25,3],[3,16],[16,-6],[23,37],[23,6],[25,-26],[6,-37],[22,-8],[-20,-19],[3,-13],[-15,-1],[20,-9],[-9,-20],[7,-18],[55,-25],[3,-17],[20,-16],[48,5],[11,26],[38,-28],[35,8],[9,18],[-48,31],[-1,17],[28,6],[27,-22],[22,26],[-26,35],[9,19],[34,0],[29,18],[16,-6],[10,-20],[16,2],[1,16],[-27,24],[-2,15],[39,21],[26,-24],[-6,-28],[38,-14],[-9,-28],[15,-27],[47,-1],[-9,-32],[13,-12],[12,6],[1,26],[13,13],[41,-9],[31,30],[12,-14],[14,1],[15,21],[-7,26],[38,37],[21,-5],[-4,-24],[9,-16],[27,6],[17,20],[30,-12],[17,12],[-14,24],[-30,-10],[-13,5],[-3,39],[-29,21],[-32,-18],[-9,25],[26,9],[75,-16],[4,22],[-24,30],[42,4],[4,8],[-49,9],[-3,9],[13,6],[37,-9],[44,12],[30,-34],[19,0],[-2,33],[-33,18],[-15,20],[40,17],[1,39],[44,-3],[-12,29],[6,24],[26,4],[19,-35],[18,22],[-42,40],[21,39],[-7,58],[-17,5],[-31,-9],[0,27],[7,12],[31,13],[12,62],[15,0],[11,-22],[14,-2],[30,18],[-8,26],[18,8],[13,-6],[13,-29],[13,-1],[12,57],[42,8],[-8,15],[-18,3],[-19,-11],[-36,22],[38,29],[-26,29],[4,11],[16,0],[24,-26],[17,-2],[9,26],[-37,11],[-3,12],[19,6],[40,-21],[3,20],[-59,32],[-30,5],[-3,11],[53,2],[35,-33],[17,15],[-5,24]],[[35759,42490],[44,-15],[26,-65],[-7,-10],[83,-43],[1,-14],[-22,-7],[2,-7],[63,17],[12,-12],[23,6],[-4,-13],[26,-12],[-11,-26],[12,-7],[-4,-11],[-33,-39]],[[35970,42232],[2,-22],[-16,-2],[-47,-48],[6,-12],[-15,-5],[10,-4],[2,-18],[3,-168],[-19,-33],[-12,-14],[-11,2],[-27,26],[-66,18],[-5,-35],[27,-59],[48,-65],[34,-36],[61,-42],[17,-45],[0,-73],[22,-39],[18,-8],[21,-30],[2,-23],[21,-26],[-71,-69],[-38,-80],[-50,-34],[-58,-9],[36,-26],[14,-26],[31,-9],[32,-29],[19,-4],[-3,-38],[-43,-22],[-19,-36],[5,-9],[33,-9],[10,-49],[44,-47],[11,-80],[25,-4],[35,-40],[30,-10],[11,-28],[32,-4],[30,-22],[4,-30],[41,-35],[19,-41],[2,-38],[87,-18],[26,-28],[47,-16],[9,-14]],[[35464,39353],[41,-11],[30,33],[-12,13],[5,43],[30,25],[4,16],[24,11],[-14,97],[28,22],[-4,-13],[47,-31],[38,7],[12,-12],[40,6],[30,-19],[23,2],[25,-29],[29,4],[86,-23],[17,3],[53,-34],[54,-8],[36,-19],[81,34],[10,44],[76,29],[44,80],[82,38],[20,34],[37,27],[10,24],[-12,85],[8,66],[-22,108],[12,21],[-1,30],[-63,94],[-15,81],[39,73],[2,62],[33,94],[-8,41],[11,25],[-14,16],[9,12],[-28,13]],[[36397,40567],[23,51],[-19,41],[33,43],[55,36],[28,52],[33,19],[-3,22],[32,40],[-5,17],[12,20],[13,2],[8,15],[28,7],[13,16],[27,1],[3,12],[20,9],[61,2],[-7,-11],[16,-5],[1,-18],[28,-22],[1,-17],[16,-7],[-11,-7],[11,-17],[-18,-37],[-1,-50],[-25,-27],[-2,-45],[-43,-67],[55,-24],[45,-37],[-10,-25],[9,-20],[-2,-61],[21,-38],[2,-29],[-31,-101],[89,-39],[35,-23],[4,-16],[127,-75],[67,8],[57,-22],[18,3],[40,95],[37,12],[27,-11],[32,7],[16,-24],[0,-28],[75,6],[49,20],[1,49],[44,41],[40,19],[24,6],[45,-13],[95,8],[84,53],[29,3],[4,59],[-10,24],[54,12],[13,60],[118,-8],[61,47],[-16,48],[18,8],[30,65],[2,21],[-24,20],[28,38],[-63,32],[36,43],[61,18],[16,25],[-10,25],[16,54],[29,43],[1,18],[24,13],[9,-16],[17,1],[11,31],[29,17],[-3,56],[29,22],[-4,32],[14,5],[16,-11],[13,14],[-12,45],[6,19],[19,11],[46,3]],[[38427,41280],[39,3],[22,-24],[13,11],[25,-10],[39,9],[14,-5],[2,-60],[30,-21],[7,-22],[-16,-50],[38,-15],[14,-24],[88,-30],[-6,-23],[10,-27],[-41,-43],[-19,-54],[-1,-35],[21,-21],[7,-26],[-3,-28],[-22,-23],[-2,-80]],[[38686,40682],[907,-483],[109,-123],[67,2],[100,44],[61,7],[29,-16],[28,5],[62,-22],[17,6],[24,-18],[11,-23],[27,-9],[-7,-22],[23,-22],[50,-4],[8,-13],[-12,-53],[16,-8],[-21,-36],[-5,-72],[-12,-10],[-9,-46],[38,-44],[7,-22],[14,7],[16,-20],[20,0],[17,-16],[27,-4],[10,-18],[24,9],[17,19],[20,-7],[25,-44],[38,2],[51,-13],[88,-58],[-21,-34],[43,-97],[-24,-11],[-5,-20],[-14,-5],[8,-25],[-18,-36],[14,-7],[7,-19],[-19,6],[-12,-14],[-1,-79],[-8,-10],[-18,-1]],[[40503,39205],[-43,-20],[-30,2],[-19,-32],[0,-26],[-50,-48],[-49,-1],[4,-30],[-18,-13],[11,-13],[-13,-44],[17,-32],[-14,-4],[1,-22],[-41,-10],[16,-13],[-25,-17],[-15,0],[-19,-41],[5,-9],[-37,-38],[11,-16],[-17,-2],[-4,-22],[-39,-33],[-31,6],[1,-10],[-33,-20],[7,-12],[-14,-11],[-1,-23],[10,-9],[-18,-32],[-35,-27],[-23,1],[2,-12],[-17,-11],[-1,-29],[-13,-19],[13,-14],[10,4],[3,-19],[17,-6],[-3,-46],[-23,-21],[12,-16],[36,-17],[5,-15],[14,0],[19,-17],[-8,-12],[16,-29],[28,-11],[2,-45],[-21,-41],[-4,-55],[58,-64],[-28,-7],[-14,11],[-19,-5],[-9,-40],[-12,-1],[-1,22],[-16,0],[-1,-33],[-21,-1],[-9,-16],[-65,-26],[2,-22],[17,-2],[25,12],[0,-20],[-7,-7],[-57,3],[-20,-9],[-3,-15],[27,-20],[-6,-8],[-30,-2],[-2,28],[-13,-2],[-7,-15],[17,-26],[-62,-41],[5,-9],[26,-4],[2,-14],[-6,-17],[-34,-30],[-18,-10],[-20,10],[-48,-10],[9,32],[-39,-8],[-17,-15],[-22,10],[-24,-23],[-5,14],[10,12],[-31,8],[22,7],[-1,9],[-41,-5],[2,20],[-32,15],[-19,21],[-28,-5],[-7,19],[-22,4],[-13,50],[-37,11],[1,58],[12,22],[-9,16],[-32,2],[-16,40],[-23,-10],[-13,12],[-13,-20],[-41,35],[1,21],[-35,0],[-30,-11],[-39,5],[-11,17],[-27,1],[-30,48],[-38,4],[-3,10],[-30,0],[-18,16],[-20,-1],[-17,-33],[-31,-28],[-22,-80],[-37,-10],[-19,-32],[-13,-5],[4,-21],[-38,-21],[7,-8],[-15,-20],[-76,-45],[-35,-38],[4,-57],[-18,-50],[-23,-15],[-36,-111],[-56,-11],[-35,22],[-74,11],[-48,25],[-115,27],[-53,2],[-31,-34],[-30,0],[-7,-25],[-32,1],[-36,-54],[-76,-32],[-16,-45],[-25,-15]],[[38028,37502],[-104,-30],[-27,-20],[-49,-13],[-41,-36],[-44,-22],[-73,-11],[-38,-45],[1,-44],[-13,-18],[-107,-38],[-76,-58],[-65,-11],[-17,17],[-49,11],[-55,37],[-12,40],[-44,5],[-31,15],[-5,46],[-39,22],[-32,1],[-60,-15],[-30,-25],[-129,35],[-43,30],[-3,33],[19,17],[3,38],[-14,3],[-10,17],[25,31],[3,28],[39,30],[4,27],[-197,-7],[-58,-44],[-47,-4],[-21,27],[-5,46],[-17,15],[-81,0],[-27,-16],[-35,30],[-19,35],[-35,14],[-43,4],[-11,27],[-40,21],[-70,14],[-61,42],[-45,56],[-52,19],[-12,22],[-37,30],[-112,5],[-13,15],[-70,7],[-64,22],[-4,15],[-100,50],[-50,55],[-24,46],[-36,2],[-32,26],[-15,-6],[-1,15],[-18,-2],[-19,14],[2,22],[-84,23],[-34,0],[-46,20],[-14,16],[-44,6],[-25,19],[-4,54],[-65,9],[-42,37],[0,-12],[-19,1],[-13,21],[-15,-2],[3,15],[-15,-4],[-5,8],[-10,-8],[-12,26],[-26,5],[-13,16],[-13,-10],[-9,15],[-8,2],[1,-8],[-27,6],[-5,21],[15,2],[2,14],[7,-5],[8,9],[4,-11],[6,5],[9,-8],[21,8],[12,-10],[9,12],[20,-10],[73,-4],[2,11],[19,5],[-7,16],[21,9],[20,32],[12,-4],[1,39],[18,9],[14,-4],[10,11],[15,-11],[19,19],[19,-2],[5,13],[19,8],[15,32],[9,-3],[7,11],[41,-24],[1,-10],[42,-5],[16,-14],[-5,-6],[34,-19],[67,5],[41,-21],[-7,55],[-20,3],[-37,35],[-20,-4],[4,16],[-32,38],[-19,0],[-1,13],[17,6],[29,1],[13,-13],[23,0],[16,13],[-5,26],[13,3],[-11,9],[-10,42],[-10,3],[18,77],[-28,31],[53,47],[8,48],[-15,10],[-14,36],[-45,35],[-24,94],[-33,58],[-18,9],[-2,21],[39,19],[26,-14],[18,1],[17,-21],[15,0],[-34,65]],[[29842,57984],[8,6],[-3,25],[-16,15],[7,5],[-7,12],[-45,30],[-22,43],[-27,8],[6,39],[12,5],[-6,28],[10,8],[-16,23],[4,28],[-29,36],[3,8],[-27,-4],[-9,16],[-18,5],[5,36],[-8,15],[-26,7],[11,-57],[19,-25],[30,-91],[12,-173],[-16,11],[-21,0],[-5,9],[-24,-5],[-7,-10],[1,26],[10,-8],[15,22],[-18,29],[-9,-1],[-1,17],[-26,21],[18,-3],[-4,8],[9,-3],[8,19],[-18,3],[-5,14],[-13,-7],[-12,14],[14,15],[-17,23],[5,12],[-12,-5],[-6,11],[15,1],[2,9],[-23,12],[4,16],[-11,6],[12,5],[-139,134],[-154,108],[-104,87],[-11,13],[-4,37],[-26,31],[-21,19],[-29,-2],[-1,25],[-16,7],[2,12],[-16,0],[15,9],[0,15],[-7,-9],[-4,-2],[-11,17],[-14,4],[-1,-8],[-16,12],[6,8],[-12,5],[9,5],[-24,10],[15,26],[-44,17],[13,5],[-5,5],[-13,-5],[11,20],[-38,23],[13,8],[-12,25],[-17,5],[-8,-7],[7,13],[-18,30],[-7,-1],[-5,3],[18,14],[-20,27],[-2,23],[-15,7],[11,15],[-27,12],[-17,-7],[-6,47],[14,16],[-2,35],[14,19],[4,38],[29,44],[-3,58],[44,110],[-12,79],[12,9],[-4,33],[14,20],[-18,27],[-7,78],[-27,28],[18,-10],[13,15],[12,-18],[-4,-30],[50,-46],[-4,-11],[17,-13],[-7,-16],[8,-10],[88,-20],[46,6],[10,9],[26,-10],[1,-17],[33,-26],[25,-70],[109,-131],[69,10],[25,38],[-1,71],[-16,16],[-19,-1],[133,152],[-4,25],[-26,25],[17,23],[-4,37],[34,86],[10,98],[-12,4],[12,14],[-13,15],[32,7],[16,21],[5,35],[11,1],[-2,50],[-18,34],[-11,0],[-30,38],[-49,5],[-6,-21],[-18,-3],[-7,-12],[-9,7],[7,20],[-17,5],[-15,34],[-45,38],[-20,2],[-16,-28],[-18,26],[-20,2],[11,12],[-6,6],[11,1],[3,28],[35,22],[29,-7],[3,-10],[47,-1],[33,-16],[36,20],[14,37],[24,-11],[2,-14],[15,-3],[18,-30],[15,0],[72,26],[26,41],[-32,28],[6,24],[-14,11],[-8,-9],[-11,6],[3,21],[-29,46],[-20,-8],[-2,23],[-27,-4],[-6,10],[16,31],[9,-12],[12,13],[23,-15],[26,17],[6,30],[17,22],[-27,44],[12,14],[-1,27],[31,14],[29,-8],[10,15],[9,37],[-6,37],[-26,15],[-5,15],[-24,7],[3,16],[-12,4],[12,7],[-7,24],[20,18],[15,-7],[46,31],[16,16],[3,30],[22,2],[30,27],[3,66],[10,4],[5,27],[-10,17],[11,-4],[19,20],[1,28],[-9,9],[17,-1],[8,24],[21,1],[10,10],[1,33],[-37,80],[-24,6],[-5,24],[-18,20],[-18,15],[-12,-1],[-2,15],[-29,17],[-46,8],[-25,-19],[-38,28],[-15,-17],[-27,7],[-13,26],[-29,18],[-4,16],[1,7],[31,4],[0,42],[-24,2],[3,11],[-17,5],[-26,31],[-64,27],[-25,30],[-47,5],[13,8],[1,20],[-29,18],[33,4],[1,33],[-19,24],[-36,5],[11,6],[-11,6],[10,22],[-19,17],[18,-6],[15,14],[31,-1],[16,37],[-21,44],[-20,-5],[-30,11],[0,25],[15,6],[-3,8],[35,6],[-3,22],[-44,51],[-82,26],[-15,-21],[-24,1],[-8,-20],[-13,-1],[-22,17],[13,46],[-57,35],[-72,24],[-66,4],[-105,-13],[-13,-7],[18,-2],[-188,-71],[-44,-35],[5,-37],[-12,-13],[5,-12],[-28,-32],[10,-29],[-15,-4],[-1,-12],[9,-10],[17,3],[5,-13],[25,3],[-13,-8],[3,-23],[-78,31],[-17,24],[-52,-26],[17,-35],[-15,-2],[-4,-11],[-3,21],[-16,7],[2,13],[10,1],[-22,22],[-22,5],[-11,-24],[-8,2],[6,19],[22,13],[-19,16],[-14,33],[20,6],[0,21],[-13,4],[12,20],[-18,34],[-23,6],[23,8],[-7,8],[14,4],[8,23],[25,-5],[3,8],[-22,11],[9,12],[-22,36],[-1,22],[-14,12],[2,13],[-15,18],[-22,7],[-26,42],[13,43],[-20,24],[2,22],[-11,0],[6,21],[-12,8],[-4,21],[-26,18],[-18,-1],[9,12],[-25,12],[5,20],[-32,17],[18,14],[-7,19],[10,12],[-8,13],[-23,-2],[-6,29],[-6,-12],[-6,-2],[-2,19],[14,3],[-6,25],[14,2],[-14,38],[-39,39],[-19,-3],[-15,37],[-17,-5],[-10,45],[-22,9],[-17,-5],[-1,9],[15,4],[-9,26],[-35,26],[-30,5],[-10,-8],[-5,23],[-11,-7],[10,12],[-6,11],[-21,4],[-21,25],[-52,26],[-11,19],[-88,37],[-10,13],[-75,18],[-15,-5],[-48,32],[-27,-10],[-7,-21],[-16,3],[-9,20],[9,14],[-15,5],[-1,29],[-29,27],[11,4],[-2,10],[-28,12],[-50,5],[-70,-33],[7,-49],[-19,-16],[2,-28],[-12,-2],[4,-19],[-12,-8],[12,-19],[-16,3],[-6,-8],[18,-15],[-11,-40],[-38,1],[-11,35],[-13,9],[-23,-6],[8,40],[-14,8],[10,15],[-17,6],[1,14],[-10,4],[11,8],[3,39],[-15,10],[-9,39],[-34,21],[-1,38],[29,37],[-12,13],[17,7],[0,15],[-11,4],[21,30],[-13,6],[12,12],[1,23],[35,18],[0,-12],[9,1],[27,36],[-7,26],[-17,-5],[21,26],[-14,11],[-6,25],[20,12],[-3,16],[-19,8],[43,1],[47,39],[28,0],[16,46],[33,13],[-7,-25],[10,-17],[29,-5],[47,22],[57,82],[-13,4],[-3,59],[-24,87],[7,9],[-99,125],[10,11],[-29,6],[-21,20],[5,40],[-12,17],[-64,9],[-181,155],[-178,121],[-7,29],[-23,14],[-34,4],[-142,118],[-14,16],[-1,29],[-27,35],[-22,8],[25,29],[-19,-7],[-25,24],[-13,-1],[8,13],[-29,9],[5,10],[-28,14],[-9,23],[-10,6],[-35,9],[42,-18],[-5,-14],[-65,23],[-14,-4],[-4,-21],[-16,25],[-14,-32],[-16,13],[9,15],[-15,0],[-1,7],[-17,-8],[-3,16],[-12,6],[-5,-26],[-37,37],[10,11],[-22,-9],[3,23],[-21,4],[17,7],[-5,20],[-30,11],[-6,-9],[-7,9],[-3,17],[16,13],[-21,20],[11,21],[-14,5],[-22,-8],[4,25],[-23,18],[-28,-7],[-7,7],[-28,-29],[-13,0],[-7,8],[21,6],[5,10],[-8,3],[9,6],[-8,-1],[0,1],[13,3],[-23,11],[14,20],[-24,15],[-49,-16],[-8,9],[7,7],[-20,2],[15,16],[-18,10],[20,10],[-20,16],[4,7],[-52,5],[-9,17],[14,17],[-16,6],[-4,-10],[-28,-4],[-8,25],[-15,7],[619,1385],[46,19],[8,-10],[51,-12],[17,6],[9,-13],[15,13],[31,2],[14,-20],[14,-3],[76,55],[10,1],[15,-17],[48,5],[4,33],[54,13],[29,38],[19,8],[19,33],[41,28],[10,29],[21,8]],[[35798,47995],[6,-52],[20,-26],[-1,-33],[32,-30],[12,-57],[0,-107],[-14,-62],[-41,-112],[-67,-83],[-66,-152],[-119,-126],[-24,-59],[-35,-40]],[[35501,47056],[-19,-8],[-20,8],[-32,-6],[-34,18],[-68,7],[-6,-30],[-37,-14],[-34,-34],[-12,-48],[-27,-7],[-3,-48],[11,-32],[-11,-27],[32,-50],[-43,-28],[-39,4],[-72,-21],[15,-63],[-10,-34],[-36,-20],[-65,-17],[-30,-33],[-26,-1],[-27,-33],[-33,-16],[-18,14],[40,45],[-10,78],[-52,48],[-29,-11],[-21,5],[-45,33],[-91,43],[-172,-103],[-26,-30],[-12,-33],[-29,-20],[-18,-27],[-88,-32],[-47,-39],[-69,23],[-64,57],[-43,1],[-43,13],[-143,2],[-47,17],[-21,-3],[-33,45],[-39,-3],[-21,11],[-55,-28],[-49,48],[-89,40],[-42,41],[-33,-11],[-19,-17],[-20,3],[-35,-11],[-36,11],[-8,15],[-28,9],[-11,40],[-23,20],[5,22],[13,5],[-9,10],[10,10],[-8,5],[5,9],[-28,1],[-10,14],[-84,13],[-41,-8],[-21,8],[-21,-14],[-4,-17],[-36,-13]],[[33057,46862],[-6,9],[-49,6],[-35,35],[-3,49],[-67,37],[1,43],[-38,37],[-17,32],[-25,-12],[-43,9],[-11,25],[11,27],[-24,2],[-13,14],[-47,-17],[-11,32],[2,58],[-30,-4],[-40,23],[-26,28],[-40,-5],[-20,19],[-30,1],[3,23],[-50,7],[-36,38],[-51,-2],[-26,-10],[-25,5],[-17,-11],[-28,27],[-16,-20],[-16,0],[-33,-25],[-14,5],[-6,17],[-15,-2],[-28,15],[-18,-10],[-7,-39],[-17,-17],[-24,-57],[-18,-1],[-15,-15],[-70,30],[-19,-7],[-36,-39],[-15,9],[-18,-4],[-1,-8],[-12,5],[-8,-13],[-16,35],[-62,3],[-19,-18],[-50,44],[-18,0],[-23,-14],[-10,-20],[-19,-3],[-28,23],[-6,37],[-65,21],[-23,35],[9,12],[-9,23],[-70,-32],[-55,-53],[-21,17],[-48,15],[-4,12],[-29,4],[-21,28],[-2,23],[45,46],[-89,65],[-14,27],[6,14],[-12,12],[5,14],[-18,5],[-13,-10],[-17,18],[-28,7],[0,16],[-36,33],[-36,55],[-42,31],[-51,0],[-148,-63],[-109,1],[-40,-77],[-28,-19],[-46,3],[-144,117],[-36,42],[-12,30],[-2,58],[11,156],[-16,31],[-46,10],[-75,-23],[-68,-45],[-55,-89],[14,-81],[-12,-53],[-19,-27],[-107,-69],[-38,4],[-50,32],[-68,77],[-44,35],[-50,20],[-65,9],[-95,-43],[-59,-52],[-17,-60],[-82,-47],[-7,-16],[16,-33],[-8,-24],[-32,-12],[-62,0],[-123,-22],[-100,15],[-43,-52],[-8,-50],[15,-41],[73,-86],[11,-67],[-15,-45],[-93,-169],[-33,-99]],[[29056,46912],[-49,46],[-193,272],[-42,27],[-113,35],[-19,41],[-99,78],[-9,106],[19,113],[-13,110],[10,38],[-23,41],[-17,1],[-6,12],[37,189],[7,134],[68,121],[109,81],[95,2],[19,-30],[-46,-93],[-64,-30],[-14,-15],[9,-14],[17,12],[0,-8],[23,-1],[1,-25],[51,5],[2,10],[29,7],[56,41],[39,-13],[1,13],[27,2],[-4,8],[23,15],[16,6],[7,-7],[-2,14],[28,12],[-11,9],[17,20],[24,5],[31,-7],[0,10],[31,9],[60,-16],[45,20],[3,24],[60,13],[3,36],[-28,18],[-129,41],[-60,11],[-39,-6],[-32,15],[32,2],[-2,11],[11,-6],[-2,20],[11,-17],[8,8],[9,-9],[30,4],[32,-12],[82,40],[138,190],[77,56],[117,144],[20,-4],[0,-21],[-30,-37],[-36,-18],[-26,-36],[23,-5],[11,15],[20,6],[48,2],[19,-16],[14,6],[-14,26],[-8,56],[32,65],[0,13],[-12,9],[-4,16],[1,9],[5,11],[13,17],[-18,-34],[11,-13],[51,32],[26,52],[52,-1],[-1,8],[-14,2],[14,9],[19,49],[45,11],[-13,16],[-33,-1],[-45,-27],[-3,-31],[-12,36],[25,62],[51,367],[17,56],[32,25],[-3,-25],[19,-4],[7,16],[59,39],[-14,59],[-65,1],[-13,16],[29,146],[7,18],[25,5],[10,21],[-8,19],[13,107],[1,412],[26,63],[1,79],[-51,6],[-13,28],[32,54],[-19,185],[8,39],[33,24],[122,-46],[31,38],[-24,17],[-19,60],[-48,80],[0,10],[35,13],[-7,18],[-14,-14],[-59,9],[-48,-33],[-54,13],[-39,-23],[-19,6],[-18,-15],[-16,0],[17,29],[-9,33],[90,54],[30,32],[-70,43],[-25,-11],[-29,27],[-87,349],[7,32],[46,27],[-13,35],[-53,31],[19,66],[-10,59],[-68,159],[-33,38],[62,-18],[-12,38],[-41,36],[-10,79],[10,48],[-42,530],[8,77],[-20,109],[-45,9],[3,9],[28,9],[7,25],[-15,148],[4,45],[10,10],[-29,30],[-31,-1],[-29,67],[35,202],[8,194],[-10,154],[17,19],[-2,77],[16,31],[-35,173],[-57,18],[-14,18],[9,62],[38,22],[-7,54],[-30,26],[-17,40],[-35,175],[-25,63],[7,35],[15,12],[38,-28],[-7,-16],[48,6],[26,-13],[15,-31],[33,-29],[-40,79],[44,18],[38,-5],[2,7],[-28,5],[-68,-10],[-11,65],[37,-6],[2,-8],[56,24],[-49,-2],[-22,27],[26,39],[-3,62],[-22,-4],[-12,12],[-3,-22],[-27,-4],[-32,13],[3,31],[24,23],[-26,-2],[-28,11],[-76,-45],[-13,-11],[11,-6],[-11,-12],[10,-8],[-2,-20],[-27,-3],[-32,11],[-8,16],[2,98],[4,16],[18,1],[-26,24],[1,21],[-54,52],[-27,13],[-5,-22],[-6,26],[-71,47],[-19,-11],[-47,19],[-12,-7],[4,-16],[-14,-3],[-10,21],[-32,3],[-11,-36],[-21,11],[-66,-39],[2,-14],[-35,-43],[-16,41],[-27,17],[-31,2],[-46,22],[-37,0],[-63,-19],[-46,11],[-50,-6],[0,46],[28,7],[10,31],[41,12],[28,43]],[[30142,58076],[8,25],[24,24],[14,55],[45,24]],[[38294,56276],[34,-32],[43,-16],[24,-31],[38,-14],[-1,-29],[85,-32],[71,-45],[53,-12],[64,-47],[28,-43],[72,-29],[9,-26],[34,-23],[2,-23],[-17,-34],[38,-63],[-64,-35],[-7,-12],[29,-29],[11,-35],[-19,-77]],[[38821,55589],[-77,-24],[-31,0],[-19,12],[-62,10],[-56,-52],[-39,-13],[-18,-19],[-136,-27],[-79,-76],[10,-32],[31,-23],[26,-142],[-27,-39],[-6,-44],[18,-75],[-44,-75],[-7,-50],[-19,-18]],[[38286,54902],[-29,-7],[-39,20],[-29,-8],[-16,-23],[-39,-15],[-24,-64],[-40,-49],[-48,5],[-79,-27],[-40,-1],[-35,-25],[-19,-27],[-33,27],[-73,-10],[-67,-53],[-47,81],[-42,-5],[4,-96],[-29,-32],[-3,-51],[-27,-41],[15,-33],[-48,-25],[21,-30],[-11,-28]],[[37509,54385],[1,0],[-1,-1],[0,1]],[[37509,54385],[-27,-37],[-32,-1],[28,-27],[20,7],[20,-43],[-14,-37],[11,-10],[25,0],[-22,-45],[28,-12],[10,-25],[19,-9],[14,-53],[91,-88],[3,-74],[29,-32],[-6,-54],[56,-18],[21,-58],[41,-25],[37,-4],[29,-35],[30,-12],[-6,-28],[15,-59],[-12,-68],[28,-19],[1,-23],[39,-87]],[[37985,53409],[-67,-9],[-118,20],[-9,-38],[-33,-32],[-161,-7],[-55,14],[-41,-8],[-13,-25],[-34,-26],[-4,-37],[-75,7],[-70,-6],[-26,-13],[-5,-16],[-36,-33],[-26,-73],[-57,-21],[2,-31],[-15,-26],[-20,0],[-50,27],[-84,-1],[-21,16],[-48,-6],[-28,14],[-56,4],[-48,-13],[-104,16],[-24,-10],[-17,-20],[-20,-4],[-89,-73],[-193,3],[-104,-40],[-38,-33],[-16,10],[-45,3],[-20,14],[-52,7],[-33,22],[-9,-4],[-5,-37],[-28,-27],[-22,-8],[21,-100],[17,-29],[4,-35],[-8,-14],[15,-18],[2,-25],[-69,-98],[-57,-31],[-15,-40],[96,-45],[1,-10],[-19,-14],[6,-38],[43,-41],[-66,-74],[4,-21],[29,-24],[26,-41],[2,-38],[14,-32],[24,-21],[1,-29],[-69,-62],[-77,-17],[-31,4],[-85,-31],[-83,-10],[-9,-13],[-14,-74],[27,-27],[0,-23],[-33,-54],[0,-70],[-18,-27],[-37,-24],[-53,-9],[-67,-43],[8,-44],[-8,-62],[-40,-86],[8,-76],[-37,-55],[11,-76],[15,-10],[13,-33],[16,-4],[29,-34],[26,-8],[24,-57],[23,-9],[41,-41],[54,0],[25,-40],[27,-9],[21,-23],[65,21],[21,-7],[28,6],[16,-14],[25,7],[61,-4],[63,14],[80,-30],[44,4],[49,25],[60,-7],[40,-22],[44,21],[117,-4],[34,35],[37,5],[80,-38],[78,8],[35,-13],[56,-5],[19,-13],[11,-36],[50,-34],[15,-28],[17,-7],[55,-91],[-20,-55],[-48,-10],[-12,-14]],[[36866,50658],[-2,-68],[9,-7],[-34,-44],[16,-19],[-29,-45],[3,-36],[19,-29],[-70,-109],[4,-31],[-24,-5],[-45,-54],[13,-40],[-14,-37],[-8,-10],[-48,-13],[3,-17],[-42,-75],[-26,-18],[-38,-8],[-4,-58],[23,-20],[-10,-20],[-16,-15],[-109,-30],[-29,15],[-110,4],[-19,-14],[-6,-60],[-127,-66],[61,-31],[29,-43],[30,-9],[40,-28],[-2,-21],[50,-77],[55,-32],[-4,-7],[-30,-11],[-87,20],[-25,-20],[0,-49],[-34,-29],[-29,-12],[-45,3],[-21,-30],[-32,-17],[11,-33],[-15,-18],[-24,1],[-15,-9],[-15,-23],[3,-20],[-55,-5],[-30,10],[-24,-38],[-97,-9],[-27,-39],[-30,-5],[-6,-10],[-95,-36],[-68,-59],[-135,-5],[-90,-56],[-76,3],[-61,-18],[-9,-19],[-19,-6],[-39,4],[-8,21],[-20,9],[-22,-2],[-17,-15],[3,-34],[-23,-38],[-23,-105],[90,-97],[-6,-79],[46,-14],[37,-20],[10,-21],[51,-22],[-3,-30],[20,-51],[-28,-40],[1,-39],[81,-122],[23,-20],[35,-13],[23,-67],[-7,-19],[39,-26],[67,-23],[22,-20],[4,-29],[56,-7],[48,-22],[43,13],[50,-7],[20,-12]],[[30233,58204],[30,13],[9,48],[26,14],[-18,15],[-15,34],[-19,11],[-54,9],[-35,-14],[-28,6],[-3,29],[22,20],[8,46],[-28,23],[-2,23],[12,22],[49,17],[31,44],[36,7],[50,33],[13,41],[16,8],[20,48],[63,63],[41,26],[60,14],[44,-6],[36,17],[33,55],[-2,48],[10,28],[-33,27],[-15,-4],[-6,17],[-45,29],[0,27],[-29,56],[20,49],[-30,34],[0,24],[-24,-2],[-30,20],[-21,1],[18,46],[-5,37],[14,-2],[25,47],[33,12],[30,31],[-41,20],[-22,-4],[-37,30],[-7,34],[-30,7],[-32,39],[-23,9],[-118,5],[-42,27],[-31,4],[-37,-12],[-40,8],[-38,-29],[-46,-6],[-15,13],[-11,60],[-101,75],[10,42],[71,19],[29,46],[40,17],[-43,51],[-16,50],[15,35],[1,54],[14,11],[30,2],[5,9],[45,-2],[31,14],[-14,41],[-24,24],[18,18],[-3,44],[30,23],[-66,29],[-7,14],[-29,13],[-12,23],[-51,35],[-12,30],[12,44],[-69,30],[-7,20],[-48,41],[18,37],[44,10],[11,24],[79,-19],[22,17],[-41,88],[-46,20],[-5,32],[7,7],[18,-8],[40,6],[21,30],[-4,29],[-75,46],[-10,39],[31,13],[-43,23],[-10,23],[24,43],[-15,30],[20,37],[29,3],[18,32],[56,156],[-42,32],[-3,42],[-24,29],[-1,34],[-34,48],[-65,-12],[26,85],[-41,13],[-31,-21],[-21,20],[-14,-12],[-25,33],[-8,79],[-29,10],[-30,34],[-42,-6],[-13,14],[-21,-5],[-43,11],[-11,-16],[-23,-1],[-17,70],[8,15],[-2,76],[46,21],[33,45],[-29,54],[30,24],[-4,20],[13,16],[-20,32],[-29,6],[22,68],[-69,22],[-20,-10],[-13,9],[-20,-3],[-27,57],[30,51],[31,3],[3,11],[20,8],[36,-6],[55,12],[30,33],[25,8],[24,23],[17,48],[15,7],[9,45],[38,36],[40,-20],[127,-26],[69,58]],[[32690,62848],[-53,-35],[-79,-163],[-24,-2],[-59,24],[-86,5],[-82,-22],[-17,-26],[-4,-42],[9,-20],[26,-12],[55,-2],[14,-14],[-51,-69],[22,-99],[-35,-112],[39,-40],[28,-64],[16,-8],[68,7],[32,-8],[31,-29],[14,-41],[-64,-33],[-24,-43],[-32,-32],[-77,-19],[-10,-43],[32,-28],[48,-5],[45,19],[35,44],[11,1],[-8,-59],[18,-121],[23,-23],[62,-21],[28,12],[25,68],[52,52],[43,12],[34,-23],[20,-27],[-7,-25],[-23,-29],[-67,-48],[-20,-32],[0,-27],[29,-40],[44,-18],[187,31],[80,-26],[28,-34],[-7,-38],[-27,-23],[-32,-8],[-96,10],[-52,-23],[-64,-112],[4,-38],[27,-50],[53,-50],[28,-7],[52,57],[34,13],[28,-1],[96,-62],[17,-39],[22,-128],[32,-59],[17,-11],[75,34],[46,4],[11,-7],[-28,-90],[22,-124],[35,10],[66,97],[32,11],[18,-10],[39,-57],[100,-41],[63,-62],[8,-37],[-26,-38],[-32,3],[-18,48],[-13,8],[-16,-4],[3,-67],[-20,-25],[-58,-40],[-17,-43],[4,-39],[36,-21],[41,-2],[102,42],[25,-9],[23,-37],[-21,-40],[-41,-24],[-33,0],[-84,22],[-25,-3],[-23,-24],[0,-32],[22,-29],[150,-66],[20,-17],[12,-30],[-7,-32],[-20,-22],[-84,16],[-22,-6],[-18,-20],[2,-22],[16,-11],[78,-19],[13,-32],[-18,-24],[-68,-21],[-34,-30],[-12,-64],[64,-20],[25,-41],[-12,-11],[-54,1],[-16,-11],[-4,-20],[47,-58],[-8,-86],[24,-42],[59,-17],[113,1],[46,-31],[-5,-32],[-68,-77],[22,-47],[59,-42],[103,-43],[64,-1],[-25,-75],[61,-38],[-25,-98],[9,-17],[31,-14],[12,-16],[-40,-50],[-4,-29],[15,-28],[16,-10],[83,-11],[62,-32],[32,15],[2,-20],[19,-5],[38,43],[-23,7],[4,7],[17,-3],[25,13],[29,-16],[7,22],[24,-27],[13,12],[22,-7],[59,15],[24,-16],[47,-12],[15,8],[15,28],[29,2],[27,28],[17,-2],[17,21],[42,-2],[16,23],[36,3],[71,29],[38,-32],[33,13],[19,-8],[39,32],[11,-6],[-8,-16],[18,-13],[61,-4],[54,-29],[70,-17],[173,-5],[54,14],[76,-35],[62,2],[64,-28],[42,-32],[7,-18],[51,0],[-5,60],[16,19],[31,12],[124,-44],[35,-2]],[[35865,58998],[49,7],[55,-18],[83,-1],[61,39],[1,40],[17,27],[113,38],[90,11],[91,-6],[70,19],[91,7],[41,-6],[43,37],[62,-3],[51,-13],[96,5],[71,-41],[44,17],[32,31],[91,43],[30,-2],[14,-20],[25,-8],[29,2],[57,22],[34,-44],[45,-35],[3,-28],[11,-9],[68,0],[30,-19],[-5,-42],[-18,-2],[-12,-18],[9,-38],[72,-23],[11,-19],[-32,-70],[36,-40],[-19,-37],[9,-73],[41,-87],[-11,-43],[4,-101],[34,-80],[7,-47],[43,-34],[14,-24],[48,-18],[18,-33],[2,-48],[15,-19],[-16,-53],[31,-22],[20,-36],[37,-20],[26,6],[22,-11],[17,4],[42,-33],[20,10],[61,2],[20,41],[31,29],[4,35],[12,10],[64,6],[19,-15],[37,-3],[50,-82]],[[38226,58062],[53,-18],[9,-53],[16,-22],[33,8],[61,-21],[6,-23],[28,-21],[-5,-89],[80,-33],[30,-27],[-34,-37],[15,-73],[-49,-41],[18,-55],[15,-16],[-11,-48],[10,-45],[-23,-22],[-5,-28],[-93,7],[-50,-28],[-11,-52],[-33,-48],[-29,-21],[-46,-72],[4,-108],[72,-36],[14,-23],[30,-20],[-13,-13],[16,-35],[-3,-44],[-33,-32],[49,-44],[55,-31],[-32,-45],[-34,-22],[-2,-13],[48,-29],[48,22],[11,-8]],[[38441,56703],[10,-24],[17,-9],[-6,-25],[-60,-62],[31,-32],[23,-55],[-50,-36],[-13,-36],[-51,-32],[-2,-31],[-46,-85]],[[38294,56276],[-24,-12],[-85,-8],[-23,-18],[-22,-3],[-8,-24],[20,-28],[-31,-33],[-29,-15],[-31,-3],[-37,-30],[-46,7],[-43,-23],[-89,-53],[-16,-37],[-27,-21],[-32,-2],[-25,-16],[-54,-11],[-51,-55],[-99,-19],[3,-32],[-16,-77],[-13,-28],[-28,-21],[-58,-13],[-11,-18],[-28,-15],[-83,6],[-51,14],[-39,-7],[-19,-17],[-45,-16],[-48,-8],[-4,-22],[-32,-44],[2,-17],[-24,-28],[-45,-29],[-61,-11],[-34,-62],[-40,-40],[-19,-8],[-42,11],[-71,-31],[-6,-142],[-30,-36],[-3,-53],[-24,-64],[-10,-12],[-65,-17],[-8,-96],[-32,-38],[42,-42],[18,-48],[-11,-12],[-67,32],[-36,31],[-72,-11],[-15,24],[-26,4],[-33,22],[-9,-4],[-7,13],[-7,-9],[-19,1],[4,18],[-105,-25],[-5,9],[10,12],[-18,11],[10,21],[-19,18],[7,18],[-65,23],[39,15],[3,9],[-19,11],[-10,1],[-2,-12],[-17,-7],[-25,7],[-25,-17],[-37,47],[-13,-31],[-26,12],[-19,-24],[-2,30],[-48,-15],[16,17],[-12,19],[31,-5],[-20,35],[17,6],[-38,27],[-23,5],[-11,-7],[-15,28],[-28,2],[-17,-14],[-7,15],[14,8],[-10,12],[18,9],[0,10],[-12,9],[-19,-4],[-6,11],[-5,-17],[11,-17],[-18,-6],[-9,14],[-21,-28],[2,-19],[-25,-1],[0,-11],[14,0],[0,-55],[-40,-25],[-18,-32],[-34,0],[-19,10],[-25,-7],[-34,36],[-26,1],[-27,-18],[-48,7],[-15,-28],[-30,-10],[-21,3],[-15,20],[-18,-2],[-29,-39],[-46,2],[-19,-9],[-17,13],[-21,2],[-18,-10],[-35,8],[-41,-10],[-23,-27],[9,-20],[-26,-19],[-21,1],[-17,-11],[-66,14],[-21,-14],[-38,-40],[-27,-55],[0,-60],[-13,-22],[-64,-9],[-25,-39],[-23,5],[-36,-10],[-30,-29],[-66,12],[-36,39],[-59,-3],[-4,13],[24,69],[-13,14],[-29,9],[-81,2],[-44,14],[-105,-3],[-75,12],[-210,-44],[-53,-26],[39,-7],[-18,-30],[17,-5],[26,19],[-14,-18],[26,2],[-2,-22],[37,14],[2,-18],[35,8],[6,-28],[51,5],[-2,-20],[31,1],[8,-33],[-11,4],[-23,-21],[27,-10],[0,-14],[30,0],[4,-24],[15,2],[-4,-26],[31,-24],[1,-11],[21,-3],[19,-18],[5,-41],[37,-13],[12,-17],[-20,-8],[8,-16],[-9,-7],[23,-9],[-13,-12],[3,-11],[14,-12],[23,4],[1,-20],[14,-14],[-2,-49],[-320,8],[-39,-19],[-36,22],[-73,-30],[-11,-17],[6,-12],[24,-6],[-10,16],[39,-20],[20,8],[-6,-15],[48,-11],[7,-14],[19,-2],[-12,-17],[27,1],[0,-10],[-12,-4],[17,-13],[-13,-25],[23,14],[10,-7],[-14,-10],[-2,-16],[15,13],[22,3],[6,-26],[19,-11],[7,15],[44,-23],[21,4],[17,-8],[-6,-14],[48,2],[-2,-14],[25,-11],[2,-28],[12,-4],[-5,-15],[13,-7],[-4,-13],[36,-2],[-2,-21],[17,-5],[-6,-18],[40,1],[12,14],[-8,-16],[-148,-165],[-190,30],[-330,21],[79,140],[2,53],[-85,0],[-139,-18],[-78,-40],[-34,-2],[-29,-17],[-14,13],[-14,-14],[-20,2],[-4,-16],[-29,5],[-35,-19],[-8,9],[-49,-1],[-48,12],[-35,-16],[-38,7],[-18,-8],[-13,27],[24,25],[5,69],[35,21],[-3,10],[17,10],[-35,37],[7,18],[-11,9],[4,29],[22,28],[-14,12],[0,20],[52,24],[-10,39],[10,18],[-12,11],[21,55],[-23,8],[-5,25],[-41,8],[-27,22],[-20,40],[-23,7],[-5,48],[-26,4],[-54,34],[-22,38],[34,35],[-12,41],[-20,8],[11,24],[-18,3],[-19,29],[-11,-8],[-12,12],[-3,34],[-16,10],[-13,38],[-41,4],[-36,48],[-23,2],[-2,21],[-48,0],[22,70],[39,75],[15,76],[34,24],[-22,38],[19,30],[6,56],[28,70],[-13,26],[-3,101],[-40,77],[-24,19],[-61,22],[-63,-27],[-18,-19],[-17,-50],[-23,-5],[-11,-22],[19,-24],[-19,-10],[-10,-61],[-22,-12],[14,-33],[-19,-29],[10,-4],[-7,-25],[-13,-17],[-19,-1],[-11,-18],[9,-23],[-17,-15],[-18,1],[1,-61],[-21,-19],[0,-20],[-31,-48],[-62,-61],[-2,-23],[-24,31],[1,37],[10,14],[-27,21],[-14,26],[3,67],[-35,18],[-62,11],[-1,92],[9,17],[-9,105],[16,248],[13,91],[11,14],[0,45],[36,27],[-9,20],[8,44],[-15,51],[31,69],[-14,20],[9,74],[10,13],[-4,22],[10,31],[28,10],[3,9],[-23,24],[-10,167],[20,13],[1,19],[-38,13],[-17,27],[-31,15],[0,20],[-15,14],[-52,-7],[-28,29],[-67,17],[-18,24],[-34,-7],[-19,30],[-2,37],[-47,21],[-11,24],[-5,46],[19,61],[-21,20],[-3,18],[-26,13],[-4,53],[13,19],[-14,71],[32,32],[0,25],[-10,21],[-36,11],[-23,96],[21,26],[-26,36],[10,42],[-30,16],[2,12],[-27,31],[-15,37],[-6,64],[-16,7],[-7,37],[12,37],[-1,61],[-41,44],[10,21],[-14,19],[13,11],[-11,21],[7,12],[-10,44],[-36,4],[-45,29],[-17,24],[-18,1],[-1,-10],[-25,-4],[-9,14],[-15,1],[-17,38],[-42,37],[-55,-3],[-36,-25],[-20,-39],[-16,4],[-9,26],[5,51],[-77,58],[-10,104],[-41,69],[-64,26],[-5,45],[-10,8],[10,22],[-20,38],[-25,13],[-100,24],[-16,-6],[-48,22],[-61,0],[-52,-27],[-25,1],[-25,54],[-44,17],[-66,-10],[-50,-33],[-41,-63],[-35,-26],[0,-24],[-37,-16],[-43,-2],[-32,18],[-63,-6],[-54,12],[-13,18],[-26,-16],[-131,12],[-36,25],[-23,1]],[[29842,57984],[32,-18],[10,12],[21,0],[34,18],[19,18],[25,-23],[32,-4],[103,63],[24,26]],[[30142,58076],[5,-37],[23,-18],[-2,-45],[-24,-22],[0,-53],[-29,-28],[2,-36],[56,-18],[17,-23],[69,-32],[28,-32],[11,13],[43,1],[13,-5],[16,-30],[56,-10],[20,-48],[-8,-58],[44,-40],[30,-57],[-15,-22],[-26,-14],[-38,0],[-13,-20],[15,-32],[72,-13],[39,18],[34,-13],[4,-17],[31,-30],[45,-4],[23,26],[31,-6],[12,35],[30,2],[17,11],[4,-24],[20,-11],[7,-22],[82,-18],[11,-20],[63,-15],[25,-26],[61,23],[14,-6],[33,-20],[22,-47],[34,-16],[20,-31],[-28,-78],[-68,0],[-29,-22],[-3,-19],[-65,-17],[-26,-39],[-55,-28],[-25,-51],[-33,-31],[19,-51],[-8,-52],[7,-34],[14,-16],[39,6],[18,-20],[-9,-49],[17,-109],[-9,-15],[-21,-11],[-22,6],[-49,-7],[-22,-17],[-23,22],[-49,-18],[-35,15],[-60,-28],[-42,-76],[-27,-88],[0,-14],[40,-19],[8,-17],[-12,-62],[9,-35],[64,-23],[10,-23],[-10,-28],[14,-24],[36,-20],[-1,-26],[80,-62],[-27,-66],[36,-82],[-28,-14],[-30,-40],[-59,-51],[-28,-69],[11,-42],[44,-50],[11,-39],[-27,-54],[6,-18],[-19,-30],[10,-49],[-58,-47],[-77,5],[-6,-15],[-23,-7],[-8,-14],[-28,15],[-46,-52],[-27,-8],[-60,23],[-51,3],[-33,24],[-14,-3],[-7,-32],[14,-38],[-23,-68],[-26,1],[-46,-50],[-58,-15],[6,65],[14,27],[-11,84],[-33,-7],[-62,37],[-4,30],[-49,3],[-18,69],[-16,14],[-40,6],[18,71],[-45,0],[-32,-22],[-68,0],[-26,-37],[-19,14],[-4,42],[-32,17],[-6,-6],[12,-16],[-13,-29],[-133,-13],[-20,-14],[-14,3],[-14,29],[1,31],[-49,50],[-18,3],[-26,-72],[-30,6],[-3,-21],[-21,-23],[-41,-10],[-19,54],[-36,-2],[-25,-22],[-11,-73],[-34,14],[-24,-19],[-33,3],[-25,-15],[-76,-7],[-23,-44],[2,-24],[-24,-18],[-20,-1],[-4,-12],[-40,8],[-30,-28],[-59,8],[-25,-14],[-44,-7],[10,-49],[-24,-37],[-15,13],[-27,-2],[-10,-17],[-34,7],[-23,17],[-9,39],[-51,-20],[-14,19],[-37,8]],[[28556,55234],[10,46],[38,21],[61,67],[-17,57],[2,31],[12,9],[16,53],[-9,13],[6,35],[-15,26],[35,14],[7,26],[-10,5],[7,15],[-10,35],[17,9],[9,30],[15,2],[6,37],[15,2],[2,21],[30,27],[13,6],[5,-12],[16,-1],[5,-38],[20,-10],[29,15],[-9,-12],[36,-14],[40,-5],[43,8],[117,49],[88,72],[11,27],[11,-7],[18,21],[51,3],[18,28],[4,-13],[66,14],[5,-19],[33,4],[22,-7],[12,13],[10,-6],[19,12],[16,-29],[17,-7],[-15,-21],[16,-3],[36,-45],[52,-18],[45,-4],[52,11],[89,37],[37,23],[55,64],[25,54],[-22,22],[16,13],[2,21],[13,7],[-2,-9],[29,-1],[13,23],[15,-1],[6,28],[-20,16],[25,-1],[-9,43],[21,-5],[20,-25],[32,7],[45,26],[109,127],[40,82],[27,-8],[69,72],[48,99],[6,124],[-21,120],[16,29],[28,-3],[0,-31],[27,-58],[30,0],[-27,34],[30,14],[9,24],[-20,22],[9,10],[12,-6],[1,14],[-25,6],[-13,22],[-3,21],[23,36],[-32,20],[0,28],[-13,-19],[28,-33],[-32,-38],[-11,-24],[14,-6],[-10,-3],[-39,44],[-10,43],[-42,70],[-17,14],[-11,-5],[-22,31],[21,3],[-2,21],[18,17],[-24,-16],[-2,-17],[-28,11],[1,60],[-23,43],[9,4],[16,-18],[-11,22],[-63,0],[-19,-24],[-12,6],[12,46],[-15,11],[8,14],[-16,12],[-23,-8],[7,11],[-12,-2],[3,21],[17,29],[-12,14],[-19,-4],[5,16],[16,-2],[4,12],[-29,19],[-23,-1],[-5,-24],[-29,8],[9,17],[19,9],[-7,64],[-35,44],[-5,49],[-15,26],[37,20],[-9,17],[7,13],[-18,34],[-10,-1],[0,16],[-19,15],[-3,18],[-29,21],[-14,-9],[-16,34],[22,-2],[5,24],[-22,38],[-12,0],[6,25],[-22,23],[4,20],[-15,7],[2,21],[-13,3],[-8,57],[-25,44],[5,12]],[[35172,63733],[-39,-47],[-50,-29],[-22,-2],[-6,-19],[-50,-35],[-11,11],[-24,-3],[-47,12],[-5,43],[-32,47],[-7,51],[-17,21],[-12,3],[-12,-9],[-9,-27],[-34,-31],[-19,44],[-20,4],[-17,29],[-29,16],[-40,-19],[-45,15],[-10,-8],[-56,-3],[-53,-33],[-42,13],[-22,33],[-28,17],[-76,22],[-15,28],[-20,9],[-23,-29],[-32,-19],[-156,20],[-800,-111],[-67,-35],[-54,-62],[30,-6],[44,10],[20,-55],[-11,-39],[55,31],[21,-11],[0,-19],[-32,-52],[-32,-28],[1,-17],[30,3],[40,39],[35,3],[18,-17],[13,-58],[26,-11],[30,2],[4,-46],[18,-35],[-11,-49],[16,-98],[-3,-44],[22,-35],[35,-21],[19,-66],[-4,-16],[-44,-58],[-32,-24],[-54,5],[-92,-24],[-61,6],[-20,-6],[-9,-14],[5,-12],[40,-12],[42,-32],[9,-44],[-6,-15],[-15,-3],[-42,19],[-45,1],[-17,-15],[6,-43],[-98,36],[-17,49],[-19,15],[-40,0],[-13,-12],[-27,4],[-73,42],[-52,-30],[-36,-48],[-32,-5],[-3,-18],[-28,-31],[-15,17],[19,11],[-11,8],[4,8],[-17,-2],[-66,38],[-19,-6],[13,28]],[[32690,62848],[72,57],[12,24],[-8,15],[-36,3],[-118,-34],[-140,-71],[-68,-1],[-47,13],[-37,-24],[-53,4],[-55,-30],[-49,-58],[-87,23],[-53,0],[-53,-18],[-105,-69],[-134,39],[-88,-29],[-105,-16],[-9,-15],[-23,-1],[-18,-20],[-19,1],[22,-30],[-34,-26],[10,-9],[0,-22],[-60,-9],[6,-15],[-14,-15],[7,-38],[-33,-5],[-7,-5],[7,-19],[-26,-10],[-45,22],[2,34],[-25,16],[-14,24],[-61,31],[-4,22],[18,26],[-51,74],[-342,91],[-45,-20],[-18,-30],[0,-74],[16,-33],[4,-77],[-23,-52],[-5,-41],[-12,-12],[-53,-1],[-68,34],[-52,-9],[-23,10],[-38,-7],[-88,8],[-61,28],[-45,8],[-57,-18],[-16,-40],[-61,-13],[-17,-21],[-65,9],[-37,-17],[-36,-1],[-20,-14],[-21,-1]],[[29984,62394],[-31,1],[-45,27],[-74,66],[-42,17],[-34,32],[-6,18],[-18,3],[-27,42],[-56,18],[-5,13],[-86,-2],[-21,3],[-5,9],[-8,-13],[-4,9],[-28,-10],[1,12],[-53,30],[-10,15],[-47,16],[-19,-5],[-3,-17],[-31,-7],[-2,-9],[-25,10],[-17,-3],[2,-12],[-24,-1],[-24,8],[-2,13],[-23,-1],[-6,-10],[-27,24],[-52,-24],[-25,10],[2,15],[-11,7],[-73,5],[-26,11],[-29,-12],[-17,-22],[-6,-55],[-31,-22],[-16,-40],[-2,-40],[-62,-31],[16,-52],[-39,-15],[-8,-22],[-16,10],[-9,-7],[-28,3],[3,-13],[33,-24],[38,-13],[-8,-48],[-14,-17],[-27,18],[-60,-12],[-18,14],[-21,1],[-6,-19],[-43,-20],[-46,-42],[-1,-42],[-22,-11],[-5,-27],[-35,31],[-76,-12],[-18,48],[11,22],[33,22],[-45,41],[7,25],[-9,32],[8,13],[-17,8],[19,7],[3,11],[-18,8],[-12,36],[67,9],[14,56],[21,4],[-9,24],[18,34],[-2,26],[12,12],[-38,13],[-36,30],[-2,42],[-46,54],[8,30],[34,28],[-3,10],[22,26],[-19,54],[-33,7],[-16,19],[8,52],[-34,19],[-8,17],[-46,-4],[-24,38],[-23,17],[0,46],[-50,28],[-10,57],[-41,74],[10,16],[-38,13],[-40,-2],[-9,13],[3,25],[30,17],[4,34],[26,18],[9,24],[21,10],[10,27],[53,13],[17,25],[-6,43],[22,43],[-5,36],[24,63],[-20,24],[12,14],[-11,21],[-27,10],[-21,46],[-72,36],[-2,24],[-20,18],[13,45],[25,11],[14,27],[-27,27],[4,53],[10,7],[-12,30],[2,29],[-29,35],[-25,10],[3,14],[-20,2],[-7,19],[-17,1],[-28,21],[-27,59],[16,29],[-20,30],[17,26],[-10,39],[15,10],[-16,26],[12,60],[18,28],[-19,5],[-17,32],[-1,29],[29,-2],[8,24],[41,7],[14,13],[2,24],[24,5],[2,47],[-15,33],[-26,6],[10,23],[-10,38],[-28,25],[-12,38],[-26,17],[-53,8],[-25,-19],[-6,7],[-74,4],[-25,10],[-69,84],[-35,-12],[-12,9],[-32,-8],[-34,15],[-40,-10],[-49,6],[-3,18],[-17,13],[-7,52],[-68,52],[11,33],[-5,24],[-13,9],[15,61],[-2,50],[-48,26],[-49,6],[-12,15],[-26,8],[-16,43],[2,82],[-43,22],[-38,52],[-6,21],[13,16],[-15,33],[-29,-3],[-15,11],[10,89],[-9,26],[-16,6],[-6,14],[-7,46],[-51,30],[9,39],[-23,33],[30,32],[2,32],[34,57],[-12,28],[5,39],[-19,-4],[-31,22],[-19,74],[17,24],[30,-1],[38,-26],[15,1],[20,18],[49,7],[18,26],[-15,27],[4,12],[84,60],[-14,6],[7,27],[-47,32],[2,28],[17,27],[-16,65],[27,17],[-23,18],[-30,-2]],[[27282,66548],[47,38],[25,4],[-21,54],[7,14],[-51,53],[-6,40],[-28,15],[-3,21],[-17,19],[2,16],[-15,9],[-36,87],[-37,15],[-14,18],[-2,33],[-21,23],[-10,39],[13,27],[-12,30],[10,28],[-36,19],[-36,2],[3,39],[-15,14],[21,54],[24,15],[6,15],[-13,24],[9,44],[-37,33],[14,57],[13,5],[-18,34],[24,35],[-8,21],[12,14],[-8,13],[34,14],[8,22],[37,-1],[23,9],[-9,50],[54,5],[21,-13],[21,4],[33,-15],[26,8],[59,-3],[28,-22],[13,-26],[34,11],[1,-28],[15,-5],[23,14],[12,-21],[25,-8],[25,-57],[51,-25],[13,3],[42,-17],[28,-36],[41,-18],[12,-16],[-12,-14],[6,-67],[30,-25],[-8,-12],[31,-57],[-2,-34],[17,-6],[0,-11],[27,-23],[-1,-57],[18,-7],[20,-34],[9,-51],[33,-26],[50,-67],[17,-6],[-12,-71],[27,-15],[3,-31],[39,-6],[8,-17],[42,-4],[1,-16],[21,-10],[-3,-19],[-13,-7],[15,-5],[11,-37],[27,-26],[29,-8],[30,9],[22,-18],[15,-1],[15,-22],[34,-2],[9,31],[15,5],[26,37],[49,18],[10,43],[21,22],[37,32],[34,14],[14,38],[24,27],[-2,14],[25,13],[-22,40],[24,32],[17,1],[22,20],[54,-14],[54,-31],[8,6],[63,-7],[22,12],[11,49],[-17,0],[-17,26],[23,46],[-6,7],[51,68],[22,63],[23,14],[18,34],[33,13],[6,42],[14,6],[-1,45],[-32,52],[14,5],[7,17],[105,9],[37,-10],[24,9],[-5,35],[20,16],[21,71],[-4,15],[17,17],[2,19],[46,28],[24,0],[0,23],[43,14],[10,65],[-11,41],[26,15],[10,21],[44,-10],[13,2],[2,12],[36,-1],[-2,27],[19,6],[-9,33],[23,36],[-13,19],[14,11],[-9,14],[23,20],[9,36],[60,-14],[27,19],[21,2],[-25,46],[31,2],[4,9],[29,-8],[4,-10],[59,-1],[104,-32],[37,21],[-5,29],[-18,17],[26,6],[14,42],[-8,-2],[-1,13],[-17,7],[-10,29],[-20,3],[0,18],[-23,12],[-1,42],[-50,12],[7,21],[-15,7],[-11,46],[19,2],[-1,10],[-17,17],[-34,5],[-12,18],[-21,1],[4,9],[15,1],[9,24],[41,-1],[22,14],[-2,16],[17,17],[32,-7],[22,34],[-16,13],[29,-3],[11,13],[-10,10],[21,6],[4,15],[14,1],[4,10],[-28,17],[-2,14],[12,9],[-8,14],[35,44],[22,4],[26,35],[35,7],[-5,31],[-11,7],[5,29],[37,3],[18,15],[28,-10],[26,10],[4,10],[18,-5],[9,15],[17,-4],[26,21],[17,29],[42,-17],[46,7],[44,-6],[41,35],[85,33],[71,-4],[20,-9],[27,1],[12,18],[20,-8],[36,6],[42,-22],[35,-2],[24,1],[23,17],[4,15],[97,-16],[33,17],[105,-31],[51,26],[21,30],[47,31],[-46,28],[-37,-3],[-4,50],[-31,32],[-11,0],[2,11],[-23,2],[-9,10],[31,12],[18,22],[18,-1],[49,45],[18,0],[-23,30],[-33,23],[-20,-3],[-62,31],[-31,35],[-35,-1],[-43,54],[-32,8],[-33,35],[-31,13],[-27,42],[12,27],[-24,9],[-19,23],[-44,-24],[-23,3],[-16,13],[42,21],[23,27],[-2,31],[-13,21],[-18,5],[10,18],[-18,43],[22,12],[-5,19],[11,28],[-22,18],[15,4],[4,13],[46,11],[15,86],[-53,70],[2,24],[-16,30],[-33,27],[-6,61],[-12,15],[20,33],[20,-9],[15,4],[0,20],[-50,37],[-25,4],[-61,33],[-36,4],[0,26],[-35,18],[18,3],[13,19],[27,3],[-2,59],[8,12],[-23,72],[-11,10],[-25,1],[-29,26],[2,48],[11,9],[-11,35],[-29,14],[-31,-6],[-48,31],[-28,1],[1,66],[-48,41],[-18,41],[6,38],[23,-1],[10,18],[-18,26],[-42,15],[-13,34],[-32,14],[-12,18],[26,34],[-13,21],[-22,-2],[-5,10],[-18,1],[-21,-23],[-2,-20],[-13,-7],[6,-13],[-16,-9],[-40,21],[-93,-5],[-7,20],[11,26],[-41,20],[-13,31],[-68,38],[-36,114],[18,73],[23,24],[-1,72],[23,31],[-31,52],[-48,20],[-26,67],[44,62],[-25,75],[-22,21],[-53,17],[-42,49],[-19,45],[-41,38],[-8,54],[-58,63],[5,20],[-19,15],[-6,22],[-41,25],[3,26],[16,16],[-7,17],[-109,10],[-135,-43],[-68,15],[-3,15],[16,22],[-22,68],[11,17],[-13,33],[-36,30],[-9,20],[76,26],[30,49],[23,99],[-16,16],[11,31],[-16,43],[12,25],[11,16],[11,0],[43,-29],[16,0],[17,11],[3,20],[30,8],[9,11],[56,-3],[-15,22],[6,36],[-23,30],[-34,16],[9,20],[30,4],[59,-25],[28,9],[23,-11],[46,3],[-1,16],[-16,5],[-1,39],[-34,18],[-22,45],[-18,15],[3,29],[26,20],[-37,79],[-25,20],[7,58],[44,25],[58,8],[18,-18],[24,-7],[12,-24],[31,7],[51,-36],[55,21],[-18,19],[-1,26],[-14,20],[-5,52],[16,21],[27,8],[1,17],[-8,9],[-15,-2],[-14,18],[4,9],[-15,8],[19,1],[0,-20],[14,-6],[20,2],[10,13],[25,-2],[7,-11],[-17,-13],[-2,-40],[-14,-17],[-21,6],[-1,-37],[15,-1],[24,15],[31,0],[10,-19],[59,-46],[-16,-63],[33,-37],[-4,-22],[74,-22],[8,-11],[24,13],[2,-6],[7,11],[-1,-23],[-19,-15],[34,-19],[17,-61],[58,-26],[7,-15],[10,6],[11,-46],[19,-11],[19,8],[58,-55],[0,-23],[20,0],[4,16],[17,-3],[-5,-14],[26,-20],[-5,-30],[24,-9],[37,-48],[9,-38],[-12,-14],[10,-11],[-13,-19],[6,-21],[32,-17],[-5,-19],[25,-16],[-13,-24],[12,-29],[-13,4],[-12,-9],[-16,-53],[28,-29],[120,-56],[1,-31],[17,-26],[-9,-5],[22,-51],[401,-195],[140,-26],[28,8],[5,18],[13,-21],[-11,-15],[19,-25],[32,-18],[9,-22],[37,7],[12,-22],[55,-12],[24,7],[14,-27],[23,2],[20,-47],[0,-37],[17,-18],[19,-3],[17,-30],[35,-2],[7,-26],[20,-20],[-6,-5],[-12,10],[-18,-9],[-15,-17],[4,-25],[30,-30],[30,-14],[7,-29],[28,-29],[37,-13],[26,-23],[5,-38],[45,-63],[73,-24],[10,-26],[-22,-15],[-4,-14],[45,-38],[-18,-5],[1,-22],[64,-41],[0,-27],[66,-30],[5,-21],[17,-13],[-2,-16],[20,-3],[8,-18],[29,-13],[-14,-18],[27,-22],[11,-45],[27,-23],[138,-14],[167,12],[77,15]],[[32238,70839],[13,-157],[81,-206],[70,-54],[45,-54],[-30,-124],[-12,-157],[32,-92],[-2,-47],[49,-22],[13,-24],[6,-75],[19,-48],[-5,-32],[-57,-74],[-84,-73],[-68,-28],[-110,-3],[-36,-24],[-29,-35],[-51,-133],[-16,-87],[-1,-59],[35,-54],[3,-22],[-25,-32],[-47,-12],[-50,0],[-24,-15],[57,-50],[4,-41],[-64,-131],[-36,-121],[-49,-66],[-98,-68],[-63,-71],[-37,-17],[-77,-6],[-37,-13],[-59,-84],[-48,-34],[-62,-3],[-102,49],[-16,1],[-21,-14],[-12,-26],[28,-97],[7,-109],[23,-22],[22,-4],[522,-453],[243,-189],[288,-173],[77,-181],[26,-92],[18,-23],[48,-27],[249,-14],[501,0],[30,-18],[133,-37],[800,-591]],[[34252,66371],[152,-112],[290,-755],[12,0],[11,-19],[66,10],[10,-10],[-3,-21],[34,-7],[22,-19],[-3,-12],[40,-3],[-7,13],[7,4],[26,-11],[5,-22],[19,3],[-1,26],[27,6],[40,-40],[25,-41],[15,-57],[30,-36],[40,-30],[17,0],[27,-31],[16,-1],[8,-21],[22,-8],[16,13],[33,-27],[8,8],[-5,32],[38,-41],[45,-108],[-2,-38],[41,-26],[5,-47],[31,-49],[-7,-12],[36,-24],[-3,-19],[21,-6],[8,-14],[-16,-8],[7,-21],[-15,-9],[-4,-21],[15,-8],[0,-16],[13,-8],[-5,-26],[14,-4],[4,-17],[17,-10],[0,-31],[25,-30],[-19,-14],[3,-15],[20,-32],[26,-12],[44,-54]],[[35593,64483],[2,-15],[-21,5],[-31,-10],[-22,9],[-12,22],[-36,1],[-24,13],[-12,-5],[-11,-102],[-28,-54],[-72,-26],[2,-35],[11,-9],[-38,-6],[-18,-22],[-3,-52],[10,-29],[-44,-36],[-15,-29],[55,-46],[-11,-34],[-27,-24],[6,-63],[-17,-14],[-6,-28],[-26,-26],[-17,-36],[-30,-21],[25,-37],[-11,-41]],[[63592,91111],[73,19],[36,40],[86,22],[46,39],[175,54],[119,84],[186,99],[21,3],[-42,-63],[14,-11],[31,-3],[54,44],[51,13],[28,30],[1,38],[-65,-44],[-25,-1],[-20,11],[-33,-10],[33,16],[28,35],[87,70],[26,48],[42,47],[46,93],[13,63],[42,106],[111,128],[34,113],[106,155],[16,52],[108,182],[39,97],[-21,87],[5,109],[-18,49],[13,53],[-1,17],[-16,8],[7,76],[-17,26],[-16,113],[-16,25],[-24,11],[-98,5],[-38,-10],[-18,13],[-21,-2],[0,19],[19,25],[-11,13],[28,15],[7,-6],[58,14],[-1,28],[43,13],[15,22],[87,11],[4,31],[97,-3],[109,-26],[47,1],[31,-9],[110,2],[10,-14],[27,16],[179,20],[29,14],[36,0],[86,20],[65,-8],[68,5],[172,43],[8,11],[93,26],[21,-15],[46,21],[-8,-30],[21,-7],[2,19],[15,-34],[-14,-44],[-25,-17],[-11,-54],[-22,-10],[-16,-40],[-72,-18],[-56,-36],[5,-66],[-20,-11],[-14,18],[-19,3],[9,-9],[-22,-27],[11,-16],[-18,-5],[-15,-21],[57,-4],[1,-7],[30,-6],[-13,-11],[7,-6],[11,11],[32,-7],[-7,-18],[5,-8],[11,3],[13,-22],[0,-15],[-23,-26],[10,-1],[-10,-30],[-24,-37],[-2,-37],[36,15],[14,-3],[6,16],[18,0],[2,-8],[1,13],[-5,3],[11,11],[-10,-3],[18,8],[36,-35],[-9,-5],[22,-15],[-19,54],[9,-10],[-2,11],[14,5],[-1,12],[-2,-10],[-18,-5],[-13,30],[40,13],[-7,6],[-16,-7],[3,10],[25,2],[-13,3],[16,23],[-10,13],[25,0],[-16,15],[-13,-1],[20,22],[17,-2],[-6,-28],[8,5],[2,-6],[-28,-47],[21,11],[9,-12],[-17,-1],[-13,-17],[11,-20],[-22,-28],[13,-2],[1,-25],[24,2],[31,14],[11,15],[44,13],[1,-8],[-22,-2],[19,-22],[35,16],[15,-4],[-17,-9],[26,6],[-8,6],[6,12],[-16,-3],[-25,28],[48,-27],[16,5],[0,-26],[38,-6],[20,15],[-2,25],[-17,3],[32,5],[-2,24],[10,-7],[25,9],[-11,4],[3,12],[13,-8],[10,4],[-35,55],[11,25],[-24,20],[69,-11],[31,17],[5,18],[59,8],[5,25],[34,9],[42,-18],[-12,11],[3,16],[11,3],[16,-10],[-14,-17],[29,-9],[35,16],[41,-21],[23,0],[48,33],[-19,12],[-15,43],[7,-4],[3,17],[12,-30],[17,12],[8,30],[-20,29],[12,10],[-65,40],[-2,17],[16,3],[1,4],[-31,-2],[-30,21],[-14,23],[14,0],[17,19],[-9,24],[50,-5],[-6,28],[-74,33],[-12,-2],[-13,-33],[-37,23],[8,35],[-18,31],[37,26],[-11,23],[-17,1],[-4,20],[-54,15],[-29,-12],[-30,8],[-42,-9],[15,-15],[-13,-6],[-28,20],[-106,-12],[-43,15],[-37,-31],[16,-48],[-7,-15],[-14,39],[-32,-2],[-11,31],[-25,1],[3,10],[92,42],[94,96],[121,59],[44,32],[29,8],[12,29],[72,42],[182,162],[18,10],[14,-12],[21,1],[16,-19],[61,-6],[5,16],[26,16],[73,31],[7,42],[13,11],[86,-1],[24,-28],[-46,-27],[-7,-16],[-77,-26],[-9,-19],[-37,-21],[-2,-10],[-35,-2],[-13,-34],[30,-68],[31,-41],[74,-59],[64,-23],[51,-1],[26,12],[-7,9],[19,25],[-15,23],[39,61],[36,1],[15,12],[85,-11],[100,13],[41,24],[75,69],[24,41],[8,69],[-20,44],[-30,20],[-59,9],[-56,-9],[-3,15],[64,14],[122,58],[31,34],[10,56],[53,19],[19,-6],[12,-10],[9,-10],[-17,14],[3,-25],[9,11],[-2,-35],[30,-12],[-21,-16],[17,-6],[-3,-13],[-39,-21],[-23,2],[-5,-11],[-24,-8],[10,-57],[17,-20],[-3,-18],[11,-1],[-1,23],[15,15],[49,-21],[1,-10],[-17,11],[-3,-10],[28,-15],[26,32],[-30,-5],[52,17],[36,-27],[9,-18],[19,-3],[-52,-36],[16,4],[-4,-11],[49,23],[6,18],[40,27],[-38,31],[-63,19],[71,39],[-5,13],[-35,9],[42,3],[27,-12],[75,-8],[64,40],[48,8],[41,33],[18,-4],[-6,15],[24,10],[-11,4],[6,4],[20,-4],[-1,-19],[38,12],[-15,-23],[45,4],[50,27],[-13,11],[3,17],[-21,15],[-21,0],[-21,-15],[-45,-7],[-83,-1],[-2,-18],[-42,3],[33,-19],[-50,1],[-37,-13],[4,-8],[-37,13],[-7,20],[54,20],[29,38],[24,-7],[4,17],[81,25],[-58,0],[-3,15],[64,13],[8,11],[-31,12],[-53,2],[-11,-11],[-21,-2],[-24,-32],[-18,0],[-24,6],[26,22],[-1,9],[-10,-1],[-36,-34],[-37,-19],[-54,-18],[-30,2],[-31,-15],[-17,22],[58,37],[30,33],[34,15],[4,29],[-8,10],[-51,-37],[-62,-13],[-6,-19],[-20,-8],[-8,-40],[-38,-28],[-101,-31],[-28,-19],[-30,2],[6,20],[-13,7],[43,53],[-3,21],[76,61],[177,46],[31,15],[23,27],[63,15],[35,21],[49,0],[103,-24],[163,-85],[40,4],[51,-22],[42,2],[16,10],[170,-19],[23,26],[-10,14],[8,8],[5,-10],[112,-43],[30,4],[9,12],[-5,11],[38,-6],[28,10],[78,-30],[23,3],[8,10],[105,-50],[222,-60],[58,-49],[60,-11],[23,-16],[40,-66],[98,-70],[22,-2],[39,35],[84,-31],[86,17],[25,-8],[6,-14],[65,-15],[34,5],[175,-59],[39,0],[75,-55],[115,-58],[53,3],[22,23],[-9,21],[14,3],[15,-13],[63,-10],[90,-50],[32,-4],[57,-31],[96,-61],[26,-46],[70,-19],[79,-75],[39,-10],[38,-46],[-20,-27],[13,-45],[-9,-34],[37,-77],[130,-167],[62,-110],[110,-143],[15,-7],[66,-126],[22,-20],[32,-57],[211,-259],[61,-99],[-12,-103],[26,-106],[-21,-83],[-18,-6],[-19,-52],[-108,-129],[-43,-20],[-58,6],[-29,-30],[-14,8],[-25,-7],[-42,-41],[-20,14],[-23,0],[-37,-52],[-28,10],[-41,-4],[-164,-93],[-29,-4],[-70,-67],[-48,-2],[-42,-44],[-78,-47],[-82,-81],[-11,-43],[-39,-11],[-58,-34],[-47,22],[5,19],[-11,16],[-34,13],[-44,-2],[-14,28],[-50,33],[-26,-10],[13,-33],[29,-2],[23,13],[9,-5],[-11,-22],[-36,4],[-7,-24],[-103,35],[4,-46],[-26,-9],[20,-5],[0,-9],[-18,-9],[-16,3],[11,-25],[22,-10],[41,9],[41,-5],[17,24],[46,13],[4,22],[23,2],[11,19],[36,4],[35,-18],[-60,-48],[-17,-39],[-4,-60],[-67,-46],[-31,-52],[-5,-39],[-34,-26],[-13,-150],[-45,74],[-1,-12],[-25,2],[13,7],[-4,28],[-57,-8],[-21,-28],[-18,-2],[11,-4],[-6,-12],[12,-6],[-5,8],[27,-1],[2,12],[22,-9],[-48,-24],[-61,1],[-37,-14],[-14,32],[-24,-4],[21,-35],[-20,-7],[-4,-14],[25,-8],[-2,-10],[-51,6],[4,22],[-53,-5],[-15,8],[-17,-15],[-27,3],[6,-8],[-25,-6],[8,-72],[61,-18],[-534,-145],[-1043,-228],[-1296,-376],[-273,-35],[-602,-119],[-272,-38],[-359,-559],[-1529,-2315],[-33,6],[-30,-13],[-88,-1],[-98,28],[-85,10],[-110,-5],[-46,16],[-42,-15],[-32,1],[-11,4],[10,15],[-78,21],[-31,-1],[-59,-28],[-13,-23],[-40,-17],[-148,-31],[-137,-43],[-105,-3],[-14,-22],[-27,3],[-58,-41],[-10,3],[-21,43],[1,23],[-8,2],[-86,-46],[-24,-31],[-33,-4],[-88,-63],[-48,-18],[-25,-26],[-9,-26],[-58,-28],[16,-22]],[[55324,87886],[290,-49],[37,18],[76,-4],[13,12],[35,3],[11,12],[118,8],[6,11],[26,9],[322,-33],[84,10],[48,20],[174,-6],[241,6],[89,14],[33,25],[266,45],[165,52],[59,27],[16,25],[75,41],[10,32],[208,93],[17,24],[128,71],[54,64],[13,72],[209,115],[50,46],[16,41],[38,35],[187,41],[149,67],[215,179],[91,91],[135,103],[250,117],[128,28],[66,25],[99,64],[64,22],[14,16],[45,13],[14,14],[15,-1],[85,44],[201,60],[38,30],[53,90],[68,70],[114,88],[71,102],[64,41],[131,56],[40,35],[75,43],[67,74],[101,46],[190,58],[78,44],[83,15],[91,0],[85,16],[179,74],[96,-7],[137,23],[43,23],[50,48],[46,23],[29,28],[45,22],[60,3],[93,-25],[58,12],[47,27],[59,19],[-8,9],[100,83],[118,43],[115,-9],[82,17],[187,-4],[97,13],[30,33],[184,37],[188,119],[18,25],[181,59]],[[63592,91111],[27,-43],[8,-39],[34,-12],[-3,-33],[17,-21],[4,-31],[46,-40],[-3,-38],[34,-60],[-32,-44],[-74,-25],[-7,-26],[24,-33],[-15,-52],[-40,-38],[5,-45],[-21,-21],[-41,15],[-15,-29],[2,-18],[-37,-38],[-22,-69],[18,-31],[1,-46],[30,-13],[8,-29],[-9,-38],[-61,-1],[-17,-27],[5,-31],[-36,-26],[14,-116],[27,-27],[15,-38],[62,-37],[67,-4],[41,-21],[45,-8],[81,-56],[17,-40],[39,-34],[2,-191],[64,4],[100,-18],[57,-31],[106,-85],[31,-18],[38,-7],[-13,-7],[-804,-1],[-111,-137],[-547,-191],[-44,-8],[-28,-48],[-3,-24],[-284,3],[-3,-50],[-30,-11],[-464,88],[-7,-29],[-29,-18],[-3,-38],[-39,-71],[6,-19],[-49,4],[-42,-27],[-25,0],[-15,17],[-19,-4],[-2,10],[-40,-9],[-24,11],[-4,-15],[41,-5],[16,-22],[-6,-11],[27,-19],[-13,-8],[6,-21],[11,-1],[32,-59],[-4,-15],[-12,-3],[13,-16],[-7,-16],[7,2],[-2,-9],[21,-19],[-20,-11],[15,-5],[-9,-11],[17,2],[23,-18],[-14,-4],[25,-21],[4,-23],[18,-16],[10,-35],[-9,-10],[10,0],[12,-29],[-9,-12],[20,-11],[17,3],[-11,-16],[8,-4],[-7,-21],[12,-13],[-17,-25],[15,-7],[-20,-14],[20,-30],[-18,1],[16,-29],[-34,-18],[-1,-26],[34,-8],[27,-56],[-41,-71],[26,-18],[18,-70],[-19,-17],[16,-17],[11,1],[19,-39],[-9,-14],[12,-21],[-7,-28],[22,-47],[-12,-17],[8,-12],[-13,-11],[-18,0],[-13,-26],[-43,-1],[-22,-15],[-5,-29],[28,-54],[-40,-31],[-147,40],[-31,-30],[10,-41],[-9,-75],[37,-41],[-27,-28],[0,-65],[-8,-26],[-8,7]],[[56056,85655],[35,24],[106,12],[22,15],[39,0],[41,18],[26,20],[10,28],[33,32],[35,20],[57,0],[46,55],[30,20],[31,7],[38,32],[53,-12],[71,17],[84,7],[63,-45],[30,-2],[52,21],[73,51],[96,25],[47,-14],[23,2],[51,67],[60,15],[38,0],[107,-57],[51,5],[43,17],[46,0],[17,-8],[21,10],[67,-5],[19,3],[6,17],[25,-13],[43,8],[33,20],[10,-13],[-4,-14],[47,-10],[5,32],[19,0],[-5,15],[15,13],[32,-3],[18,16],[38,2],[47,16],[43,0],[10,13],[54,-3],[12,17],[31,9],[63,65],[99,34],[7,18],[57,34],[20,31],[23,-5],[28,-26],[93,-32],[10,-15],[94,-12],[-6,11],[-17,1],[-2,14],[14,24],[-4,34],[29,27],[21,-10],[19,9],[35,0],[22,29],[54,26],[4,11],[25,3],[14,22],[113,38],[30,-2],[-1,-15],[44,-6],[10,-11],[24,3],[18,24],[88,68],[49,6],[43,30],[84,-26],[110,3],[24,19],[29,-2],[-3,-7],[19,-13],[40,-9],[17,-37],[46,0],[12,28],[47,46],[71,7],[2,14],[70,57],[7,16],[27,5],[29,35],[-11,24],[34,13],[-2,18],[34,15],[-3,16],[51,13],[59,33],[3,12],[-17,22],[19,20],[-8,25],[11,24],[82,8],[30,-5],[46,25],[163,46],[86,44],[22,34],[27,4],[43,23],[5,16],[32,27],[44,17],[47,-7],[101,47],[60,17],[125,1],[87,44],[30,26],[44,13],[136,25],[144,-31],[18,28],[29,11],[33,-14],[45,-3],[8,-9]],[[61604,87343],[-37,-12],[-30,-34],[-2,-15],[11,-17],[120,-72],[-4,-33],[8,-6],[-36,-13],[3,-13],[-29,3],[10,-25],[34,18],[64,-51],[21,7],[-4,18],[19,-9],[34,1],[1,12],[33,14],[-13,4],[1,15],[-9,-6],[9,19],[17,1],[9,12],[16,-2],[-12,15],[22,-9],[59,2],[7,25],[17,-2],[-7,15],[28,-2],[10,20],[13,-4],[6,8],[14,-11],[14,2],[-33,-23],[2,-16],[-29,-27],[-16,-34],[8,-14],[-6,-15],[23,-11],[15,-27],[38,-4],[31,9],[9,-19],[28,-17],[45,11],[11,-12],[32,25],[21,-1],[26,-16],[49,-5],[44,-52],[48,-14],[37,11],[51,-11],[86,4],[52,-30],[26,-54],[19,-3]],[[62638,86873],[36,-16],[34,-90],[28,-17],[-117,-104],[-43,-18],[-16,-21],[-9,-66],[-60,-20],[-11,-31],[-45,-9],[1,-25],[49,-35],[-29,-31],[-26,2],[-19,-13],[-45,-48],[-16,-35],[8,-27],[-88,-128],[-23,-44],[-1,-24],[-49,-37],[-16,-32],[-56,-28],[-21,-42],[-33,-26],[-92,-32],[-72,-44],[-25,-50],[-34,-36],[-57,25],[-70,-14],[-50,3],[-67,-30],[-9,-75],[-38,-50],[-23,-2],[5,-36],[-16,-48],[-20,-24],[10,-41],[-50,-49],[-43,-12],[-5,-19],[13,-20],[-7,-39],[-49,-59],[30,-70],[-20,-31],[-11,-47],[2,-22],[15,-3],[2,-10],[-65,-39],[-46,10],[-56,-1],[-31,-17],[-33,-81],[-25,-12],[25,-31],[-36,-71],[24,-84],[-11,-14],[-82,-42],[-31,-107],[-36,-42],[-5,-54],[17,-19],[-6,-18],[-10,-13],[-65,-1],[6,-65],[-13,-14],[4,-22],[-212,-123]],[[58662,84302],[21,11],[0,24],[20,11],[23,-11],[22,23],[8,-9],[9,22],[37,26],[23,9],[18,-8],[2,10],[27,1],[24,24],[16,-4],[1,13],[21,5],[2,8],[17,-6],[18,18],[-4,14],[12,0],[5,12],[11,-6],[34,11],[0,12],[21,-5],[-5,15],[6,-7],[27,5],[4,-10],[4,12],[42,2],[3,22],[35,33],[35,54],[13,-3],[-3,15],[14,5],[17,33],[46,26],[0,24],[48,6],[4,19],[12,3],[-4,10],[50,32],[90,-1],[36,-17],[12,-21],[37,12],[11,-13],[116,-54],[170,-39],[10,13],[32,-35],[40,3],[22,-9],[8,-15],[21,18],[25,-7],[77,14],[35,-50],[24,-16],[38,13],[54,-8],[40,7],[70,-12],[67,19],[43,-89],[15,-6],[35,-58],[40,-34],[15,-41],[72,-83],[22,-52],[28,-29]],[[60703,84213],[-58,-48],[-9,-77],[-47,-36],[-88,-43],[-76,-50],[-12,-84],[-15,-29],[-31,-9],[-28,-37],[-54,-4],[22,-25],[-3,-12],[12,-5],[-1,-23],[28,-52],[-14,-10],[-6,-34],[-44,-19],[9,-50],[-28,-28],[14,-47],[-28,-5],[-33,-20],[-57,-93],[-31,-12],[-7,-13],[-56,-17],[-1,-18],[-29,9],[-36,-6],[-18,-18],[-22,0],[-8,-42],[-16,-3],[-38,-40]],[[48994,59663],[53,20],[24,35],[90,63],[77,24],[40,25],[110,96],[22,37],[15,102],[23,39],[8,44],[114,107],[52,21],[84,-5],[90,7],[80,40],[37,29],[24,34],[4,33],[-35,63],[-114,82],[-42,47],[-19,55],[-33,53],[0,32],[62,80],[12,56],[-88,239],[3,52],[23,79],[-35,69],[-6,43],[15,34],[50,35],[81,34],[57,79],[77,30],[56,57],[110,9],[88,-27],[122,140],[129,19],[60,27],[52,6],[64,40],[73,26],[43,48],[46,77],[83,75],[85,42],[75,24],[47,3],[52,-13],[105,27],[48,44],[86,27],[109,112],[58,-11],[121,58],[6,36],[32,28]],[[51699,62450],[25,-25],[-4,-33],[47,-13],[-2,-9],[-50,-15],[3,-55],[-55,-21],[1,-24],[17,-5],[35,24],[38,5],[34,-29],[36,-9],[8,-16],[-27,-11],[-48,10],[-30,-4],[-46,-57],[16,-10],[53,-3],[10,-16],[-15,-26],[5,-14],[75,-17],[3,-25],[-47,-19],[-8,-22],[15,-15],[59,-25],[-5,-14],[-35,-4],[-12,-14],[6,-21],[43,-48],[-9,-22],[-37,-34],[11,-41],[-25,-7],[-35,17],[-19,-12],[-2,-12],[18,-24],[58,-17],[6,40],[49,-22],[73,42],[39,-6],[-6,-26],[31,-38],[-2,-32],[14,-24],[-14,-32],[6,-61],[-16,-9],[-61,13],[-19,-21],[13,-11],[35,1],[29,-13],[33,-77],[14,0],[5,10],[24,-17],[24,29],[24,-2],[0,-14],[12,8],[14,-4],[28,-20],[21,13],[10,-15],[30,1],[14,15],[30,-8],[53,12],[12,-6],[-2,-13],[70,-8],[12,6],[12,-11],[17,2],[22,-24],[57,-25],[30,9],[29,-7],[43,-22],[15,-26],[9,9],[1,-8],[45,2],[3,-8],[17,-1],[3,-13],[24,10],[29,-32],[-1,-7],[-14,2],[11,-26],[17,-5],[17,9],[16,-13],[24,-3],[-4,-8],[12,-3],[5,-18],[-9,-38],[44,-43],[14,14],[14,-3],[-3,-10],[19,2],[27,29],[30,-1],[-7,7],[45,-4],[78,48],[22,-14],[23,-1],[-3,-11],[21,-1],[3,11],[13,3],[28,-33],[46,-9],[-1,-7],[42,7],[15,-36],[-12,-9],[-4,-46],[18,-43],[-19,-50],[23,-21],[33,35],[41,12],[37,-22],[24,9],[13,-4],[1,-20],[32,-11],[82,79],[16,32],[24,10],[94,82],[-1,28],[30,41],[80,8],[55,-16],[50,-40]],[[56514,61650],[27,50],[47,27],[38,48],[18,80],[-15,47],[1,50],[21,52],[-28,20],[53,39],[67,99],[-3,21],[-41,39],[18,7],[9,19],[-19,71],[17,57],[-3,26],[57,56],[4,27]],[[56782,62485],[74,-5],[84,-42],[-2,-23],[-24,-18],[6,-57],[70,-37],[30,-2],[31,-15],[19,10],[87,-38],[27,-57],[-5,-37],[59,-74],[36,-13],[7,-39],[83,-33],[12,-16],[91,-5],[4,38],[18,9],[3,38],[51,29],[77,17],[36,46],[27,11],[57,79],[10,64],[47,93],[78,-7],[6,-20],[17,-11],[36,-1],[39,-32],[41,-7],[20,-60],[28,-44],[104,-29],[180,-19],[60,10],[52,-8],[37,-24],[24,9],[33,41],[160,-7],[58,33],[16,35],[44,24],[3,26],[30,27],[60,13],[57,65],[69,47],[-4,21],[18,73],[47,37],[9,28],[43,51],[2,26],[25,16],[31,-22],[6,-20],[85,-34],[15,-26],[-7,-39],[25,-34],[-22,-18],[3,-25],[-16,-22],[12,-28],[61,-52],[-32,-31],[-15,-50],[19,-13],[56,-10],[24,-27],[-17,-29],[3,-29],[-13,-43],[80,-50],[54,-8],[116,-74],[-20,-67],[5,-15],[57,-17],[30,-31],[27,-3],[54,-29],[35,3]],[[59845,61878],[71,-20],[18,-33],[68,-48],[11,-18],[-1,-31],[16,-24],[24,-11],[-3,-28],[32,-23],[9,-54],[30,-25],[-4,-25],[19,-41],[15,-1],[29,-28],[34,-8],[19,-17],[47,-12],[31,-33],[7,-48],[36,-54],[-6,-35],[6,-31],[15,-14],[2,-35],[18,-13],[11,-25],[39,-5],[15,-16],[29,-10],[20,8]],[[60113,58862],[1,37],[30,27],[-2,44],[17,41],[-29,41],[-43,-6],[-34,11],[19,47],[-30,33],[35,10],[16,25],[-2,12],[-38,9],[-4,9],[21,58],[52,34],[-12,69],[-21,20],[-29,3],[-112,47],[23,19],[8,68],[-9,34],[27,24],[42,-17],[26,24],[-35,49],[-22,80],[-23,42],[-52,35],[-49,-3],[-28,9],[-23,35],[-18,65],[-27,19],[9,41],[-38,40],[-15,46],[86,109],[-18,41],[-99,19],[-73,-43],[-133,-20],[-27,-17],[-30,-5],[-35,-31],[-31,1],[-24,-23],[-148,3],[-53,123],[4,53],[-30,7],[-31,21],[-40,-7],[-8,-21],[-23,-14],[-49,2],[-27,15],[-24,-22],[-22,3],[-9,-14],[-36,13],[-21,26],[-51,-5],[-46,-42],[-12,41],[-89,-4],[-43,39],[-33,1],[-126,-66],[-28,-4],[-43,22],[-80,87],[-57,1],[-26,-19],[-19,-2],[-45,8],[-13,13],[6,-45],[-14,-56],[-16,-15],[1,-67],[4,-47],[12,-22],[17,-6],[-3,-13],[-22,-4],[-8,-24],[-39,-28],[-92,-6],[-9,-16],[-70,-44],[-34,26],[-33,-52]],[[54059,61179],[59,73],[-28,3],[-50,39],[-66,7],[-32,-11],[-45,16],[-7,31],[-38,-15],[-21,4],[12,28],[-9,29],[-9,16],[-41,24],[120,54],[25,52],[-23,10],[15,35],[-10,18],[-19,2],[-35,-51],[-9,17],[11,58],[-50,34],[-36,-15],[-50,10],[-7,-35],[-61,-16],[-17,13],[-5,22],[-54,10],[-17,12],[9,45],[-36,46],[33,29],[-40,65],[-71,9],[-23,17],[21,34],[30,10],[8,13],[-6,8],[-29,-1],[-18,18],[27,54],[-46,1],[-3,27],[-14,15],[-37,-12],[-2,32],[-13,14],[29,0],[7,10],[-55,1],[-33,21],[16,22],[14,3],[25,-11],[3,15],[-20,10],[-42,0],[-10,39],[-15,-9],[3,-29],[-21,10],[-8,20],[14,55],[-10,8],[-18,-2],[-28,-25],[-24,18],[-32,-29],[-8,31],[-26,14],[10,30],[-60,16],[5,25],[-53,31],[-12,33],[-53,2],[-7,18],[-40,9],[-3,15],[-44,2],[-3,19],[-22,16],[3,27],[-28,-22],[-17,9],[-7,30],[36,4],[1,14],[-17,7],[-32,-20],[-9,16],[7,25],[-16,24],[18,26],[-42,-4],[-11,11],[42,19],[-2,14],[19,-1],[-2,16],[-29,24],[0,11],[37,7],[1,-28],[29,62],[16,-10],[27,6],[-3,11],[-22,4],[18,34],[-37,-16],[18,34],[-2,39],[17,-6],[10,18],[26,-7],[11,6],[-13,22],[9,17],[-33,14],[25,22],[-23,7],[10,40],[-7,11],[-18,-5],[-12,14],[35,47],[-30,-9],[-50,57],[470,-30],[21,15],[16,0],[16,-10],[11,-31],[2,-64],[26,11],[12,-10],[20,48],[43,54],[2,52],[20,59],[42,44],[21,7],[15,-22],[-5,-34],[23,-34],[-22,-32],[-30,5],[-6,-7],[17,-17],[20,1],[1,-30],[16,7],[39,-6],[1,12],[22,10],[15,-17],[21,-2],[6,21],[27,-5],[19,-18],[5,19],[26,6],[25,23],[24,-20],[12,21],[13,0],[9,-10],[-36,-22],[-8,-28],[29,8],[-1,-24],[26,-5],[13,-36],[11,13],[16,-17],[36,14],[29,-3],[3,-21],[52,-58],[50,-30],[36,20],[60,-3],[16,23],[14,-9]],[[54145,62924],[2,-27],[-41,0],[9,-31],[-51,-23],[14,-37],[-2,-29],[-6,-10],[-13,10],[5,-26],[-12,-12],[18,-7],[7,-23],[-12,-19],[-5,21],[-38,-40],[23,-24],[-13,-7],[17,-26],[13,5],[2,14],[22,1],[16,-15],[17,14],[1,-10],[12,-1],[-2,-20],[22,-12],[-21,2],[22,-21],[-30,-22],[76,-28],[6,-17],[35,-20],[-8,-11],[-21,6],[-2,-11],[46,-4],[9,-10],[-5,-11],[-21,-6],[27,-39],[-21,-3],[-3,-16],[28,-16],[-33,-5],[8,-20],[-16,-13],[-11,5],[-11,-7],[16,-1],[-19,-15],[20,-1],[10,-10],[-29,-13],[31,-9],[23,-31],[-26,-21],[42,4],[-10,-14],[9,-32],[-10,-7],[17,-9],[-23,-15],[17,-9],[-15,-3],[-3,-25],[-49,18],[-16,-15],[-7,-28],[17,-19],[-18,-2],[21,-19],[-16,-28],[26,6],[8,-6],[-36,-29],[7,-25],[28,1],[-15,-18],[19,-6],[-14,-13],[15,-41],[-11,11],[-7,-16],[26,1],[7,-17],[-10,-49],[13,-6],[-14,-20],[0,-22],[25,7],[-2,-16],[32,5],[21,-8],[-3,-16],[-23,1],[-10,-14],[19,-5],[-1,-14],[24,-2],[6,-15],[-6,-21],[-31,-9],[-18,15],[-13,-22],[-16,-4],[17,-20],[-12,-17],[15,-34],[-14,-39],[26,-25],[13,13],[21,0],[-10,-9],[4,-23],[13,-6],[27,6],[5,-16],[17,-2],[-6,-29],[4,-10],[16,2],[3,-16],[42,14],[35,-14],[32,7],[-7,23],[13,10],[29,-30],[2,-53],[37,-9],[17,11],[25,-23],[12,16],[13,-15],[28,-1],[6,-16],[-12,-4],[10,-7],[-23,-4],[1,-29],[-44,-66],[1,-24],[17,6],[17,-9],[6,-37],[35,-10],[48,15],[5,-14],[20,-5],[6,13],[25,-6],[5,8],[10,-11],[34,-7],[48,2],[41,14],[38,-17],[30,-31],[18,23],[66,33],[56,-22],[104,-3],[46,-27],[66,-10],[62,-33],[53,15],[21,-42],[-1,-35],[23,-14],[-5,-37],[-13,-18],[29,-22],[43,-2],[33,20],[48,3],[21,36],[82,4],[31,-12],[48,4],[22,-7],[75,44],[24,2],[32,48],[132,-57],[139,3],[23,6],[-3,55],[-20,34],[15,36],[29,21],[16,33],[27,21],[-10,14],[9,30],[-11,69],[36,46],[44,19],[5,65],[15,32],[40,38],[25,7],[-9,27],[13,32],[42,47]],[[56514,61650],[70,-33],[48,2],[23,-26],[51,-22],[7,-15],[70,-7],[27,-19],[58,-8],[14,-14],[19,3],[27,-23],[180,-40],[16,-20],[73,-31],[11,-22],[-4,-43],[-23,-59],[-10,-5],[-9,-12],[24,7],[119,-13],[2,-65],[55,-95],[8,-67],[-12,-28],[17,-54],[45,-8],[63,14],[49,-7],[54,45],[52,12],[4,20],[48,10],[67,-74],[38,-9],[80,-64],[-7,-10],[6,-36],[19,-41],[24,-12],[16,5],[13,-14],[37,-3],[34,-39],[14,-49],[-21,-39],[3,-20],[-45,3],[-35,-20],[-17,-29],[-22,-11],[28,-51],[-68,-45],[-17,-37],[8,-30],[-12,-8],[-13,-42],[-20,0],[4,-17],[57,-23],[37,-131],[-23,-36],[-18,-1],[-22,-30],[15,-58],[-2,-14],[-5,5],[-7,-10],[14,-34],[-10,-34],[-24,-18],[16,-38]],[[57832,59913],[2,-27],[-13,-22],[-18,3],[-43,-16],[-70,2],[-35,-23],[19,-12],[-11,-31],[53,4],[36,-8],[41,-30],[11,-22],[0,-46],[57,-76],[4,-54],[-10,-23],[6,-24],[-44,-78],[-2,-106],[13,-24],[-13,-33],[-10,-96],[-41,-33],[-21,-42],[-25,-18],[9,-30],[-39,-75],[-35,-25],[-45,-1],[34,-66],[34,-37],[-28,-36],[-1,-42],[-33,-2],[36,-22],[31,-39],[0,-21],[-17,-86],[-40,-93],[-1,-92],[-32,-64],[91,-27],[19,16],[14,-9],[6,-25],[76,-64],[39,-70],[74,-18],[60,-40],[33,-45],[-3,-19],[31,-35]],[[50638,57104],[-29,113],[4,32],[-31,23],[6,10],[-11,14],[14,21],[54,40],[46,23],[17,0],[-4,14],[30,41],[37,9],[23,18],[26,-4],[8,21],[28,21],[19,3],[-6,14],[23,16],[2,39],[18,12],[8,23],[-13,11],[5,15],[-11,17],[-19,0],[-18,12],[-17,-3],[-17,19],[-8,45],[19,14],[4,27],[56,44],[34,52],[-24,36],[-18,7],[0,10],[-33,27],[-21,5],[-38,50],[-40,19],[-15,30],[-36,11],[3,21],[-35,37],[-4,17],[11,11],[-8,18],[13,13],[-23,14],[-16,34],[13,36],[-10,31],[21,43],[-8,9],[-21,-7],[-5,15],[35,14],[16,25],[-4,28],[-19,12],[-23,0],[-20,19],[-22,-9],[0,17],[-16,9],[-29,-2],[15,39],[-31,-13],[-42,23],[-16,-15],[-64,26],[-13,-14],[-15,0],[-9,-41],[-18,-13],[-3,19],[-14,8],[-45,-52],[-27,17],[-12,-21],[-29,9],[-28,-24],[-53,3],[8,-11],[-14,-5],[2,-19],[-20,-14],[-6,-19],[-16,-4],[7,-9],[-12,-46],[-16,-9],[-3,-14],[-43,17],[-10,-22],[-50,13],[-14,13],[-3,22],[-11,4],[-32,-15],[-13,4],[-4,-12],[-27,-8],[-2,-9],[-31,3],[-5,20],[17,11],[0,18],[-21,-4],[-12,30],[-18,3],[-10,18],[-49,17],[-30,35],[16,41],[-9,31],[-43,26],[-5,16],[-32,12],[-47,-9],[-6,-13],[-19,12],[-15,-7],[-7,19],[-25,-13],[-14,23],[-17,-12],[-16,20],[-38,4],[-14,18],[-47,19],[13,55],[-5,18],[-17,12],[-11,59],[-14,17],[28,45],[-93,75],[-17,29],[-27,10],[-12,-5],[-22,10],[-11,17],[1,18],[24,17],[16,51],[4,34],[-12,48],[10,35],[22,9],[2,25],[-44,16],[-20,-19],[-26,-6],[-25,11],[-3,17],[-23,1],[-24,18],[0,13],[-17,10],[-61,9],[-21,17],[-12,28],[-20,14],[14,36],[-72,64],[10,5],[-15,9],[15,10],[-8,52],[-28,34],[-22,10],[16,61]],[[48872,59595],[89,57],[33,11]],[[48994,59663],[53,-55],[2,-19],[11,9],[104,-90],[18,-56],[37,-11],[40,3],[91,-15],[43,-22],[29,-30],[28,6],[13,-27],[34,1],[-1,-16],[14,-17],[30,-6],[72,8],[21,-9],[5,-17],[14,6],[9,-40],[-14,-11],[0,-14],[-14,-5],[4,-19],[-22,-27],[9,-10],[-11,-24],[-9,-13],[-36,2],[-6,-10],[5,-14],[64,-26],[-6,-17],[19,-10],[-14,-13],[9,-8],[-17,-26],[10,-10],[-11,-28],[6,-16],[10,2],[3,-48],[30,-51],[-7,-50],[-13,-8],[34,-26],[0,-15],[53,0],[17,-8],[-3,-6],[19,-1],[29,-32],[62,4],[12,9],[19,-13],[5,-18],[20,-10],[21,6],[35,-16],[33,1],[36,26],[37,-6],[18,6],[50,-10],[10,-14],[26,-4],[2,-11],[12,8],[42,-8],[7,-18],[40,7],[25,18],[33,-11],[50,4],[0,17],[14,2],[9,21],[28,8],[2,15],[23,7],[4,14],[21,10],[42,-35],[40,8],[47,-20],[19,-27],[28,-7],[49,-67],[16,-43],[24,-23],[30,-9],[37,21],[23,-16],[-3,-8],[24,-3],[-4,-9],[23,-11],[7,-17],[11,-61],[24,-14],[41,0],[43,18],[48,40],[5,20],[29,17],[10,0],[-2,-7],[23,7],[-14,29],[20,0],[-16,8],[15,18],[-14,10],[12,10],[-2,16],[21,3],[2,20],[-16,22],[13,4],[-11,9],[5,9],[12,-1],[0,17],[15,3],[2,39],[12,4],[-10,12],[19,24],[-4,27],[11,18],[-16,9],[11,18],[-22,2],[8,10],[-18,-2],[0,12],[-3,-12],[-34,7],[-13,-6],[-17,19],[15,1],[-5,10],[-17,1],[3,14],[-16,-12],[-1,24],[-15,1],[-5,20],[-14,4],[-3,28],[-20,-9],[10,22],[-18,10],[13,14],[-7,23],[15,4],[-10,14],[14,-6],[10,13],[25,-1],[2,13],[17,-1],[15,9],[-5,8],[22,5],[-54,26],[3,9],[-11,7],[25,2],[-6,16],[29,44],[19,-26],[25,-8],[10,8],[48,-6],[11,9],[10,-8],[4,14],[19,-16],[25,-1],[7,65],[15,-10],[12,14],[25,-1],[-1,21],[-16,8],[6,9],[11,-4],[-5,15],[18,-10],[1,26],[10,-19],[6,20],[8,-9],[28,13],[17,24],[17,-7],[-6,26],[16,24],[3,-23],[10,14],[17,-7],[27,40],[31,9],[7,48],[38,-39],[36,-19],[2,-54],[10,-14],[25,-5],[47,29],[34,-9],[20,-27],[24,-92],[28,-18],[1,-21],[32,-31],[34,-2],[10,-18],[11,0],[25,24],[24,-1],[25,-42],[54,-16],[17,8],[19,36],[44,41],[61,18],[19,17],[33,-11],[59,24],[41,-36],[68,-6],[21,13],[28,3],[4,18],[52,24],[8,17],[43,28],[33,-2],[25,30],[33,-8],[36,13],[28,-11],[9,-21],[3,8],[30,-3],[13,13],[16,-22],[22,9],[0,10],[40,11],[-9,11],[15,-1],[-3,8],[16,10],[13,-3],[-6,8],[10,-4],[9,12],[40,-26],[43,8],[24,20],[24,1],[52,-21],[12,-12],[9,-79],[39,-80],[65,-27],[36,-27],[86,-14],[12,-13],[-4,-32],[10,-34],[44,-20],[19,-1],[7,39],[16,0],[17,16],[22,-4],[1,12],[40,0],[22,23],[20,2],[0,19],[40,20],[0,10],[20,1],[8,20],[19,-1],[-11,23],[30,0],[37,26],[28,0],[5,15],[28,-3],[9,14],[43,15],[27,0],[16,10],[20,-8],[15,10],[19,-11],[11,5],[13,-14],[19,6],[40,-21],[29,1],[5,-37],[20,-16],[-7,-19],[44,36],[95,43],[25,-2],[21,13],[27,61],[18,19],[15,0],[2,16],[24,20],[19,47],[-30,8],[-12,31],[7,16],[-15,6],[12,9],[-4,30],[-24,17],[-2,12],[-45,1],[-4,16],[9,5],[0,38],[49,38],[16,-4],[6,19],[22,1],[-3,44],[-18,-12],[-27,7],[-21,-6],[-9,-25],[-16,-2],[5,15],[-25,11],[-2,18],[-47,0],[-3,17],[29,25],[1,22],[30,61],[-1,25],[24,22],[72,108],[-2,10],[50,32],[27,53],[41,23],[14,23],[11,45],[-17,19],[52,14],[14,40],[30,29],[-1,21],[17,31],[4,-18],[11,9],[28,-1],[21,9],[14,29],[-7,40],[-13,4],[-37,47],[-80,27],[-68,58],[-45,27],[-43,9],[-46,54],[-100,55],[-7,46],[-43,52],[8,8],[-6,21],[-28,-14],[-8,27],[-16,5],[16,3],[-7,17],[-13,-1],[11,34],[-51,-8],[-13,-15],[-29,-7],[8,-8],[-49,-5],[-21,44],[-5,40],[14,27],[-8,40],[33,132],[-11,75]],[[53926,61176],[69,-13],[10,-12],[29,38],[25,-10]],[[54059,61179],[-18,-73],[5,-25],[-15,-28],[85,13],[53,-7],[30,-30],[30,3],[-1,-38],[8,-6],[111,10],[28,10],[18,-41],[-12,-18],[4,-13],[32,15],[39,-18],[1,-10],[43,-6],[12,-16],[38,8],[13,-16],[24,3],[-21,-47],[2,-12],[31,-2],[8,-11],[-20,-76],[52,22],[2,25],[22,11],[15,-4],[17,28],[16,-27],[52,-1],[17,8],[44,-16],[20,44],[32,28],[14,60],[20,1],[18,44],[32,13],[13,35],[19,0],[62,-28],[39,-32],[12,0],[55,50],[55,5],[44,-8],[10,-13],[36,-12],[34,-2],[60,-44],[35,-11],[-22,-51],[6,-39],[69,-74],[39,15],[71,-6],[59,-17],[32,-30],[63,-16],[44,-46],[62,-16],[76,-38],[45,2],[48,20],[42,-2],[-24,-42],[-17,-73],[-46,-81],[12,-59],[-44,-47],[15,-11],[11,-47],[-7,-19],[21,-38],[-11,-28],[14,-11],[-63,-17],[-60,7],[-43,17],[-97,-36],[-15,-20],[-8,-63],[-43,-64],[4,-14],[-16,-32],[-13,-20],[-24,-10],[5,-25],[-61,-51],[-3,-18],[-9,8],[-35,-34],[-42,-16],[-23,15],[-35,2],[-23,13],[-4,30],[-34,6],[-26,26],[-14,-3],[-19,14],[-15,-10],[-34,-2],[-18,-13],[-32,3],[-20,-14],[-39,22],[-50,-39],[-32,-7],[-22,11],[-68,-32],[-43,8],[2,-16],[-18,-11],[11,-24],[-16,-8],[-6,-27],[10,-34],[19,6],[46,-22],[17,-22],[22,1],[29,-30],[22,7],[54,-64],[21,0],[64,-43],[42,-4],[43,-30],[21,-3],[7,-7],[-10,-78],[19,-17],[17,0],[3,-40],[61,-8],[51,-38],[6,-53],[-10,-24],[16,-17],[5,-31],[-45,-17],[14,-54],[60,-26],[-11,-21],[-21,-8],[10,-25],[-20,-10],[-3,-24],[-19,-16],[7,-11],[-21,-26],[13,-18],[18,-4],[9,-18],[-15,-11],[26,-38],[-3,-80],[25,-18],[3,-23],[48,-58],[39,16],[-1,16],[21,-4],[-1,31],[22,12],[-4,11],[31,9],[0,9],[22,2],[-22,71],[45,36],[20,4],[37,-11],[39,10],[111,99],[18,-10],[16,4],[9,-11],[17,7],[9,-20],[39,-19],[-5,-36],[-27,-26],[0,-24],[-20,-29],[-64,-48],[9,-29],[-42,-43],[-10,-41]],[[54910,57538],[-32,31],[-20,6],[-8,16],[-57,25],[-48,0],[-24,14],[-56,-55],[-14,15],[-18,-16],[-31,9],[-46,-31],[-18,-1],[-23,-25],[-4,-24],[-41,-27],[-43,-3],[-27,8],[-32,66],[-28,12],[-34,-45],[-35,4],[-28,19],[-2,-32],[-43,-48],[-67,-20],[-12,20],[-23,12],[-18,42],[15,27],[-3,20],[-13,12],[-10,-5],[-25,10],[4,10],[7,-8],[1,15],[-9,-1],[7,12],[-11,29],[-12,4],[0,39],[-13,-8],[0,22],[-56,14],[-75,-3],[-91,40],[-51,1],[-21,26],[-42,17],[-38,58],[-18,2],[-11,-21],[-14,-3],[-77,61],[-18,1],[-1,10],[-50,33],[-10,18],[-25,0],[-19,13],[42,76],[8,95],[-34,3],[-113,-77],[-34,-7],[-105,43],[-45,3],[-38,25],[-11,45],[20,34],[-28,18],[-18,29],[9,36],[-110,43],[-13,13],[-13,81],[17,29],[-16,10],[-13,60],[-19,14],[-101,-7],[21,-81],[-24,-4],[-16,11],[-39,-5],[-34,12],[-34,-17],[-21,15],[-6,-31],[-25,11],[0,-11],[-19,-13],[6,-9],[-17,2],[-1,-20],[-35,5],[6,-11],[-13,0],[-22,-25],[-5,17],[-30,-17],[-7,29],[-34,-2],[-9,-5],[0,-42],[-25,11],[-29,-8],[7,-11],[-7,-5],[-20,14],[-14,-10],[16,-7],[-29,-6],[3,-10],[-14,4],[-5,18],[-25,-3],[-21,15],[-58,-8],[-21,19],[-50,21],[-38,33],[-43,16],[-61,39],[-22,53],[1,36],[-17,15],[18,41],[45,42],[22,48],[-26,10],[-26,41],[12,7],[-8,22],[25,29],[-16,25],[-14,-1],[-13,33],[-30,3],[-31,21],[6,15],[-14,8],[14,23],[-59,-1],[-12,38],[-39,13],[6,30],[-13,2],[-13,-11],[-5,19],[-48,-26],[30,-35],[-18,-83],[43,-33],[6,-25],[25,-18],[1,-34],[-20,-10],[-69,24],[-49,-36],[-21,-46],[10,-14],[48,-18],[7,-19],[-66,-68],[-18,-33],[15,-47],[35,-26],[12,-21],[-13,-34],[10,-17],[-1,-39],[49,-47],[-55,-4],[-26,-39],[-25,-7],[-23,14],[-27,-34],[-47,-16],[-3,-22],[21,-34],[9,-43],[-45,-27],[-36,2],[-5,-32],[-21,7],[-27,-12],[-13,-27],[-39,-19],[2,-31],[-16,-30],[-43,-9],[5,-30],[-10,-19],[-28,-22],[-30,2],[-24,-17],[52,-35],[-15,-41],[3,-29],[-24,-54],[-24,-20],[-36,-13],[-10,-21],[6,-12],[51,-3],[17,-25],[-78,-25],[0,-14],[31,-29]],[[47519,84150],[13,42],[-9,71],[-46,59],[-51,16],[-45,57],[-4,27],[35,39],[124,62],[2,9],[3,48],[-16,66],[-5,102],[0,166],[-12,74],[2,64],[16,65],[-16,55],[-60,107],[-36,244],[28,100],[-5,111],[14,54],[18,28],[83,52],[20,29],[-18,21],[-128,59],[-40,41],[-55,32],[-23,52]],[[47308,86102],[9,141],[-44,130],[-59,68],[-93,74],[-58,29],[-66,55],[-175,85],[-57,48],[-54,84],[-21,129],[-23,65]],[[46667,87010],[36,0],[65,-40],[21,-1],[9,8],[171,-74],[91,-7],[88,-32],[67,-13],[612,-222],[582,-174],[329,-77],[267,-51],[223,-34],[304,-23],[531,6],[327,54],[266,125],[86,57],[39,37],[6,49],[14,20],[81,72],[7,24],[85,80],[13,46]],[[53339,74704],[13,76],[-33,62],[-50,27],[-40,6],[-68,64],[-41,16],[-96,-18],[-45,4],[-47,22],[-79,17],[-65,43],[-41,4],[-19,14],[-63,-8],[-72,-60],[-91,71],[-34,3],[-39,-9],[-22,44],[19,38],[38,8],[75,-19],[3,17],[-89,53],[-33,54],[-24,12],[-36,-3],[-44,-34],[-59,5],[-25,16],[-20,29],[-12,58],[-33,-7],[-18,-14],[-26,-96],[-68,-30],[-58,9],[-59,33],[-22,3],[-36,-15],[-52,-45],[-52,0],[-47,42],[-52,101],[-45,-7],[-18,-40],[-39,-27],[-48,-1],[-30,11],[-21,26],[12,38],[47,18],[92,-6],[18,16],[-2,16],[-92,39],[-22,50],[-102,-44],[-54,5],[-7,37],[10,34],[-9,10],[-93,11],[-35,18],[-5,26],[19,26],[-8,18],[-88,27],[-75,35],[-88,113],[-69,6],[-30,14],[-7,25],[18,18],[44,15],[0,13],[-64,32],[-44,34],[-34,49],[-50,47],[-26,13],[-66,4],[-31,11],[-118,-69],[-97,13],[-11,18],[2,42],[30,82],[28,42],[-30,54],[-226,102],[-77,56],[-50,19],[-63,-2],[-248,-103],[-66,-4],[-38,36],[-46,81],[-35,24],[-28,37],[-46,87],[2,59],[-25,19],[-32,-1],[-56,-29],[-111,13],[-74,-40],[-14,-23],[-66,-56],[-162,-92],[-47,6],[-43,42],[-39,-5],[-30,118],[-28,30],[-61,39],[-57,81],[-35,26],[-16,69],[7,4],[-24,48],[-81,33],[-100,18],[-158,102],[17,107],[-23,50],[-38,36],[-52,21],[-153,18],[-51,19],[-61,85],[-18,67],[-129,36],[-51,44],[-64,-19],[-33,-21],[-61,-14],[-72,9],[-25,13],[-21,28]],[[47431,77482],[1,72],[-28,51],[-77,71],[-60,20],[-73,0],[-25,-8],[-92,-58],[-64,-57]],[[47013,77573],[-49,55],[-3,57],[22,29],[40,16],[63,49],[88,99],[9,34],[-13,32]],[[49397,84551],[-10,4],[-3,70],[72,36],[27,41],[-3,21],[16,23],[4,31],[35,27],[19,67],[40,8],[-13,8],[144,13],[4,8],[55,10],[81,30],[34,18],[5,66]],[[49904,85032],[-2,0],[0,2],[2,0],[0,-2]],[[49904,85032],[-7,9],[44,39],[-30,3],[-2,-10],[0,14],[33,9],[126,-46],[35,-33],[13,-30],[-4,-28],[17,-33],[96,-90],[55,-76],[45,-42],[144,26],[25,-27],[18,-10],[15,4],[5,-12],[25,-10],[-4,-21],[37,-2],[15,-43],[32,-13],[19,7],[9,-13],[-17,-20],[11,-13],[-3,-24],[39,-36],[71,-12],[32,8],[51,-7],[74,-30],[6,5],[-10,11],[10,14],[9,-8],[13,6],[10,-11],[4,11],[12,-2],[8,10],[41,5],[19,-26],[111,-29],[-3,-27],[37,-23],[-4,-17],[16,-16],[18,11],[8,-7],[14,7],[28,-29],[8,10],[19,-3],[-2,12],[20,21],[19,-7],[-13,-12],[-4,-27],[13,-10],[36,-2],[46,18],[26,-15],[52,12],[7,-9],[-14,-37],[9,-3],[48,26],[10,-19],[11,0],[67,21],[12,-78],[45,-28],[7,-18],[12,-1],[5,16],[39,-35],[15,14],[-6,17],[18,15],[77,28],[-14,11],[15,22],[-15,10],[20,9],[-17,11],[19,30],[-20,21],[4,7],[27,-1],[-25,29],[5,14],[17,-4],[12,24],[21,-13],[4,21],[17,-6],[31,27],[18,-12],[15,9],[17,-11],[19,3],[24,14],[7,16],[61,15],[12,42],[36,4],[0,30],[22,19],[12,-21],[24,12],[16,-6],[39,29],[46,19],[39,33],[20,2],[73,40],[83,70],[45,-21],[17,26],[39,-12],[47,10],[-19,16],[-16,1],[13,25],[58,-21],[40,69],[26,3],[11,-12],[23,-1],[2,25],[52,39],[12,-2],[31,22],[15,-5],[18,18],[17,-5],[48,8],[13,19],[25,-4],[54,32],[24,-2],[6,16],[52,27],[7,19],[26,12],[-5,12],[63,26],[36,0],[34,32],[-18,23],[27,26],[30,11],[23,27],[129,56],[27,-2],[1,19],[29,7],[2,13],[21,11],[16,54],[38,42],[-7,38],[12,29],[61,76],[93,41],[49,-6],[18,11],[32,-1],[21,23],[48,23],[32,34]],[[46234,82091],[33,90]],[[46267,82181],[18,-5],[34,124],[53,115],[102,131],[129,193],[-9,64],[-23,52],[27,76],[38,48],[62,47],[76,40],[60,6],[67,86],[34,90],[15,187],[24,44]],[[46974,83479],[31,29],[24,46],[120,117],[92,64],[154,57],[37,23],[21,54],[-16,172],[15,11],[31,70],[36,28]],[[47519,84150],[34,-18],[12,-30],[64,-1],[44,16],[23,-15],[75,-9],[40,31],[95,-8],[-26,-66],[6,-23],[25,-20],[-8,-48],[9,-24],[33,-6],[22,-31],[42,-8],[34,20],[95,4],[38,-49],[32,-7],[4,-18],[-12,-17],[10,-21],[341,0],[33,7],[38,-16],[19,7],[44,-35],[-20,-18],[-31,11],[-14,-22],[5,-11],[14,3],[12,-20],[45,44]],[[48696,83752],[2,-2],[10,1],[0,1],[-12,0]],[[48696,83752],[37,13],[-16,-12],[8,-12],[17,6],[-2,-12],[4,4],[-4,22],[21,2],[-13,-4],[2,-14],[12,2],[-5,11],[15,7]],[[48772,83765],[5,2],[2,3],[-7,-4],[0,-1]],[[48772,83765],[-7,14],[12,-5]],[[48777,83774],[1,0],[2,2],[-1,0],[-2,-2]],[[48777,83774],[-7,20],[12,-18],[-2,-18]],[[48780,83758],[2,-2]],[[48782,83756],[1,-1],[1,2],[-1,-1],[-1,0]],[[48782,83756],[-2,2]],[[48780,83758],[2,1]],[[48782,83759],[1,-1],[0,1],[-1,0]],[[48782,83759],[1,32],[73,46],[-42,17],[-29,36],[29,15],[-2,12],[-32,-12],[-8,15],[19,-5],[34,32],[48,-16],[88,-8],[-9,-15],[15,-18],[35,23],[41,4],[34,29],[34,-13],[43,13],[25,34],[74,33],[3,69],[44,22],[56,1],[20,48],[52,40],[13,49],[54,63],[-26,33],[2,19],[-19,6],[25,66],[-16,10],[-13,31],[-31,3],[-13,27],[8,39],[-15,12]],[[49397,84551],[16,25],[61,8],[62,-48],[13,1],[33,-24],[15,-62],[53,-12],[23,-14],[59,-49],[33,-14],[56,-56],[27,-16],[25,-1],[30,-25],[80,-15],[22,7],[21,-9],[24,8],[35,-12],[13,29],[19,15],[66,-19],[30,12],[14,-7],[29,9],[18,-5],[-3,-10],[30,7],[15,-15],[28,22],[25,3],[6,-13],[24,-7],[-2,-11],[17,2],[10,-15],[14,8],[7,-15],[18,20],[12,-1],[-4,-13],[12,-1],[5,-18],[20,-7],[-1,-12],[-14,5],[-1,-15],[26,-1],[1,-17],[17,0],[21,-21],[52,9],[47,-44],[-20,1],[-5,-8],[23,-28],[16,-1],[0,-37],[23,-8],[-1,-21],[14,-5],[6,9],[15,-1],[12,-20],[47,-29],[1,-10],[-17,0],[12,-26],[-15,-13],[21,-29],[-14,-36],[31,-43],[40,-14],[35,-57],[25,-19],[-1,-22],[32,-27],[5,-19],[-7,-2],[27,-36],[-7,-15],[28,-88],[17,-2],[-2,-9],[15,-9],[22,2],[8,-13],[53,-6],[24,-13],[-6,-11],[16,-16],[-19,-47],[14,-24],[-1,-21],[20,-23],[-5,-27],[51,-26],[19,-44],[-4,-14]],[[51204,83210],[-2,0],[0,-1],[2,0],[0,1]],[[51204,83210],[-3,-54],[12,-21],[-17,-45],[26,-19],[10,-36],[-22,-20],[-26,-7],[-14,-28],[17,-35],[-3,-26],[26,1],[10,-9]],[[53527,79242],[-32,17],[-67,-4],[-8,-19],[14,-14],[-21,-8],[-28,-29],[-35,-9],[-14,3],[3,12],[-32,4],[-38,-12],[-22,22],[-10,-3],[3,8],[-27,4],[-13,-13],[-16,6],[-5,-10],[-14,3],[-12,20],[-39,-1],[-15,8],[-25,44],[-39,-10],[-49,15],[-12,-7],[-19,5],[-31,-14],[-41,11],[-17,-16],[-11,14],[-16,-4],[-52,29],[-20,-11],[-49,30],[-51,16],[-22,-8],[-2,-18],[-12,-6],[-31,3],[-18,-9],[-9,8],[-51,0],[-61,-32],[-25,16],[-77,-24],[-13,6],[-21,-8],[-34,11],[-51,-24],[-18,-20],[-60,-20],[-31,-34],[-103,-41],[-36,-30],[-58,-13],[-66,8],[-34,-33],[-34,-6],[0,-57],[-63,-74],[-26,-10],[-25,-26],[-40,-10],[-57,-46],[-65,-1],[-47,-43],[-29,-3],[-19,-20],[-12,6],[-21,-7],[-46,-52],[10,-20],[-18,-14],[18,-26],[-6,-16],[-15,-1],[-12,-32],[-19,6],[-4,-18],[-11,-3],[-42,9],[5,-10],[-20,-9],[-2,-13],[-25,-8],[-23,-27],[-31,-7],[-12,-28],[-24,-3],[0,-18],[-17,-8],[14,-18],[-13,-25],[-34,-5],[-12,6],[-12,-24],[-31,0],[-27,-30],[-26,-3],[-42,19],[-33,-29],[-46,-9],[-29,10],[-23,-20],[-28,2],[-10,-10],[-21,-2],[-6,9],[-23,-5],[-18,11],[-68,-64],[-22,9],[-4,46],[-34,14],[-28,47],[-85,43],[-42,1],[-77,-27],[-39,-2],[-19,9],[-13,-18],[-178,-104],[-39,-2],[-9,20],[-24,-18],[-7,7],[8,35],[-19,6],[18,21],[-20,20],[-37,25],[-80,8],[-4,16],[-25,15],[-31,41],[-27,-12],[-2,-9],[-7,5],[-40,-12],[-73,-58],[-67,7],[-19,32],[-46,13],[-72,57],[-47,10],[-53,-4],[-55,18],[-10,12],[-41,7],[-34,18],[-6,13],[-29,-28],[-24,-5],[-2,-14],[-62,-17],[-33,3],[-14,-9],[-24,-45],[6,-50],[-23,-46],[2,-22],[-36,-8],[-10,-39],[-12,-4],[-10,13],[-28,-45],[-105,62],[2,13],[-23,31],[18,62],[-8,-2],[6,9],[-8,4],[30,41],[-41,17],[-5,19],[-11,-3],[-3,9],[-22,2],[3,10],[-18,1],[-11,23],[-18,3],[4,9],[-27,0],[-5,27],[8,3],[-8,4],[9,19],[-18,5],[3,9],[-20,-3],[-1,12],[-7,-2],[-10,25],[6,24],[-36,7],[-23,35],[-14,-7],[-14,13],[-71,26],[-5,40],[-27,38],[-55,-8],[14,-26],[-8,-5],[-35,-19],[-72,-19],[-21,-19],[-44,-11],[-4,7],[1,-8],[-60,-35],[-45,-2],[-39,28],[-87,-5],[-49,-12],[-29,-22],[-26,-5],[-20,-23],[-27,-7],[-17,-30],[-34,-29],[6,-8],[43,-6],[14,12],[-2,-20],[8,7],[12,-6],[7,-26],[16,-10],[17,2],[26,-14],[37,2],[5,-12],[13,12],[14,-9],[-21,-20],[7,-98],[-25,-68],[-57,-31],[-151,-40],[-56,-48],[-75,-15],[-20,-30],[-33,-7],[-25,-27],[-9,1],[-12,35],[-38,-11],[-3,23],[-58,-7],[-19,20],[-34,5],[-13,-43],[-30,-22],[-46,-13],[-12,-33],[-31,-15],[-23,-62],[0,-28],[-38,4],[13,-51],[-16,-6]],[[47170,77944],[-80,122],[-119,95],[9,45],[69,37],[99,76],[32,39],[17,39],[10,97],[-33,123],[-30,61],[-48,73],[-91,82],[-26,64],[2,17],[24,28],[62,18],[36,37],[-8,34],[-74,60],[-42,65],[-65,57],[3,33],[66,141],[-66,129],[-5,30],[-81,48],[-155,128],[-35,38],[-26,62],[-34,40],[-61,18],[-48,86],[-12,42],[15,99],[24,44],[33,30],[-1,56],[9,13],[-21,92],[7,38],[46,17],[34,42],[53,41],[62,21],[40,-1],[119,53],[46,55],[97,73],[76,93],[0,23],[-71,85],[-123,86],[-25,32],[-40,89],[-91,96],[-134,71],[-132,39],[-93,46],[-188,3],[-44,8],[-67,35],[-59,81]],[[46032,81468],[-4,94],[17,44],[36,48],[7,37],[39,74],[-3,98],[20,87],[25,60],[60,51],[-7,4],[12,26]],[[46234,82091],[148,-38],[40,-73],[59,-30],[65,17],[46,0],[-3,24],[83,2],[5,25],[45,6],[23,17],[96,29],[99,-48],[32,-32],[71,-1],[35,-37],[14,4],[17,-57],[71,-64],[35,-11],[16,-18],[46,-5],[-1,-20],[20,-15],[36,-4],[103,25],[58,34],[29,-21],[27,28],[21,43],[64,2],[-12,17],[34,46],[8,56],[82,22],[-19,45],[-57,71],[-10,-9],[-45,25],[-28,5],[8,20],[24,2],[35,37],[4,43],[31,43],[61,-102],[20,-10],[17,11],[70,-60],[13,6],[49,-44],[71,25],[97,18],[51,-55],[10,-31],[63,19],[34,-13],[15,14],[24,-13],[24,5],[22,-7],[27,-26],[45,21],[7,-14],[-17,-41],[44,1],[35,-24]],[[48471,81976],[-1,0],[0,-1],[1,0],[0,1]],[[48471,81976],[20,-8],[14,-35],[40,-21],[114,18],[33,-24],[27,32],[43,-4],[44,18],[42,0],[56,43],[40,9],[58,42],[81,11],[-9,-8],[10,-9],[5,9],[21,-18],[39,-6],[-4,-17],[18,-9],[-6,-12],[11,-22],[65,-14],[21,-44],[32,-17],[3,13],[38,4],[20,58],[34,2],[18,-10],[-41,189],[25,14],[54,-10],[24,-18],[4,45],[36,0],[9,17],[-1,44],[109,-7],[16,-13],[-4,-21],[17,-43],[40,-35],[69,25],[40,-49],[24,-15],[5,-26],[90,-32],[3,-16],[-24,-38],[17,-21],[81,3],[42,22],[48,-4],[-22,76],[43,19],[2,39],[28,14],[-101,81],[35,20],[55,8],[1,-26],[18,-16],[63,-21],[7,-10],[135,-8],[11,2],[-7,106],[24,2],[88,-37],[-3,60],[73,2],[78,-33],[-6,17],[15,4],[-20,31],[-10,44],[-62,39],[-55,5],[21,70],[60,-6],[36,-19],[18,19],[58,-26],[-17,-24],[54,-9],[59,59],[19,62],[30,4],[28,21],[3,14],[34,20],[23,81],[-11,2],[15,47],[-12,4],[100,49],[59,46],[79,35],[30,61],[57,20],[5,-5]],[[51220,82911],[74,-100],[59,-47],[18,-4],[-35,-66],[-30,-17],[-22,-97],[-74,-31],[-19,-34],[-17,-43],[5,-44],[-27,-21],[8,-36],[-10,-22],[17,-63],[0,-35],[-28,-39],[13,-26],[-14,-32],[-23,-21],[-16,-61],[-31,-18],[3,-35],[-24,-9],[6,-53],[-29,-17],[-27,-86],[27,-32],[46,-4],[37,-14],[1,-8],[15,1],[37,29],[26,3],[28,36],[28,-5],[6,-12],[37,14],[26,-14],[-1,-11],[36,-16],[11,20],[21,3],[59,42],[96,34],[45,-10],[1,-83],[14,-26],[-14,-6],[10,-20],[-10,-14],[63,-52],[0,-22],[11,8],[15,-3],[-15,-22],[14,-34],[-12,-16],[14,-12],[-7,-19],[22,-40],[-23,-13],[8,-9],[-11,-1],[19,-27],[-15,-20],[10,-16],[-4,-23],[13,-2],[1,-22],[12,-7],[19,9],[1,-15],[-13,-6],[15,-13],[-11,-9],[4,-8],[30,-1],[6,-44],[-15,-8],[13,-10],[-3,-10],[13,1],[-11,-9],[13,-3],[-13,-17],[14,-16],[17,-3],[-21,-23],[28,-25],[23,13],[23,-5],[9,-19],[-12,-24],[16,-13],[1,-19],[28,-23],[-5,-21],[47,-30],[-15,-17],[21,3],[24,-12]],[[55324,87886],[46,-8],[18,-18],[-21,-43],[3,-85],[-6,-7],[-22,5],[-14,-15],[-27,1],[5,-11],[23,-4],[10,-12],[-42,0],[-3,-9],[23,-6],[10,-22],[-11,-5],[-20,7],[-21,-13],[7,-35],[-19,-28],[11,-58],[-12,-34],[-22,14],[-29,-17],[20,-21],[-19,-38],[-44,8],[-24,-12],[-14,-27],[-34,1],[-13,-8],[-15,-22],[26,-12],[2,-14],[-34,14],[-12,-25],[-30,4],[20,-47],[-10,-16],[-24,-1],[-39,-51],[-21,25],[-26,2],[3,-26],[-72,16],[-1,-40],[-41,6],[-18,-6],[9,-25],[14,-7],[-13,-26],[24,-11],[-8,-10],[9,-6],[34,5],[2,-41],[38,-42],[-14,-18],[2,-14],[-64,-35],[19,-34],[-19,-14],[-16,0],[17,-16],[5,-29],[36,-4],[10,-9],[-11,-17],[-34,0],[18,-20],[27,-7],[-33,-19],[-29,-38],[36,-12],[-4,-23],[29,0],[38,-73],[-56,-12],[-5,-19],[-35,-17],[0,-14],[-23,1],[8,-36],[24,-25],[-2,-23],[-17,-28],[-49,-32],[-18,-43],[-16,-8],[-11,-36],[22,-52],[17,0],[21,-18],[24,-6],[51,-50],[17,-4],[-9,-63],[45,-56],[4,-30],[-23,-39],[-3,-28],[34,-76],[-8,-33],[20,-32],[1,-23],[59,-69],[68,-38],[24,-118],[20,-26],[3,-23],[21,-14],[38,-55],[4,-21]],[[55163,85482],[-41,-6],[-40,-19],[-77,14],[-70,-36],[-77,-3],[-55,-19],[-31,12],[-28,-2],[-63,43],[-81,31],[-41,-1],[-32,-20],[-23,20],[-79,12],[-40,99],[-57,26],[-47,-2],[-23,16],[-66,6],[-20,42],[-28,25],[-36,6],[-74,-19]],[[54034,85707],[-45,30],[-172,-91],[-56,-15],[-69,6],[-19,18],[-50,-16],[-41,0],[-8,12],[-58,-6],[-30,25],[-60,-26],[-22,6],[-30,18],[-4,37],[-52,51],[-48,-2],[8,41],[-31,12],[-8,12],[29,75],[43,12],[33,32],[-7,45],[23,34],[-20,21],[12,28],[-1,62],[21,21],[6,40],[-41,43],[-5,24],[28,33],[3,30],[-33,33],[-77,7],[-87,-5],[-42,27],[-63,-2],[-15,70],[-37,39],[-19,-23],[-118,-20],[-126,29],[-63,-3],[-41,30],[-53,2],[-41,-12],[-3,18],[-33,31],[-12,27],[-37,19],[-2,16],[-33,15],[-97,-3],[0,-26],[-22,-16],[-36,23],[-47,2],[-3,12],[-25,1],[-19,17],[-19,-7],[-34,21],[-4,12],[19,34],[-9,18],[12,48],[-14,23],[-31,4],[-64,-22],[-40,4],[-75,-22],[-52,24],[-28,74],[-36,11],[-104,3],[-6,70],[-38,44],[17,16],[3,20],[-28,-5],[-46,14],[-20,-13],[-40,2],[-70,-32],[-33,19],[-39,-4],[-22,7],[-75,-24],[-62,10],[-98,-36],[-20,-23],[-18,-1],[-27,-19],[-29,-11],[-16,9],[-14,-4],[-6,-17],[-25,-19],[-1,-15]],[[50987,86840],[-24,39],[3,35],[-16,19],[-10,43],[-26,42],[-26,11],[-18,21],[3,15],[-15,10],[15,39],[-12,14],[29,35],[15,94],[-30,106],[-35,42],[-34,5],[10,29],[58,65],[22,66],[-7,19],[-12,-2],[-15,14],[-20,-5],[0,12],[19,13],[-2,15],[-17,9],[-10,-4],[-15,19],[-14,-2],[1,10],[28,3],[33,35],[49,8],[51,52],[3,11],[-12,2],[-2,2],[0,5],[3,6],[3,3],[4,1],[-9,-14],[18,-5],[4,7],[-11,5],[1,4],[7,-6],[10,9],[4,24],[-13,5],[9,18],[-13,11],[-17,-23],[-10,2],[-4,12],[9,8],[43,10],[6,10],[21,-12],[18,15],[46,7],[8,17],[25,-3],[28,15],[-10,26],[-30,-5],[6,14],[-8,7],[-47,-6],[-14,20],[52,30],[12,25],[12,2],[-3,35],[34,8],[-24,67],[37,-2],[0,-15],[23,-11],[23,29],[14,5],[18,-11],[7,19],[20,9],[16,-17],[26,5],[3,-10],[-19,-18],[9,-29],[27,3],[22,21],[25,-21],[52,9],[21,21],[-17,9],[-7,19],[-27,10],[-3,34],[-13,21],[-23,13],[-7,25],[64,7],[5,34],[41,6],[-9,14],[6,10],[11,-3],[9,-22],[20,3],[6,-7],[-29,-22],[0,-13],[15,0],[-3,6],[13,-9],[27,4],[-2,-58],[32,18],[36,5],[-18,25],[13,27],[-15,6],[13,12],[-3,11],[16,3],[18,-14],[32,-7],[-8,-12],[21,-7],[-11,-12],[7,-9],[34,-2],[5,-26],[24,-2],[17,38],[-24,26],[3,26],[-31,27],[-2,17],[4,20],[25,13],[15,-2],[-7,-11],[11,-6],[-3,-24],[33,-1],[8,-15],[23,10],[-15,-31],[18,-7],[-2,-9],[-23,-9],[8,-12],[-11,-5],[-5,-22],[22,-16],[27,-4],[23,15],[11,-12],[11,4],[2,-22],[20,-4],[22,3],[21,18],[1,19],[-14,9],[9,21],[-18,13],[-3,16],[23,17],[5,28],[45,6],[32,19],[5,-10],[-17,-22],[26,-10],[-4,-8],[17,-13],[-15,-21],[31,-4],[8,-10],[52,20],[-9,24],[-21,13],[18,31],[-5,10],[43,20],[31,-6],[5,-20],[-9,-15],[33,-10],[2,-8],[18,14],[14,-3],[-8,24],[17,11],[8,-7],[40,3],[14,-19],[58,5],[16,-26],[33,23],[84,-10],[32,-21],[60,14],[27,-6],[11,-11],[-10,-12],[7,-11],[28,-12],[22,4],[32,-22],[13,8],[-3,-22],[39,-15],[4,-15],[50,-31],[13,5],[59,-20],[17,6],[59,-29],[41,1],[79,-37],[89,-14],[134,-90],[65,-21],[49,-29],[78,-8],[114,-35],[264,-58],[98,7],[19,7],[12,20],[73,16],[310,-64],[44,4],[18,17],[51,18],[248,-49],[88,19],[159,17],[84,0],[136,28],[124,-21]],[[43132,78636],[28,11],[7,-8],[4,8],[15,-4],[1,10],[17,-10],[-11,26],[24,10],[-21,39],[6,18],[28,-7],[18,8],[9,-12],[29,-1],[21,-14],[23,5],[53,-64],[36,-1],[-4,-46],[-19,-16],[1,-11],[14,-13],[33,-1],[25,76],[56,101],[3,27],[96,26],[1,23],[-10,10],[15,40],[126,82],[32,10],[63,-15],[-29,-36],[7,-42],[37,8],[17,-32],[14,1],[21,-23],[42,-16],[25,11],[24,-12],[38,-23],[4,-17],[29,-11],[5,-17],[12,2],[9,23],[88,-6],[21,-13],[19,24],[71,0],[17,-38],[59,0],[59,-36],[38,17],[14,-2],[33,27],[21,0],[-19,-40],[-22,-20],[-55,-25],[-16,-21],[-55,9],[12,-34],[35,-34],[-22,-40],[31,-47],[25,7],[61,57],[19,0],[24,-14],[-8,-25],[61,-34],[68,-4],[73,-18],[10,-94],[12,3],[22,-15],[25,-3],[8,-21],[23,3],[45,-39],[58,-8],[0,-19],[19,-20],[22,-18],[22,-1],[7,-22],[44,-21],[13,-16],[-8,-21],[6,-18],[48,-32],[62,18],[34,-1],[50,-18],[95,45],[17,0],[37,-35],[49,-17],[1,-13],[83,7],[16,-11],[-52,-15],[-10,-18],[3,-26],[-38,-22],[-1,-15],[-14,-8],[10,-47],[-7,-5],[17,-34],[-21,-18],[-18,-52],[-18,-6],[2,-12],[-16,-13],[5,-26],[14,-7],[10,-27],[41,-14],[32,-27],[28,19],[24,-34],[115,-56],[37,6],[31,-8],[7,-12],[30,7],[17,-5],[1,-11],[80,-47],[50,-4],[21,8],[12,-7],[60,18],[45,55],[24,8],[6,-7],[42,2],[21,-18],[74,-19],[39,-46],[50,6],[25,-17],[28,-3]],[[46384,77505],[-1,0],[0,1],[1,0],[0,-1]],[[46384,77505],[19,5],[3,-15],[26,-18],[-36,-24],[-35,0],[-122,-39],[-8,-40],[-31,-25],[-25,-61],[14,-19]],[[46189,77269],[-20,-39],[-28,-20],[-4,-33],[-19,-35],[-50,-40],[-13,-44],[-50,-13],[-7,-12],[7,-26],[34,-37],[78,-42],[-7,-62],[-31,-25],[8,-24],[-35,-30],[3,-28],[-17,-16],[24,-6],[0,-17],[65,0],[13,-22],[-4,-26],[30,-25],[-6,-37],[17,-23],[-44,-34],[-3,-43],[25,-25],[68,-2],[48,-31],[3,-31],[35,-54],[-12,-9],[10,-16],[-6,-55],[-28,-32],[11,-28]],[[45642,72355],[-19,2],[-19,-24],[7,-43],[-89,-50],[-23,-29],[-64,10],[-10,-49],[15,-110],[-55,-70],[-37,10],[-4,37],[-19,-2],[-13,-15],[-32,13],[-6,-38],[-35,-35],[-155,72],[-290,13],[-46,-47],[0,-19],[35,-35],[-69,-92],[26,-13],[-1,-11],[-58,1],[-80,18],[0,-81],[-15,-15],[-27,-8],[-18,5],[-40,-31],[14,-11],[-55,-49],[-29,-2],[-24,-16]],[[44407,71641],[-32,42],[-41,25],[-4,73],[-64,-5],[-37,28],[25,50],[55,18],[49,34],[-64,55],[-35,51],[-44,68],[-19,64],[-23,7],[0,-21],[-34,-12],[-49,-73],[-17,15],[-48,5],[-4,17],[44,20],[-1,33],[-38,20],[-46,5],[-13,-9],[-17,10],[-46,3],[-95,-4],[-43,19],[3,22],[-43,21],[-89,2],[-55,-16],[-51,33],[16,42],[52,45],[-26,21],[10,18],[-44,21],[-20,51],[-70,-16],[14,19],[-14,9],[19,12],[8,32],[-53,32],[14,54],[17,-3],[25,22],[10,36],[22,20],[-5,72]],[[43506,72728],[-38,64],[-4,29],[-39,34],[-3,20],[-48,73],[0,30],[-24,33],[14,45],[-48,19],[5,52],[-41,-3],[-17,74],[-22,-4],[16,39],[-33,14],[3,7],[49,-5],[25,61],[-42,21],[37,35],[36,-13],[17,-21],[31,10],[-25,30],[1,22],[15,-4],[14,37],[-40,7],[-9,16],[25,26],[7,-12],[-9,-11],[20,-5],[3,36],[45,24],[-1,27],[-18,10],[24,4],[7,20],[-24,53],[53,10],[-3,45],[-63,13],[5,34],[-45,12],[25,32],[-33,5],[-25,27],[-125,45],[-45,38],[12,31],[-11,4],[13,69],[-11,1],[1,17],[-14,9],[-6,66],[57,15],[47,35],[19,31],[34,11],[-16,44],[102,16],[5,20],[9,-5],[14,54],[85,-41],[70,9],[31,-16],[30,6],[11,22],[-25,15],[99,144],[-40,42],[45,6],[5,9],[-12,22],[28,14],[14,-8],[-3,-9],[27,1],[34,57],[40,-51],[2,-43],[21,-12],[21,12],[13,-8]],[[43910,74472],[35,-31],[13,3],[46,-48],[24,15],[-7,8],[32,40],[38,11],[28,33],[15,39],[51,42],[46,13],[51,-13],[23,20],[1,16],[53,-9],[40,-33]],[[46349,71925],[-14,13],[5,31],[-186,-6],[10,262],[-460,56],[-24,18],[-38,56]],[[45642,72355],[14,65],[32,25],[32,64],[-18,34],[2,24],[70,66],[-16,30],[-13,1],[39,36],[-2,35],[-18,24],[29,25],[-77,61],[8,33],[-23,-10],[-39,25],[-39,1],[-22,40],[-21,7],[-63,-40],[-27,25],[-28,3],[-57,125],[44,46],[0,25],[37,40],[-8,17],[-29,12],[0,10],[6,35],[33,15],[-73,136],[8,3],[-4,19],[29,17],[-5,58],[-21,25],[47,33],[-63,32],[25,28],[78,6],[-3,41],[15,-10],[19,23],[-14,29],[26,4],[38,33],[7,41],[-16,19],[6,35],[-19,3],[-22,-12],[-10,7],[12,38],[-9,20],[16,26],[15,10],[6,-6],[27,25],[-31,18],[-113,-19],[23,57],[-73,35],[-7,-4],[23,-11],[8,-23],[-36,11],[-18,-6],[-15,23],[-51,11],[-22,27],[-32,-19],[-33,45],[-15,9],[-9,-8],[-30,26],[24,4],[-2,8],[17,6],[-16,9],[-13,58],[-74,42],[-87,76],[-40,51],[-49,15],[-122,15],[-58,46],[-38,7],[-29,48],[-36,9],[-10,17],[-91,6],[-73,-6],[-76,58]],[[44399,74578],[39,87],[-78,36],[28,47],[110,-91],[28,92],[78,-5],[-100,64],[-65,71],[-50,1],[13,53],[-12,36],[9,18],[-15,16],[-25,3],[8,15],[-74,41],[10,14],[-48,26],[26,44],[-30,6],[1,42],[-13,16],[11,50]],[[44698,75970],[-9,27],[6,26],[-16,6],[1,11],[-8,-2],[-14,28],[-18,10],[-4,28],[-29,23],[-27,6],[-6,-8],[-41,0],[-25,-46],[-4,23],[-17,9],[18,30],[-22,20],[-41,6],[-8,-8],[-38,27],[-34,5],[-9,-26],[-26,-22],[14,-2],[-2,-6],[-42,23],[-24,104],[25,4],[32,21],[55,11],[-5,14],[18,6],[-26,29],[15,1],[-9,33],[14,1],[-1,24],[-17,12],[12,27],[32,11],[-23,29],[-17,5],[-11,32],[-14,3],[11,22],[-35,28],[-7,29],[29,16],[0,10],[7,-6],[37,7],[-3,10],[23,12],[-34,8],[58,35],[11,67],[33,-26],[14,16],[-9,9],[16,10],[-16,29],[-48,-39],[-24,14],[-17,-5],[-8,7],[17,17],[18,-1],[43,26],[-13,15],[-14,1],[20,28],[52,-8],[-1,27],[-40,8],[10,22],[-29,7],[-32,26],[-5,42],[89,10],[1,-38],[37,-10],[24,3],[9,11],[16,-6],[-9,54],[13,8],[15,-3],[5,-41],[16,3],[2,34],[-32,31],[31,26],[37,9],[-21,12],[-3,18],[10,18],[24,4],[-6,18],[12,24],[54,4],[16,48],[-15,12],[-37,3],[-11,48],[-27,10],[-9,37],[44,-3],[3,7],[31,-17],[9,26],[38,-15],[33,0],[23,26],[55,-21],[18,-14],[-1,-27],[-13,-5],[41,-56],[-9,-53],[11,-9]],[[44941,77174],[1,-1]],[[44942,77173],[2,1],[-1,-2],[-1,1]],[[44942,77173],[-1,1]],[[44941,77174],[-2,-18],[16,4],[9,-17],[27,2],[14,-20],[-2,-16],[-33,-22],[-32,-40],[20,-10],[22,-50],[-27,-32],[-35,-17],[-46,-93],[66,35],[35,38],[46,-5],[1,23],[9,5],[-16,24],[37,31],[37,12],[26,-5],[47,-46],[15,25],[29,9],[30,-6],[4,-14],[35,6],[13,-22],[10,13],[76,3],[5,-22],[21,16],[6,-22],[39,4],[6,-33],[-26,-1],[-1,-20],[41,2],[2,-20],[27,2],[-3,-15],[50,22],[-16,21],[3,21],[34,-2],[13,-30],[42,12],[7,-28],[33,-10],[-1,-18],[20,-17],[9,-37],[-5,-21],[-44,-6],[-49,-20],[18,-36],[31,10],[24,-14],[-29,-99],[34,-47],[41,8],[-2,26],[64,2],[10,-72],[66,-16],[20,-38],[-6,-9],[68,-15],[-32,-26],[1,-81],[36,14],[34,-4],[5,-22],[61,-26],[61,-46],[194,-31]],[[46284,76227],[-1,-24],[12,-20],[30,-22],[-29,-98],[24,-71],[22,1],[10,-15],[34,8],[-1,-10],[20,-16],[18,16],[49,-2],[42,-17],[-1,-12],[29,-23],[47,-15],[20,-66],[12,-2],[9,-23],[38,-12],[17,-42],[18,-7],[11,-48],[-8,-17],[52,-55],[-3,-10],[12,-11],[-14,-3],[5,-13],[63,-43],[-20,-41],[25,-37],[3,-66],[34,-24],[40,-8],[36,-33],[28,5],[50,-9],[13,9],[46,-21],[39,0],[10,-47],[59,-5]],[[44698,75970],[48,-5],[-2,-58],[-14,-10],[11,-18],[-5,-13],[30,-2],[79,-35],[23,-40],[39,-29],[55,-116],[23,5],[18,-12],[13,23],[27,9],[17,-20],[27,21],[-15,0],[-8,14],[27,5],[60,-1],[14,8],[20,-7],[3,-10],[34,3],[30,-20],[4,-30],[28,-10],[-32,-40],[7,-17],[13,3],[-13,-17],[-24,-6],[0,-35],[23,-12],[57,2],[23,-12],[43,25],[15,-4],[16,62],[27,-37],[27,-2],[14,-20],[47,-9],[-4,-13],[13,-27],[-46,-11],[-8,-28],[-21,-19],[13,-46],[-5,-27],[-48,-23],[-75,-1],[-7,-34],[-90,1],[32,-46],[12,-70],[-13,15],[-90,14],[7,-9],[-40,-9],[-18,8],[-44,-19],[-25,-26],[-47,108],[-33,25],[23,23],[-25,13],[-58,-42],[-5,-41],[-53,12],[-3,-73],[-31,7],[-42,-44],[-36,-3],[-16,17],[-25,-9],[-22,9],[-15,-12],[-35,31],[-5,-13],[-99,5],[-33,-14],[-14,8],[-18,-26],[-22,9],[-44,-59],[-29,36],[-49,29],[20,21],[39,11],[39,29],[-40,33],[-51,16],[-21,17],[-70,4]],[[44250,75260],[-24,5],[12,40],[20,11],[-13,32],[-19,11],[-7,23],[-21,14],[-2,27],[-53,56],[-82,-34],[-27,18],[-10,-7],[-23,16],[-19,1],[-4,9],[-22,-16],[-28,3],[-105,31],[-66,-22],[-44,49],[-9,-9],[-24,0],[-46,15],[27,23],[11,54],[-26,2],[-36,-35],[-49,-9],[13,23],[-27,20],[27,16],[9,23],[-36,24],[13,57],[-74,-11],[-46,58],[-2,31],[-48,1],[-22,-13],[-14,-23],[-41,-7],[-64,28],[3,45],[-57,1],[-8,14],[-97,-14],[-29,21],[6,20],[21,7],[6,18],[-81,72],[-51,-28],[-24,-32],[-59,-33],[-18,35],[-22,-37],[-41,38],[-31,-20],[1,13],[-9,9],[-28,-31],[-9,-30],[-103,-4],[9,25],[-49,21],[-20,40],[-14,-2],[-11,16],[-30,-1],[-10,38],[49,13],[16,29],[-3,19],[26,6],[0,15],[-18,17],[-13,-2],[-3,35],[-10,10],[11,16],[-12,6],[3,12],[-23,3],[10,19],[-9,10],[10,5],[-21,17],[-5,21],[1,32],[27,59],[16,2],[3,47],[13,26],[-45,11],[-35,35],[-26,-4],[12,0],[1,-3],[-17,-7],[-11,31],[-17,-9]],[[42424,76467],[-20,7],[5,16],[-15,10],[6,11],[-33,4],[-9,-8],[-14,27],[-44,19],[-10,-21],[-16,5],[40,75],[21,5],[-25,7],[9,9],[-9,7],[-25,3],[17,24],[-5,14],[-4,-5],[-10,8],[-22,-14],[-8,-22],[-34,-32],[2,-31],[9,-5],[-22,-16],[-2,-22],[-17,-13],[-26,23],[0,13],[-89,-31],[-14,7],[-42,0],[-5,-10],[-35,12],[-4,-12],[-29,7],[-55,31],[-12,35],[-75,47],[-65,-34],[-36,-4]],[[41702,76613],[-7,19],[-5,-6],[-22,20],[-137,13],[-4,11],[14,5],[27,49],[6,39],[32,17],[25,-22],[-7,-8],[33,-3],[21,34],[-30,19],[-45,59],[8,11],[-14,41],[-34,13],[-17,-5],[-29,24],[-15,1],[-8,37],[-32,15],[-37,37],[-6,35],[-57,-3],[-19,-23],[-26,2],[-33,24],[-20,53],[-24,-18],[-59,11],[1,-18],[-72,-85],[-43,25],[-9,-18],[3,21],[-22,11],[-2,32],[-24,-5],[-12,7],[-13,51],[-58,38],[-43,3],[20,137],[-29,19],[5,34],[-9,7],[40,15],[2,13]],[[40916,77401],[75,-5],[10,-18],[45,-21],[33,-3],[89,42],[73,57],[18,-12],[31,7],[78,59],[18,29],[13,-3],[0,17],[26,17],[90,115],[100,163],[4,15],[-19,7],[20,-2],[7,9],[90,221],[6,22],[-8,2],[15,9],[35,112],[23,141],[-6,144],[11,-5],[1,52],[-20,-1],[-48,138],[-103,95],[-50,115],[-63,86],[-10,-7],[-28,18],[-88,-25],[-100,72],[-53,14],[-158,-16],[-107,5],[-36,-12],[-34,-31],[-8,6],[20,33],[65,36],[19,23],[9,49],[59,15],[3,46],[47,12],[50,41],[110,55],[38,33],[12,25],[-19,37],[-13,6],[-1,16],[101,80],[20,36],[-5,23],[35,39],[-1,29],[28,68],[-19,26],[20,69],[23,28],[13,38],[-21,48],[-32,34],[3,62],[28,14],[22,44],[55,33],[51,75],[35,96],[-19,79],[93,80],[40,114],[4,90],[-18,35],[-39,32],[17,29],[47,23],[19,56],[1,69],[-33,138],[2,14],[16,4],[-7,19],[33,71],[-19,67],[6,10],[-12,1]],[[41774,81229],[516,335],[-321,-562],[10,-36],[24,-12],[43,2],[28,-38],[61,-34],[25,-3],[42,0],[53,54],[82,20],[22,-8],[-2,-16],[78,-87],[-41,-34],[-16,-33],[96,-17],[-19,-14],[-28,-49],[9,-12],[-9,-14],[4,-27],[-23,-28],[18,-28],[53,-7],[1,-25],[35,-38],[-23,-23],[10,-18],[-38,-31],[-10,-52],[-12,0],[-19,-24],[59,-59],[-15,-8],[-23,27],[-50,11],[10,-22],[49,-21],[-20,-30],[85,-64],[-34,-45],[22,-35],[21,-9],[7,21],[79,5],[9,15],[-36,12],[32,45],[18,8],[2,25],[19,5],[52,-15],[32,7],[-15,-88],[37,-24],[0,9],[67,-10],[143,6],[-4,-19],[-145,0],[-1,-11],[-13,2],[-9,-9],[8,-4],[-6,-12],[84,2],[107,-23],[21,-23],[-9,-15],[40,-24],[12,8],[10,-55],[13,-13],[12,5],[15,-61],[76,-23],[25,4],[21,-41],[43,-2],[93,-57]],[[43366,79765],[-14,-48],[35,-46],[-45,-125],[-24,-31],[-8,-63],[-20,-48],[-30,-32],[-38,-123],[-28,5],[-9,-62],[-12,-8],[-35,9],[-6,-32],[-32,-9],[6,-27],[37,-4],[-2,-20],[-15,1],[0,-18],[-19,-27],[5,-10],[33,-11],[8,-43],[-10,-16],[-25,4],[-6,-37],[-18,6],[-13,-15],[18,-11],[-13,-14],[8,-8],[50,-10],[-27,-46],[4,-48],[-42,-3],[-17,-39],[62,-31],[-17,-8],[19,-36],[-2,-38],[8,-7]],[[43132,78636],[10,-60],[27,-38],[13,-4],[7,-28],[13,-11],[19,3],[-11,10],[17,20],[23,-14],[2,-14],[39,8],[28,-51],[-43,-42],[12,-2],[-1,-21],[-29,-9],[-2,-57],[-28,-47],[59,-51],[-6,-47],[10,-28],[-9,-40],[84,-38],[42,-5],[15,6],[3,-18],[-16,-34],[88,-29],[-23,-21],[33,-27],[-9,-14],[34,-8],[-15,-41],[21,-2],[36,20],[43,-9],[26,20],[49,15],[55,-11],[-30,-17],[-87,-24],[-11,-29],[20,-47],[-7,-56],[-69,17],[-33,19],[-10,-38],[-31,-29],[-44,-11],[-38,12],[-41,-52],[-28,-14],[2,-11],[-49,5],[-49,-11],[6,-24],[-34,-8],[-19,-15],[14,-11],[3,-19],[-78,1],[-7,-7],[10,-6],[-24,-9],[-9,-21],[16,-14],[-6,-20],[-30,-17],[-28,6],[-12,33],[-36,-23],[-9,-7],[7,-18],[-12,-4],[5,-12],[-14,-11],[19,-16],[-2,-23],[37,-38],[-40,-12],[-25,3],[-16,-31],[25,-48],[48,24],[-5,10],[18,1],[24,-55],[52,-25],[-7,-9],[-22,-2],[-4,-48],[7,-17],[20,7],[26,-53],[-32,-20],[4,-11],[21,-5],[-2,-40],[27,4],[16,16],[14,-12],[0,-32],[-17,-42],[12,-14],[38,1],[8,-27],[16,-9],[-13,-88],[30,-16],[76,46],[35,5],[0,-22],[17,-13],[0,-26],[12,-18],[14,8],[6,-20],[-13,-14],[-29,3],[-24,-24],[9,-20],[27,1],[22,-21],[-11,-5],[-43,19],[-27,-22],[30,-9],[3,-30],[-21,-30],[31,-28],[13,6],[16,-32],[-12,-30],[6,-15],[-26,-9],[-11,-20],[22,-28],[-10,-7],[-17,18],[-13,-10],[-10,3],[-5,-16],[-10,5],[-13,-15],[-14,-27],[12,-16],[-10,-41],[26,-6],[-18,-34],[-44,-3],[-13,-43],[26,3],[21,-18],[13,1],[-1,11],[15,-2],[0,11],[37,-10],[20,-33],[-9,1],[10,-15],[-5,-58],[77,-12],[-7,-16],[13,-14],[48,9],[49,-22],[16,5],[10,-7],[-7,-7],[34,-17],[-25,-34],[23,10],[7,-20],[19,9],[8,-14],[44,1],[0,-12],[-12,-4],[3,-18],[31,-16],[38,-4],[-8,-1]],[[43734,75965],[-9,-3],[24,-7],[-8,-34],[21,-17],[-1,-14],[4,12],[18,-31],[39,-30],[11,16],[49,6],[30,-17],[42,22],[58,-76],[35,-31],[18,1],[12,-11],[-12,-3],[14,-17],[12,3],[-3,-27],[35,6],[5,-35],[12,-14],[75,0],[48,16],[1,39],[17,6],[21,-20],[7,6],[35,-10],[31,12],[-16,-23],[74,5],[-3,-25],[20,-18],[33,-10],[63,6],[20,-9],[-2,-45],[11,-10],[-16,-62],[-55,-45],[68,-18],[30,-30],[62,-26],[19,19],[-26,32],[11,14],[13,-13],[110,63],[9,13],[-48,29],[-35,3],[-4,26],[14,-3],[52,25],[62,15],[-22,24],[10,7],[-57,49],[-7,27],[-26,-1],[5,21],[-88,76],[-63,-71],[-16,34],[-24,12],[61,53],[-3,26],[-21,6],[11,10],[-15,32],[56,26],[23,-5],[14,15],[19,3]],[[47147,70967],[-53,25],[-14,-12],[0,18],[-26,-8],[-1,55],[-24,6],[-15,20],[-5,35],[37,6],[-15,26],[63,28],[-10,30],[-55,-9],[-13,16],[32,50],[-26,13],[-2,23],[-26,31],[-49,13],[-10,36],[-67,20],[-40,43],[61,49],[-2,17],[23,0],[16,-15],[3,-24],[64,24],[-17,50],[16,13],[-29,38],[-56,3],[-67,-10],[-26,29],[-63,-33],[-18,13],[23,31],[-11,9],[-63,-17],[11,-29],[-29,-7],[-53,53],[12,14],[-117,46],[-13,56],[-32,36],[-6,29],[-23,33],[2,7],[22,0],[1,12],[-19,10],[-35,1],[-20,19],[-11,30],[-23,6]],[[46349,71925],[36,13],[-20,38],[55,3],[3,22],[64,6],[51,46],[-19,2],[-3,20],[44,18],[47,65],[-6,9],[39,-15],[2,21],[22,18],[28,-8],[29,7],[-13,8],[-6,49],[41,68],[-30,66],[-11,3],[7,20],[-77,55],[-7,77],[-9,18],[-20,8],[-13,29],[14,3],[-35,52],[-50,25],[-10,-1],[-6,-18],[-62,28],[13,10],[-30,23],[-40,8],[8,20],[-43,7],[8,31],[21,4],[-9,29],[-25,-10],[3,36],[-19,12],[-49,-2],[-8,10],[10,27],[15,7],[17,-6],[12,13],[-93,68],[21,9],[20,25],[-18,43],[76,52],[46,-70],[14,-4],[62,-9],[73,-26],[34,8],[24,18],[36,-30],[57,18],[6,66],[-81,6],[-12,41],[7,81],[12,24],[30,-7],[49,13],[-9,54],[23,135],[-88,51],[-19,-12],[-9,11],[-56,-16],[-39,57],[9,34],[-46,-8],[20,16],[12,29],[58,15],[20,58],[-22,71],[-33,29],[6,106],[42,4],[18,9],[-7,10],[31,13],[72,2],[-9,20],[18,39],[-31,28],[18,19],[2,19],[-54,32],[14,59],[30,4],[10,11],[-27,47],[-56,31],[19,72],[-32,66],[4,27],[-22,8],[8,12],[-22,-1],[0,17],[25,5],[6,11],[-32,81],[70,-6],[22,14],[-10,28],[3,38],[16,24],[0,27],[17,17],[-8,42],[35,4],[-3,29],[25,6],[13,22],[35,12],[-1,19],[-20,22],[6,32],[-20,1],[-19,13],[14,23],[49,46],[80,8],[50,46],[-2,23],[21,27],[-21,7],[7,14],[56,70],[39,27],[3,24],[35,30],[-2,28],[17,4],[25,-13],[13,17],[59,2],[17,36],[30,15]],[[47184,75278],[42,-1],[95,40],[33,-12],[33,-27],[-11,-7],[10,-16],[-13,-7],[-3,-23],[36,-18],[40,-53],[72,-2],[67,-29],[77,-14],[144,21],[34,-27],[51,-2],[14,-9],[-8,-32],[26,-32],[41,-21],[57,-6],[89,-67],[9,-46],[25,-21],[17,-58],[25,-27],[3,-23],[26,-41],[1,-48],[119,1],[6,-9],[-24,-23],[-2,-29],[22,-44],[44,-50],[29,-13],[-13,-43],[32,-37],[2,-34],[16,-21],[-1,-33],[33,-14],[17,25],[19,-7],[-9,-49],[9,-18],[-19,-73],[-25,-21],[-2,-15],[145,-24],[19,-56],[42,-15],[54,-68],[54,-40],[3,-24],[-9,-8],[-66,10],[-35,-11],[-4,-11],[-52,-10],[-78,-58],[-9,-40],[41,-14],[-11,-20],[-28,13],[-39,-20],[-25,-2],[-16,-23],[5,-25],[-14,-8],[-44,14],[-73,-4],[-28,-39],[73,-64],[-2,-27],[-50,-46],[-10,-35],[20,-56],[11,5],[25,-27],[42,-100],[1,-34],[-18,-59],[42,-39],[2,-16],[-57,-73],[13,-43],[50,-47],[21,-49],[-22,-79],[16,-38],[-38,-30],[-15,-27],[4,-43],[5,-9],[50,-8],[68,-32],[88,-69],[8,-16],[-15,-54],[7,-56],[-32,-14],[-25,3],[-30,-19],[18,-26],[-2,-55],[13,-4],[0,-22],[41,-65],[-1,-12],[-21,-14],[7,-13],[31,-7],[20,13],[31,2],[12,-33],[58,-41],[72,-84],[18,-141],[-33,-52],[0,-73],[-10,-34],[-45,-49],[-67,-43],[-33,-63],[-4,-59],[-39,-2],[-72,-24],[-48,1],[-16,-9],[1,11],[-32,26],[-9,20],[-16,-3],[11,24],[-25,22],[3,8],[-60,11],[-14,10],[-47,-2],[28,-32],[-10,-48],[-28,-40],[35,-56],[-28,-76],[-27,-27],[34,-59],[-31,-15],[-16,-32],[-17,7],[-58,-79],[-40,-25],[-16,6],[-28,-33],[-33,-19],[-13,-38],[6,-16],[-9,-6],[12,-13],[-14,-12],[16,-84],[-27,-27],[-41,3],[-15,30],[2,29],[-44,31],[-109,-19],[-42,26],[-78,10],[-27,18],[-53,15],[-61,-16],[-16,-15],[-8,-14],[12,-15],[0,-38],[-17,-12],[-4,-21],[-19,4],[-10,24],[-24,18],[3,51],[-47,-27],[-41,32],[-112,-25],[-34,-45],[5,-20],[-12,-19],[-72,-11]],[[57973,57194],[-49,71],[-32,25],[-12,32],[-39,20],[-22,41],[8,12],[-11,17],[-16,10],[-77,0],[-6,38],[12,56],[-12,13],[43,41],[49,27],[-62,83],[-50,28],[34,104],[23,16],[-29,53],[13,51],[57,43],[74,85],[162,-49]],[[58031,58011],[74,-58],[64,-32],[6,-58],[69,-38],[94,-14],[55,18],[47,-8],[30,22],[67,-15],[32,22],[33,-10],[39,12],[30,21],[-7,40],[32,1],[65,27],[-7,34],[25,21],[20,109],[21,13],[33,2],[48,33],[47,18],[39,5],[20,-4],[2,-9]],[[61774,60543],[26,7],[14,16],[25,1],[58,24],[25,31],[0,25],[63,26],[26,46],[19,4],[18,23],[73,13],[28,28],[50,17],[13,-8],[110,20],[22,-5],[33,37],[0,9],[-69,39],[0,63],[-14,29],[-19,13],[14,33],[29,23],[4,22],[42,30],[-5,75],[-51,57],[-8,27],[22,43],[-3,34],[13,18],[23,20],[72,16],[10,33],[35,39],[10,89],[60,57],[88,22],[-9,33],[45,31],[-5,31],[36,15],[11,19],[-7,73],[8,16],[-38,57],[42,73],[1,42],[-18,23],[-5,54],[-67,51],[-7,36],[8,25],[38,6],[32,38],[-23,91],[-30,23],[-22,3],[21,105],[-9,24],[7,19],[-21,28],[2,18],[44,22],[19,25],[36,8],[10,23],[-13,36],[44,89],[6,45]],[[62766,62821],[48,22],[48,-12],[27,29],[37,13],[54,-2],[105,-32],[44,20],[92,-48],[73,12],[61,-20],[61,14],[47,-13],[39,16],[28,-3],[30,19],[10,22],[50,7],[70,-19],[-1,-94],[18,-31],[33,-4],[37,-35],[73,-18],[62,-129],[78,-38],[28,-130],[-55,-2],[-44,-17],[50,-50],[1,-39],[19,-34],[-6,-34],[12,-25],[-25,-58],[53,-20],[22,-45],[7,-54],[38,0],[89,43],[37,5],[21,20],[40,-22],[25,1],[11,-11],[25,16],[24,-4],[26,-26],[40,-18],[2,62],[32,104],[29,13],[21,-7],[34,10],[14,56],[52,-4],[23,13],[16,24],[14,-6],[29,9],[44,-22],[48,4],[49,34],[59,-3],[11,11],[44,10],[23,23],[62,17],[14,32],[103,-110],[81,-25],[28,38],[24,13],[38,-11],[21,-47],[13,-52],[-34,-30],[-5,-29],[11,-23],[-2,-99],[15,-9],[-3,-27],[18,-35],[-24,-30],[9,-10],[-6,-24],[22,-40],[-4,-19],[21,-37],[5,-65],[-24,-64],[-42,-29],[-58,-83],[-20,-10],[6,-117],[-22,-50],[-24,-23],[-6,-67],[-28,-97],[-2,-55],[-46,-111],[-53,-36],[-71,-5],[-14,13],[-27,-20],[-44,-13],[5,-16],[-40,-35],[-41,1],[-34,-24],[14,-29],[-16,-25],[36,-40],[-4,-29],[-19,-25],[0,-27],[12,-15],[-49,-22],[-50,14],[-77,39],[-90,-18],[0,-40],[-12,-3],[-11,-23],[-1,-28],[14,-13],[-25,-46],[-113,-96],[-73,-6],[-18,15],[6,37],[-54,32],[-26,36],[-33,8],[-20,-8],[-26,-29],[-4,-22],[23,-77],[-25,0],[-27,19],[-23,-10],[-19,-27],[5,-38],[-33,-35],[8,-12],[-8,-28],[37,-13],[9,-30],[-19,-52],[-84,-27],[-2,-26],[-19,-29],[-32,-18],[6,-14],[-92,-10],[2,-75],[-21,-25],[10,-29],[-23,-5],[-7,-11],[-33,23],[-52,10],[-31,43]],[[60383,58910],[21,29]],[[61693,59067],[-83,5],[-79,-12],[-72,13],[-18,11],[-56,-3],[-4,-12],[-55,-20],[-7,-28],[-22,-28],[-100,-29],[-24,-22],[-30,-11],[-35,0],[-17,13],[-79,-11],[-17,6],[-38,-12],[-34,-25],[-29,13],[-48,4],[-53,-26],[-2,92],[47,43],[-36,19],[-86,-1],[-27,19],[-129,-39],[-44,-42],[-3,-35],[-25,7],[-52,-23],[-32,6]],[[60404,58939],[-5,42],[10,26],[35,36],[0,33],[56,55],[10,57],[41,44],[0,36],[70,17],[94,-49],[31,1],[29,22],[20,31],[24,1],[16,-15],[47,8],[38,45],[32,14],[1,35],[-29,21],[6,44],[-14,26],[42,45],[-14,17],[7,23],[-7,48],[-62,32],[4,89],[-27,55],[10,21],[-7,32],[56,52],[-8,63],[10,13],[6,56],[66,38],[39,5],[11,11],[1,56],[38,28],[-26,34],[-1,29],[-23,12],[4,66],[-12,25],[-6,80],[-1,91],[11,24],[-30,28],[30,20],[18,32],[41,40],[-27,47],[-54,45],[-10,61],[16,40],[-90,23],[-44,-6],[-35,25],[-28,4],[-50,53],[-10,71],[-31,45],[-65,18],[-20,-10],[-42,0],[-51,42],[-27,8],[-16,20]],[[60502,61120],[20,3],[14,19],[1,44],[-20,16],[1,15],[30,6],[60,47],[23,-2],[60,31],[8,33],[20,3],[29,-10],[57,25],[42,-7],[24,-31],[21,-5],[31,-28],[43,-10],[-14,-46],[8,-9],[91,-43],[59,15],[60,-60],[62,-26],[-1,-33],[17,-28],[40,-20],[-8,-20],[15,-14],[-2,-24],[51,-34],[24,-43],[3,-26],[23,-29],[-4,-37],[14,-46],[29,-33],[19,-45],[26,-17],[4,-25],[39,-69],[36,-6],[40,-31],[22,-3],[51,11],[38,-2],[28,16],[38,1]],[[61774,60543],[-8,-21],[7,-33],[-15,-44],[6,-26],[29,-41],[38,7],[16,-17],[24,-7],[44,12],[20,-55],[32,-35],[-16,-14],[9,-14],[-12,-26],[4,-35],[36,-34],[34,-80],[68,-30],[7,-18],[62,-7],[11,-33],[42,41],[78,2],[48,11],[55,-18],[67,4],[30,-8],[29,-76],[20,-18],[-15,-17],[12,-26],[-5,-20],[14,-22],[-11,-32],[72,-36],[1,-29],[14,-22],[-4,-21],[20,-33]],[[61693,59067],[1,49],[14,18],[-7,30],[14,11],[-7,28],[22,-5],[81,18],[14,-2],[5,-12],[64,-19],[44,7],[18,13],[34,-24],[26,0],[158,-70],[32,3],[25,-25],[6,-32],[17,-8],[77,127],[70,63],[40,99],[37,15],[-3,28],[26,12],[0,22],[36,38],[52,24],[30,1],[-3,50],[17,18],[-9,47],[18,45],[-10,21],[5,15]],[[62637,59672],[2,22],[52,25],[1,15],[35,29],[66,15],[140,-11],[-8,-25],[92,-95],[36,19],[69,-43],[29,1],[53,-25],[55,-7],[22,-15],[31,10]],[[61717,57072],[32,115],[-20,60],[50,155],[-9,12],[52,83],[-25,50],[-15,10],[-45,-28],[-93,-16],[-55,1],[-43,-81],[29,-14],[-3,-41],[-137,-84],[-66,-12],[-75,25],[-50,53],[-13,44],[-21,16],[-25,4],[-12,92],[-33,32],[-13,40],[-53,54],[32,32],[30,1],[26,14],[6,25],[-48,34],[-23,4],[-21,-14],[-15,1],[-33,26],[-1,24],[-16,9],[-3,35],[-34,64],[7,35],[-19,29],[0,13],[18,3],[22,20],[74,8],[17,16],[47,6],[25,28],[60,38],[19,63],[27,32],[56,36],[11,29],[30,3],[15,12],[17,51],[46,12],[33,26],[43,3],[11,12],[38,102],[-8,34],[9,23],[-2,59],[-10,18],[-9,93],[13,20],[6,64],[34,70],[-1,40],[24,35],[-1,15],[20,20],[-12,25],[38,22],[2,34],[19,21]],[[58526,56108],[141,80],[22,-1],[16,28],[48,26],[160,69],[44,37],[10,33],[-8,9],[21,29],[21,8],[17,31],[38,22],[28,-15],[74,-12],[62,9],[12,9],[28,-15],[50,5],[41,-11],[55,8],[55,-68],[70,30],[51,6],[19,50],[-18,28],[12,48],[-11,15],[13,13],[-8,31],[76,26],[22,-12],[-16,23],[16,2],[20,27],[7,-8],[17,8],[10,-9],[8,10],[67,-11],[84,26],[-2,-10],[13,6],[2,-16],[16,-2],[18,28],[46,-3],[15,8],[8,9],[-6,12],[14,4],[-11,8],[24,8],[30,-4]],[[60589,57214],[47,-15],[36,-37],[44,4],[27,13],[29,-22],[12,-24],[60,-37],[21,-31],[31,-11],[25,-61],[57,34],[81,24],[54,4],[130,56],[6,-8],[96,-14],[5,-57],[-18,-22],[4,-8],[122,-44],[37,-2],[65,16],[16,18],[90,12],[15,47],[36,23]],[[61717,57072],[18,-10],[12,-32],[26,-27],[-16,-123],[2,-43],[12,-19],[-37,-112],[32,15],[21,37],[20,-11],[53,0],[44,23],[21,-9],[28,5],[61,-9],[30,-13],[57,26],[64,1],[111,70],[36,-1],[22,-19],[141,36],[51,2],[-10,11],[53,22],[11,36],[116,76],[21,71],[35,25],[11,34],[35,21],[71,20]],[[60589,57214],[-1,-26],[-11,-11],[-8,3],[-12,-47],[9,-10],[-14,-27],[-37,-5],[-13,6],[-4,-16],[-68,-57],[-26,-70],[-70,-7],[27,-62],[-45,-60],[-112,-65],[-23,6],[-15,-12],[-24,-2],[4,-10],[-24,-13],[-55,11]],[[60067,56740],[17,17],[-28,13],[19,-2],[-26,57],[7,48],[-15,8],[-50,-9],[-38,16],[-32,-7],[-43,35],[-30,-3],[-36,-19],[-31,15],[-58,4],[-51,-12],[-22,7],[-14,21],[-29,3],[-2,13],[-44,10],[-30,-3],[-88,-34],[-54,8],[-49,-15],[24,-69],[-47,-13],[-9,24],[-15,4],[4,22],[-18,12],[8,15],[-17,22],[0,41],[-28,56],[-1,46],[-8,-3],[-13,20],[-38,-20],[-15,-20],[-21,2],[-14,25],[7,5],[-12,8],[6,17],[-13,40],[5,43],[11,1],[6,19],[-7,49],[27,15],[4,20],[-19,32],[-16,66],[-25,18],[-4,15],[10,15],[-44,81],[-28,28],[35,87],[-19,29],[-73,57],[-3,95],[-36,27],[-19,30],[-35,20],[3,31],[51,69],[-3,69],[45,31],[8,47],[15,24]],[[59009,58163],[24,-37],[-3,-103],[43,-26],[11,-44],[-4,-31],[19,-47],[46,-42],[49,47],[50,80],[43,22],[7,40],[41,76],[20,11],[17,-5],[11,35],[34,5],[4,24],[53,30],[25,62],[-12,25],[48,27],[1,24],[-10,12],[17,33],[-10,28],[8,16],[36,19],[20,33],[63,2],[-4,12],[22,33],[52,6],[14,11],[-4,59],[20,10],[36,46],[38,-9],[64,34],[17,55],[21,10],[41,-8],[58,15],[50,-1],[21,46],[-14,51],[21,13]],[[60113,58862],[55,-9],[20,1],[16,13],[32,-12],[46,3],[80,27],[21,25]],[[60383,58910],[-5,-66],[-15,-20],[-26,-7],[-15,-22],[14,-42],[32,-22],[36,-4],[16,-21],[-15,6],[0,-14],[-12,-6],[37,-35],[31,-12],[38,12],[20,-21],[-39,-130],[13,-33],[-2,-31],[12,-13],[-6,-18],[10,-34],[-7,-63],[-15,-9],[-12,-32],[20,-59],[-12,-23],[11,-17],[12,4],[-2,-11],[17,3],[2,-17],[29,-16],[37,0],[9,14],[9,-1],[4,-37],[26,-33],[-16,-38],[-25,-35],[-82,-40],[-26,-40],[-34,-9],[-33,-23],[-34,3],[-19,-14],[-26,-59],[-14,0],[-36,-26],[-56,-7],[-18,-15],[-5,-27],[-97,-47],[-36,13],[-26,32],[-36,-47],[-19,4],[-32,-30],[-61,36],[-81,6],[-20,13],[-76,-93],[47,-58],[60,-9],[21,-18],[-4,-44],[21,-36],[43,-32],[26,-39],[24,-11],[90,6],[32,-12],[0,-63],[46,-26],[54,-12],[13,24],[23,9],[6,24],[21,13],[21,-7],[20,8],[42,-20],[30,1],[33,21],[24,-7],[27,-44],[51,-31],[9,-28],[31,-29],[29,-15],[22,12]],[[52447,54454],[-71,5],[-83,-11],[-12,31],[9,85],[-59,1],[-63,30],[-9,39],[-24,30],[-64,-19],[-48,23],[-43,-1],[-16,14],[-21,3],[-93,115],[-37,3],[15,22],[-6,19],[-24,1]],[[51798,54844],[-18,20],[24,57],[-20,54],[15,35],[-15,29],[-9,-5],[-84,22],[-45,-4],[29,-36],[-53,-118],[0,-39],[-17,-57],[-51,14],[-6,29],[-34,14],[-12,42],[-54,13],[-32,-24],[-18,8],[-3,12],[-43,-1],[-73,72],[-17,-3],[-9,13],[-6,-15],[-9,0]],[[51238,54976],[-37,27],[-24,52],[-80,112],[-37,26],[-60,4],[-44,-13],[-46,-33],[-45,-58],[-81,-22],[-64,64],[7,31],[-24,39],[38,15],[-4,23],[13,13],[26,77],[-13,10],[10,43],[39,39],[-17,34],[-46,15],[-6,20],[-62,51],[-73,0],[-91,40],[-49,10],[-60,58],[-17,70],[-17,12],[1,29],[-16,13],[10,4],[0,28],[-10,5],[-5,33],[-15,5],[0,28],[-25,16],[-8,-7],[0,14],[11,22],[30,15],[7,34],[15,11],[-17,61],[24,7],[-6,11],[10,11],[9,-10],[16,2],[-3,20],[26,4],[33,27],[-9,7],[6,9],[46,-5],[11,27],[-15,15],[17,-6],[4,11],[-12,23],[17,-1],[-7,26],[17,10],[-1,16],[15,5],[-14,12],[20,7],[-2,11],[17,11],[-18,9],[10,15],[-15,6],[2,9],[-19,-8],[-20,21],[-56,1],[-5,10],[-17,1],[9,8],[-9,9],[-23,1],[-16,-11],[5,17],[-19,11],[21,38],[-5,27],[9,8],[-12,12],[27,18],[19,36],[25,6],[2,29],[29,32],[-12,23],[-47,26],[12,29],[-19,25]],[[50429,56704],[35,-5],[36,69],[49,53],[26,11],[20,29],[10,66],[42,26],[20,52],[-12,25],[4,34],[-21,40]],[[50638,57104],[123,-8],[109,15],[12,15],[30,3],[-8,18],[20,17],[-7,9],[40,-5],[-15,16],[18,11],[14,-3],[13,22],[39,-1],[19,14],[21,-29],[38,10],[20,32],[1,36],[-33,28],[-7,39],[40,10],[31,32],[-3,37],[21,28],[5,31],[12,-2],[10,23],[-25,14],[14,17],[28,5]],[[51218,57538],[44,-24],[8,-23],[29,-9],[15,-19],[126,-45],[48,-31],[14,-26],[36,-23],[43,4],[18,-11],[77,6],[28,5],[19,14],[20,-11],[20,-28],[-2,-24],[33,-23],[8,-23],[18,-8],[18,-96],[32,15],[-7,-37],[24,0],[15,-18],[-12,-61],[14,-29],[77,-2],[0,-16],[18,-3],[20,28],[18,4],[145,-48],[32,-3],[52,-27],[-15,-18],[32,-47],[-9,-38],[11,-6],[-15,-18],[2,-21],[9,-4],[26,12],[18,-31],[42,-11],[-21,-59],[21,-11],[22,3],[41,-44],[3,-24],[20,-17],[7,-45],[39,-35],[0,-27],[30,-10],[32,-37],[17,3],[22,20],[29,41],[70,43],[48,2],[75,-22],[50,23],[29,5],[19,-9],[28,21],[13,-5],[10,-23],[21,-7],[99,18],[16,-18],[56,5],[50,-12],[-11,-38],[25,-36],[47,2],[18,27],[10,-19],[-14,-42],[-19,4],[-35,-47],[0,-11],[31,0],[118,23],[29,32],[3,51],[16,1],[75,58],[40,18],[48,-3],[28,8],[17,-1],[31,-23],[0,-84],[-10,-31],[8,-8],[45,1],[58,54],[65,28],[32,64],[58,43],[114,138],[77,-9],[16,-15],[18,13],[50,11],[29,0],[30,-14],[34,2],[43,9],[17,17],[10,36],[14,2],[-2,-8],[27,-23],[33,-11],[-1,-9],[32,-20],[53,-68],[32,-19],[6,4],[24,-21],[26,4],[55,-22],[56,-109],[79,-71],[4,-20]],[[55028,54665],[-59,46],[-32,4],[-40,22],[-29,2],[-40,-17],[-18,2],[-20,13],[-12,50],[-22,1],[-45,22],[-22,-9],[-24,27],[-44,5],[-9,9],[21,7],[12,27],[-29,59],[17,40],[-87,-66],[-40,-8],[-51,41],[-22,3],[-5,11],[-85,16],[15,72],[-2,23],[-20,15],[-51,6],[-47,-39],[-55,-22],[-27,120],[-81,-28],[-66,10],[-91,72],[-22,36],[-28,130],[-14,17],[20,78],[-5,44],[-72,59],[-31,46],[-53,-59],[-33,-18],[-13,-26],[-16,-4],[-15,9],[-50,-7],[-58,-36],[-55,-5],[-64,-84],[-89,11],[5,-12],[-33,-23],[-17,-25],[-25,18],[-44,-30],[16,-7],[-31,-23],[-3,-14],[-32,41],[2,17],[-26,5],[3,27],[-49,6],[-17,-10],[-29,-39],[13,-55],[25,-26],[-6,-24],[-18,-10],[11,-13],[-7,-21],[29,-10],[12,-19],[-9,-40],[12,-34],[10,-4],[-18,-128],[18,-29],[-36,-17],[-16,-44],[-20,-9],[-5,-19],[-88,44],[-31,-3],[-83,-31],[-33,-56],[-4,-37],[-62,22],[-46,5],[-63,-17],[-60,-94],[0,-28],[-15,-11],[9,-6],[0,-24],[-25,-19],[-7,-46],[-27,-26],[-50,-22],[-3,-18]],[[57725,50534],[-20,11],[-27,49],[-48,45],[41,84],[2,28],[58,57],[-5,29],[-17,18],[-62,7],[-29,13],[-30,-14],[-25,2],[-14,-12],[-29,21],[-26,-14],[-8,5],[4,24],[-44,-13],[-49,23],[-54,-47],[-9,-25],[-20,-6],[-13,-26],[-54,8],[-38,26],[-43,3],[-46,43],[28,58],[-26,21],[-2,46],[-24,34],[3,29],[-54,36],[1,19],[-24,2],[-6,16],[-39,9],[-12,21],[-56,20]],[[55986,53209],[-36,35],[-153,-14],[-47,59],[14,43],[-14,46],[25,41],[-18,18],[-78,26],[-7,42],[13,47],[-20,31],[8,38],[34,29],[24,39]],[[56909,51184],[-80,26],[-38,-4],[-32,9],[-11,14],[-48,9],[6,31],[-9,30],[40,52],[7,26],[-39,7],[-5,18],[-26,14],[7,43],[-41,38],[-20,11],[-54,4],[-1,22],[-19,2],[25,14],[-18,16],[2,39],[-28,22],[-33,61],[-64,8],[-19,-10],[-71,-3],[-59,18],[-25,27],[-58,15],[-35,-37],[-11,-1],[-115,55],[-38,-17],[-62,10],[-72,-45],[-40,2],[-61,-26],[-74,-2],[-28,77],[-19,5],[-34,-13],[-43,34],[-22,95]],[[55544,51880],[-44,64],[28,108],[26,32],[55,28],[16,40],[17,16],[-5,16],[68,69],[9,61],[41,10],[13,19],[16,5],[-78,46],[10,48],[-34,26],[-3,66],[44,36],[25,9],[27,-1],[39,16],[43,-2],[69,67],[-11,44],[27,2],[26,22],[-13,120],[-17,27],[-35,19],[-8,39],[-27,42],[19,42],[0,84],[20,13],[2,36],[28,33],[49,27]],[[55986,53209],[69,29],[34,-6],[83,31],[55,0],[32,10],[-18,-23],[2,-35],[53,-77],[78,-75],[9,-51],[58,-21],[58,-42],[25,-2],[43,-70],[51,-27],[-19,-49],[1,-26],[-25,-16],[10,-26],[-16,-35],[8,-11],[-27,-35],[8,-36],[-13,-51],[24,-40],[10,-58],[7,-12],[51,8],[47,-3],[23,-14],[43,3],[24,-38],[33,-23],[-1,-53],[31,-59],[58,-39],[-55,-38],[-18,-49],[-4,-60],[-26,-38],[-37,-25],[-33,0],[-47,-63],[35,-35],[56,-26],[-2,-16],[54,-94],[2,-29],[53,6],[31,-6],[29,29],[39,1],[20,20],[39,15],[-6,41],[73,41],[21,-2],[38,-33],[4,-18],[26,-10],[7,-30],[-12,-23],[18,-106],[-84,-72],[-60,-76],[-44,-24],[-45,-50],[-50,-103],[68,-87],[-14,-3],[-56,-59],[-6,-31]],[[58364,54396],[46,-37],[66,-15],[49,18],[84,58],[78,34],[84,10],[31,-16],[52,20],[5,25],[35,-13],[10,-27],[-4,-31],[11,-13],[17,3],[-22,-36],[-1,-21],[28,-105],[16,-25],[-44,-34],[30,-34],[1,-25],[95,-62],[-4,-68],[96,-126],[35,-28],[80,-12],[16,-27],[-1,-51],[-71,-102],[-30,-70],[114,-33],[74,-72],[50,4],[33,30],[129,64],[42,-18],[66,18],[-10,-16],[13,-14],[-16,-6],[-1,-16]],[[59014,52268],[-3,21],[23,18],[-9,17],[-53,-25],[-11,10],[-29,-7],[-52,14],[-44,38],[-34,-56],[-62,-43],[-39,-6],[-29,-43],[-70,-26],[-89,-57],[-54,-11],[-20,-18],[-3,-29],[-32,-21],[-9,-17],[-93,-51],[-39,-47],[-8,-38],[-62,-9],[-60,-29],[-73,-76],[-36,0],[-25,28],[-43,12],[-37,41],[-41,18],[-33,-24],[-69,-19],[2,27],[-15,-4],[-1,30],[-24,-1],[-8,23],[12,7],[12,41],[21,4],[18,19],[-4,28],[-14,11],[17,53],[-43,25],[-7,31],[10,18],[-23,14],[-19,53],[16,43],[-11,7],[18,8],[1,31],[22,32],[26,9],[-9,16],[11,12],[-13,4],[7,24],[-22,24],[13,31],[-10,17],[-44,6],[-2,22],[-22,34],[-26,13],[21,39],[-24,21],[14,13],[-10,9],[10,16],[-30,50],[6,11],[-25,22],[-44,3],[-14,24],[-33,7],[-22,43],[11,55],[-22,14],[-20,40],[41,30],[1,16],[55,25],[23,31],[-8,14],[6,24],[44,60],[-25,42],[37,28],[-37,12],[-38,-7],[-27,33],[-24,11],[-124,19],[47,8],[20,22],[8,34],[-11,33],[-84,24],[-174,127],[30,7],[56,36]],[[55304,56199],[-20,11],[-51,-2],[-35,22],[-65,1],[-68,28],[-13,-4],[-44,22],[-5,31],[-27,5],[-44,-10],[-33,31],[-41,-4],[-60,22],[4,59]],[[54802,56411],[53,16],[35,49],[17,77],[33,19],[10,20],[-3,64],[32,89],[-4,56],[-20,47],[33,81],[7,35],[-7,13],[28,35],[10,53],[49,68],[77,164],[-75,105],[-135,44],[-9,11],[13,21],[-10,11],[4,18],[-31,22],[1,9]],[[54910,57538],[20,2],[15,24],[23,-1],[34,48],[27,1],[12,12],[11,-4],[49,27],[32,41],[1,17],[46,81],[14,7],[4,30],[17,23],[-7,85],[12,22],[-10,12],[21,17],[2,47],[23,60],[20,8],[-1,13],[50,17],[18,-2],[44,21],[41,42],[2,22],[77,13],[55,32],[3,16],[24,23],[9,33],[23,-2],[10,35],[35,19],[-10,40],[-14,8],[8,52],[28,2],[32,45],[27,12],[6,43],[-15,24],[56,18],[17,19],[48,13]],[[55849,58655],[11,-11],[19,-1],[21,-24],[78,-25],[10,-15],[37,3],[80,-50],[41,-44],[42,-4],[63,-37],[61,-17],[94,29],[2,-17],[-27,0],[1,-15],[47,-43],[34,-6],[22,-19],[2,-12],[-21,-18],[14,-4],[10,-18],[25,-6],[68,-83],[12,-48],[34,-8],[-1,-21],[30,-23],[16,-41],[11,-4],[7,9],[16,-10],[-2,-25],[-12,-13],[22,-13],[-17,0],[4,-26],[-19,-16],[6,-20],[-15,-17],[10,-11],[-14,-24],[13,-12],[-11,-22],[13,-2],[-11,-31],[-35,-21],[10,-17],[-11,-27],[-11,-13],[-14,-1],[2,-10],[-18,-9],[3,-10],[-19,-15],[20,-40],[-15,-26],[-39,-21],[-21,-35],[9,-32],[-17,-15],[-1,-29],[-19,-35],[-37,-18],[-9,-27],[11,-11],[-5,-12],[-30,9],[-57,-11],[-92,52],[-38,0],[-35,20],[-84,-66],[55,-60],[-16,-31],[1,-41],[-32,-34],[-31,-62],[-23,-10],[9,-36],[-26,-64],[-36,-52]],[[58222,55103],[8,-23],[41,-16],[42,-37],[7,-18],[13,-4],[9,-32],[19,-1],[19,-18],[-57,-141],[-37,-37],[-9,-41],[-17,-23],[75,-68],[26,-64],[38,-27],[-74,-94],[39,-63]],[[58364,54396],[-53,-43],[-27,-9],[-24,-33],[-25,38],[-61,12],[-29,-5],[-78,-58],[-45,-5],[-6,-25],[-72,-53],[4,-16],[23,-4],[-6,-7],[-18,-2],[-22,-18],[-70,-6],[-42,-37],[-77,-45],[-99,-94],[-33,2],[-32,15],[-152,-5],[41,25],[-50,25],[-18,25],[-31,-13],[-31,-37],[-42,-14],[-21,-68],[21,-24],[-1,-41],[41,-27],[9,-22],[-14,-63],[39,-14],[36,-27],[71,-10],[34,-22],[27,-2],[14,-15],[-11,-14],[-39,-5],[-19,-45],[-125,-28],[-52,-41]],[[57299,53541],[-37,5],[-39,18],[-38,32],[-21,5],[-42,59],[-70,20],[-4,29],[-29,14],[33,20],[-3,40],[-22,12],[-28,37],[-2,18],[-31,33],[-30,65],[-40,21],[-30,2],[-70,-26],[-9,-41],[-35,-27],[-38,-1],[-23,-16],[-42,-5],[-145,-108],[-4,23],[-22,14],[-6,31],[-14,1],[-55,-1],[-116,-23],[-80,-41],[-33,17],[-5,13],[-3,26],[26,39],[6,54],[-19,39],[112,108],[-14,7],[32,20],[-83,-10],[-69,27],[-45,-48],[-43,-23],[-24,22],[-65,-31]],[[55980,54011],[-12,-26],[-30,-27],[-1,-29],[-53,-73],[-57,-56],[-35,-9],[-13,-38],[-48,-30],[0,-34]],[[55731,53689],[-63,26],[-8,11],[-20,43],[12,61],[-50,80],[13,36],[-33,42],[-22,5],[-36,26],[-19,50],[-11,-11],[-31,-6],[-17,17],[-36,8],[-34,20],[-69,-18],[-69,25],[-16,24],[-65,49],[2,23],[41,45],[-4,40],[20,34],[-17,18],[-19,100]],[[55180,54437],[-22,27],[1,43],[26,26],[-4,12],[41,39],[-18,45],[-17,14],[-67,17],[-92,5]],[[55028,54665],[20,30],[97,39],[29,-2],[26,29],[-50,51],[27,30],[-22,15],[9,13],[-15,45],[11,51],[-12,13],[27,14],[18,24],[42,-3],[21,13],[59,-7],[32,25],[23,38],[16,-16],[48,15],[47,60],[51,33],[29,7],[25,24],[-68,28],[-17,-3],[-11,14],[-33,12],[-22,0],[-1,50],[28,14],[21,-7],[9,16],[-38,20],[-1,38],[-52,83],[-16,16],[-22,-2],[-19,13],[2,28],[-35,24],[17,7],[10,18],[-30,55],[11,51],[-32,34],[6,43],[17,26],[-15,19],[7,38],[-29,105],[-35,1],[-15,11],[6,14],[-12,23],[12,39],[-16,14],[10,-1],[34,72],[18,-1],[1,22],[34,33],[-15,15],[9,11]],[[55304,56199],[-1,26],[17,38],[-6,34],[18,-2],[19,33],[18,34],[-11,13],[34,11],[-1,16],[-20,5],[8,9],[-8,19],[10,9],[-14,11],[3,24],[-39,7],[12,29],[-24,22],[25,34],[-45,22],[-18,21],[10,37],[-15,100],[20,-3],[4,30],[12,-1],[6,-20],[57,8],[-18,26],[-54,34],[-35,3],[14,34],[-13,18],[41,38],[2,23],[56,-21],[29,-35],[56,-5],[46,-34],[43,-14],[33,18],[17,-13],[52,4],[25,64],[25,-3],[59,-49],[22,1],[4,-10],[17,-2],[15,-16],[-3,-17],[21,-21],[20,21],[-18,22],[33,25],[59,70],[-37,33],[-34,16],[-9,26],[-107,86],[19,11],[24,-8],[10,15],[-47,69],[49,-19],[19,4],[13,-12],[6,9],[41,-20],[2,-11],[16,3],[-8,-45],[57,-16],[49,0],[38,-37]],[[56024,57030],[-13,-27],[94,-20],[66,-53],[72,-20],[53,-42],[10,-29],[-14,-31],[33,-34],[-8,-16],[-24,-13],[7,-24],[25,-8],[68,17],[49,-36],[92,-26],[40,-38],[30,18],[47,52],[2,31],[49,100],[39,18],[7,20],[37,29],[16,45],[2,62],[37,34],[-14,50],[31,13],[-3,39],[23,6],[-32,53],[5,70],[-12,49],[28,-14],[32,-47],[43,-10],[48,-48],[70,1],[17,19],[26,6],[12,-11],[40,-9],[16,6],[84,-19],[44,22],[1,34],[58,-33],[30,-4],[44,-45],[-14,-40],[5,-21],[41,-18],[15,-34],[36,-41],[33,-15],[73,18],[49,33],[83,-5],[39,14],[40,0],[21,16],[6,21],[42,13],[29,45],[28,17],[16,24]],[[57973,57194],[72,6],[68,-21],[29,25],[32,-8],[32,13],[61,-7],[73,17],[-27,-46],[-2,-36],[12,-36],[-34,-74],[-54,-58],[-83,-57],[-51,-55],[-36,-9],[8,-36],[-31,-63],[18,-15],[-26,-18],[5,-36],[48,-59],[-12,-10],[9,-9],[-6,-7],[94,-49],[-16,-31],[10,-7],[-4,-18],[-10,-2],[-5,-36],[24,-22],[101,-55],[18,-20],[63,-27],[69,-68],[39,-54],[16,-6],[-5,-16],[21,-13],[5,-26],[-4,-16],[-3,-7],[-2,-1],[-1,-3],[18,3],[4,-11],[16,-2]],[[58526,56108],[-11,-8],[9,-22],[43,-34],[29,-5],[38,-22],[44,-74],[27,-9],[-16,-19],[15,-28],[-8,-12],[-14,1],[-31,-59],[-35,-131],[-70,-92],[-30,-52],[-13,-67],[-27,-22],[-30,-49],[-9,-55],[-43,-38],[-48,-20],[-9,-28],[-54,-38],[-23,-49],[6,-61],[-28,-24],[-16,12]],[[58222,55103],[-43,-15],[-69,1],[-70,-67],[-38,-12],[-44,0],[-3,-11],[-14,0],[-38,-29],[-28,-10],[-38,1],[-28,-20],[-24,-35],[-24,-10],[-2,-30],[-30,35],[-87,54],[-81,9],[-15,-12],[-8,16],[-91,18],[-3,31],[-31,24],[-1,19],[-40,6],[-21,-6],[0,52],[-50,24],[-19,-13],[2,-9],[-42,-18],[-39,-34],[-43,-15],[-41,-36],[3,-20],[-38,-86],[3,-20],[-19,5],[3,19],[-12,9],[-26,-2],[-63,-49],[-18,6],[-26,-36],[-19,6],[-51,-31],[-23,8],[-19,-29],[-65,-42],[-21,-28],[-113,-57],[-27,82],[-23,15],[-100,-24],[-4,6],[-26,-10],[-34,3],[-70,-50],[-16,10],[-34,2],[-18,29],[-32,-3],[5,-50],[-13,-15],[1,-33],[-26,-29],[-10,-33],[-15,-12],[-14,14],[-11,-3],[-50,-52],[-41,8],[-17,-8],[-20,-26],[-37,-17],[-11,-53],[-13,-13],[-4,-21],[10,-17],[53,-29],[28,-82],[-26,-34],[10,-36],[14,-13],[-37,-35],[-4,-33],[-37,-48],[-4,-19],[18,-24]],[[56857,68420],[3,-40],[23,-21],[0,-24],[12,-10],[-38,-6],[7,-15],[-14,-16],[7,-29],[-17,-7],[-9,-39],[-17,-20],[-26,1],[-35,-24],[-20,-40],[-54,-20],[-71,-82],[2,-16],[-41,-14],[3,-11],[-13,-10],[11,-9],[-33,-41],[-24,-10],[4,-21],[-49,-39],[0,-16],[18,-16],[-49,3],[3,-15],[19,-4],[-2,-12],[-20,7],[-22,-34],[-108,-47],[-67,-56],[-30,4],[-27,-15],[-97,-11],[-30,-44],[-71,-29],[-23,6],[-1,-24],[-37,-1],[-12,-9],[-8,15],[-13,-15],[-26,29],[-14,-7],[1,10],[-11,-6],[-33,6],[-18,13],[-14,-3],[-49,65],[-17,-3],[-17,63],[-15,5],[4,15],[-31,5],[-26,-25],[-12,12],[-31,-3],[-39,31],[-26,-7],[-33,11],[-41,50],[-9,43],[-22,-7],[-17,16],[-110,50],[-19,-4],[-32,20],[-39,-7],[-65,17],[-33,-11],[-40,3],[-98,20],[-33,23],[-807,8]],[[54119,67976],[-39,2],[11,39],[-13,8],[-16,-4],[-6,14],[34,6],[4,15],[-19,13],[-30,-1],[34,10],[-24,14],[16,15],[25,6],[41,-9],[15,20],[21,9],[28,-9],[21,47],[-36,21],[8,41],[-31,10],[-3,26],[-30,4],[0,25],[-12,17],[13,21],[-3,32],[21,14],[31,49],[49,15],[37,1],[-1,24],[43,-19],[-1,16],[28,20],[-26,14],[15,18],[-20,11],[32,5],[14,-11],[-2,32],[46,23],[14,33],[57,12],[16,25],[15,-1],[-3,18],[31,-5],[-4,24],[24,47],[42,21],[54,3],[29,16],[6,17],[-24,47],[22,7],[-7,19],[-41,39],[2,31],[34,43],[-25,49],[13,28],[-1,7],[-18,5],[-46,-17],[-12,41],[19,9],[0,19],[-26,-6],[-11,10],[-14,-14],[-44,2],[-3,32],[-38,18],[-2,34],[-29,24],[-17,2],[-39,-21],[-52,9],[-3,13],[18,20],[-8,28],[20,30],[-14,7],[-34,-3],[-9,9],[26,17],[33,3],[-14,16],[-41,-5],[45,34],[-1,25],[-33,29],[6,10],[27,3],[-2,8],[-38,25],[-15,24],[-59,31],[4,15],[32,19],[-12,28],[-44,1],[-30,35],[-33,13],[-1,11],[13,9],[39,0],[-2,21],[-16,10],[-28,-10],[5,29],[-17,18],[-32,-2],[-19,16],[-27,-2],[-14,9],[-1,33],[-32,26],[30,15],[-33,17],[-6,29],[-31,15],[-1,13],[16,10],[-5,8],[-37,7],[-10,28],[-40,-16],[-2,17],[-31,21],[4,16],[19,12],[18,-3],[20,-21],[48,-1],[10,16],[-6,36],[35,23],[-27,37],[9,24],[-22,46],[2,54]],[[53965,70213],[27,53],[2,45],[-36,147],[5,64],[-27,49],[37,110],[57,56],[18,120],[18,25],[63,38],[6,20],[-58,101],[-11,51],[10,30],[66,40],[16,26],[-10,26],[-55,36],[-8,37],[28,92],[34,69],[-14,93],[10,54],[-7,110],[11,125],[-8,68],[26,88],[-8,48],[-54,61],[-67,44],[-50,53],[-52,103],[12,207],[19,39],[2,30],[-53,33],[-77,135],[-29,105],[-26,22],[-7,-5],[-73,75],[-20,50],[-22,160],[26,68],[1,33],[50,93],[-19,85],[-28,58],[38,68],[108,55],[34,35],[1,23],[-38,78],[19,132],[-17,63],[-6,88],[-15,17],[-32,12],[-38,56],[-33,16],[-38,3]],[[53673,74129],[-327,295],[-25,48],[-21,92],[11,0],[14,38],[4,50],[14,26],[-4,26]],[[53339,74704],[30,57],[90,52],[9,25],[-13,26],[69,12],[23,45],[33,27],[-30,25],[34,28],[5,45],[19,6],[15,19],[9,53],[-10,69],[43,32],[31,-13],[45,11],[3,18],[-28,2],[6,32],[28,-2],[20,-13],[9,12],[-48,47],[43,13],[17,-11],[31,4],[-18,76]],[[56188,74332],[-6,-49],[19,-45],[26,-15],[1,-20],[79,-77],[-3,-41],[-11,-12],[23,-12],[-2,-59],[26,-26],[3,-45],[50,-78],[35,-18],[-26,-50],[8,-49],[-10,-19],[-61,3],[-103,-13],[-29,-32],[-31,-4],[-28,-25],[-20,5],[-15,-7],[-33,-30],[-55,-98],[-17,-66],[13,-47],[-41,-29],[-7,7],[-20,-3],[-26,-25],[-9,17],[-16,-4],[0,-17],[-23,-16],[6,-10],[-17,-10],[2,-8],[-17,-9],[-21,8],[-14,-10],[-7,8],[-30,-25],[4,-31],[-27,-18],[-21,-30],[0,-34],[-11,-19],[-41,-20],[-8,-69],[19,-7],[-11,-37],[-32,-39],[-58,-37],[-50,-4],[-68,-95],[10,-10],[-2,-35],[13,-11],[-5,-11],[54,-42],[-37,-33],[10,-62],[-9,-41],[57,-20],[18,-44],[69,-37],[22,-44],[31,-2],[8,-15],[-7,-12],[20,-26],[-26,-16],[-62,13],[-26,-3],[-19,-22],[-33,-15],[1,-8],[-48,-15],[-7,-28],[-30,-12],[-18,-19],[-25,5],[-42,-10],[-21,10],[-4,-8],[-51,1],[-6,-5],[22,-4],[31,-42],[-40,-14],[-21,4],[10,-23],[16,-6],[85,3],[15,-19],[-1,-48],[49,2],[3,-33],[27,-15],[13,12],[110,27],[46,27],[17,-11],[22,5],[93,-18],[37,3],[28,-10],[19,-24],[27,-14],[35,7],[22,-6],[37,-60],[7,-45],[-7,-30],[-55,-26],[-46,-37],[-3,-33],[-24,-15],[-17,-67],[-24,-28],[-67,-54],[-58,-32],[-20,-50],[-31,-4],[-41,-31],[99,24],[184,-5],[56,-40],[40,-16],[19,-44],[14,4],[34,-21],[52,-12],[-43,-15],[-33,-50],[-73,-57],[-15,-49],[-26,-35],[-60,-29],[-23,-29],[-67,-39],[-19,-23],[5,-9],[-13,-10],[0,-18],[-26,-11],[-34,-32],[-30,1],[-5,13],[-22,-10],[6,-12],[-14,-5],[-24,-33],[-26,-10],[-4,-32],[9,-25],[-14,-15],[-15,-73],[-15,-18],[-29,-4],[-29,-17],[4,-25],[-23,-11],[7,-99],[-19,-41],[-13,-3],[5,-30],[-11,4],[0,-36],[-27,1],[2,-12],[-11,-7],[-16,4],[-13,-9],[-11,6],[-2,-11],[-39,-5],[-14,-17],[-15,0],[3,-9],[-28,-4],[-16,-17],[-37,-3],[-10,-19],[-12,1],[-13,-28],[-23,-8],[-7,-14],[-21,5],[26,-68],[214,-340],[-36,2],[-13,17],[-70,23],[-16,-7],[-4,-15],[-66,-10],[-56,-35],[-85,19],[-223,5],[-17,10],[109,-243],[20,14],[27,-8],[115,8],[21,-13],[56,-6],[29,13],[53,-41],[85,21],[18,16],[-2,17],[87,-4],[24,15],[55,-3],[39,-14],[28,4],[1,-13],[9,10],[29,-7],[15,20],[28,-11],[50,0],[14,-4],[7,-15],[16,2],[35,19],[6,-7],[21,29],[31,11],[-1,9],[10,-3],[-1,9],[18,12],[64,7],[15,12],[18,-3],[13,16],[42,8],[36,-9],[12,8],[22,-2],[53,-19],[136,-20],[28,28],[36,6],[36,-29],[15,6],[2,12],[15,1],[-4,9],[14,-2],[5,11],[13,1],[-8,6],[12,33],[-10,21],[28,12],[18,-3],[1,11],[60,32],[32,-3],[18,14],[-1,20],[24,-12],[35,7],[13,-18],[31,-14],[30,-70],[-9,-23],[5,-34],[21,-13],[-6,-54],[23,-22],[-12,-40],[-30,-33],[23,-66],[1,-43],[39,-82],[-9,-51],[89,27],[70,0],[10,-8],[66,32],[20,-5],[40,-38],[92,11],[45,-45],[14,-37],[-15,-20],[26,-19],[8,-55],[13,0],[51,42],[47,6],[24,-43],[22,-157],[-7,-72],[-24,-13],[18,-16],[-10,-24],[-54,-17],[-16,-28],[-37,-9],[-11,-15],[-46,-8],[3,-41],[-16,-4],[11,-14],[-11,-6],[9,-26],[-33,12],[-42,-24],[-11,24],[-8,-11],[-15,7],[-58,-6],[-14,-18],[-23,20],[-10,-8],[7,-14],[-30,2],[-10,-11],[-46,-12],[-10,-8],[6,-15],[-31,-18],[14,-62],[-20,-37],[19,-16],[-6,-16],[-17,-2],[2,-41],[-18,-8],[17,-22],[23,-3],[7,-36],[12,-6],[-8,-12],[12,-10],[-11,-26],[15,-30],[-20,-33]],[[56188,74332],[-12,9],[-23,-9],[-33,-33],[4,-17],[-23,-25],[-3,-27],[-30,12],[-12,-5],[-3,-17],[-34,9],[-48,-12],[-30,5],[-21,-11],[-25,8],[-62,-2],[-6,-11],[-43,-8],[-33,-43],[-68,2],[-5,-29],[-54,1],[-23,-12],[6,-21],[-22,-1],[-6,-12],[-9,9],[-7,-9],[0,10],[-18,-5],[-19,22],[-24,-6],[-23,12],[-61,0],[-16,-11],[-39,13],[-17,15],[11,16],[-5,24],[14,7],[-10,11],[6,5],[-21,19],[-1,22],[-18,2],[-9,34],[-12,-3],[2,14],[-12,-6],[-25,19],[3,9],[-56,27],[-14,23],[-29,9],[6,8],[-26,4],[-1,16],[-28,10],[-23,44],[-14,7],[-30,-18],[-35,-66],[-32,-14],[-24,-41],[-23,-6],[-23,-22],[-79,-20],[-13,-18],[-14,-2],[-5,-10],[14,-29],[-18,12],[-57,-2],[-21,-20],[-17,5],[-25,-32],[-11,7],[-17,-21],[-7,5],[-42,-18],[-32,58],[8,64],[-40,9],[-19,-22],[-34,2],[10,14],[-15,8],[-2,20],[28,118],[-10,247],[19,68],[-7,352],[21,197],[-35,4],[-45,-21],[-59,19],[-16,14],[-57,1],[-22,22],[-53,10],[-32,17],[-32,1],[-26,20],[-27,-12],[-15,14],[-309,33]],[[53804,75401],[-69,65],[-95,49],[-39,33],[-218,136],[-96,121],[-2,88],[78,96],[13,37],[0,36],[-30,41],[-53,17],[-31,-1],[-94,-70],[-71,27],[-23,-4],[-375,57],[41,49],[-26,15],[-4,35],[-25,9],[-11,63],[15,34],[64,39],[31,38],[6,49],[-16,60],[41,39],[12,28],[-20,71],[22,49],[-81,49],[-21,32],[-116,2],[-26,10],[-12,24],[-34,7],[5,5],[-28,25],[-18,42],[-1,27],[9,0],[-9,14],[9,3],[10,-14],[6,12],[-11,112],[35,79],[4,101],[13,21],[27,16],[-34,6],[2,13],[-52,28],[-27,4],[-37,-21],[-28,14],[-5,17],[-26,-7],[-18,25],[3,11],[-38,34],[-38,13],[-11,25],[-61,12],[-10,23],[-28,-12],[-38,0],[-38,14],[-59,45],[-17,24],[-22,2],[-38,70],[-151,91],[-38,64],[-53,-6],[-41,27],[-20,-1],[-8,-10],[-35,9],[-17,17],[1,14],[-63,4],[-19,35],[-28,8],[11,15],[33,4],[14,13],[41,7],[18,19],[17,0],[19,44],[21,1],[19,14],[-4,22],[52,-2],[26,26],[-6,5],[21,55],[17,18],[67,44],[13,19],[22,7],[11,32],[30,13],[14,28],[34,21],[6,15],[22,2],[16,-18],[46,10],[39,69],[75,71],[154,3],[26,-13],[-1,34],[44,-2],[64,-27],[-18,-43],[17,-13],[36,-5],[27,12],[-11,20],[16,7],[243,25],[20,23],[34,16],[70,8],[7,11],[18,-9],[55,34],[23,-2],[38,-20],[33,30],[23,3],[54,50],[74,-12],[-4,-38],[26,-39],[24,-6],[26,24],[27,-17],[438,201],[-16,13],[12,-4],[2,17],[-32,7],[34,5],[-23,6],[19,8],[-26,6],[21,7],[-8,8],[-14,-4],[8,11],[-16,15],[21,14],[-14,7],[12,9],[-14,6],[6,9],[-8,7],[-15,-3],[1,15],[16,-3],[14,15],[-21,2],[16,6],[-19,6],[16,17],[-31,1],[15,24],[-26,21],[22,15],[-22,5],[21,9],[-4,6],[-24,-5],[4,10],[19,-4],[13,14],[-39,2],[3,9],[22,-3],[16,10],[-29,4],[20,21],[-11,2],[2,11],[-11,-5],[5,14],[-16,-4],[-1,27],[-21,-1],[18,10],[-22,4],[1,9],[11,-1],[-4,15],[-7,2],[-3,-12],[-10,14],[-10,-10],[-21,4],[21,16],[-22,-4],[11,23],[-21,-15],[-17,13],[28,21],[-30,4],[3,24],[-29,-12],[7,8],[-16,10],[16,2],[-4,14],[-8,3],[3,-7],[-14,-4],[0,12],[-22,8],[27,2],[-3,18],[-30,11]],[[53527,79242],[23,-3],[-11,8],[15,11],[-3,19],[11,-4],[2,12],[12,-1],[-10,13],[10,2],[5,-9],[2,12],[10,1],[-6,13],[19,0],[-8,9],[13,8],[-18,39],[-18,9],[5,35],[-34,45],[0,34]],[[58745,78653],[-37,-41],[-18,-75],[72,-30],[-44,-31],[-48,-89],[-6,-50],[-22,-44],[8,-66],[-10,-7],[-100,6],[-69,-20],[-110,9],[-36,-28],[-33,-3],[-26,-29],[-29,-10],[-10,-31],[-29,-18],[-49,-83],[-44,-15],[-15,-37],[-67,-54],[1,-24],[29,-58],[-12,-39],[-13,-9],[-49,0],[-24,-15],[-75,5],[-34,-37],[-4,-10],[17,-33],[50,-20],[16,-42],[28,-13],[-2,-11],[-101,-60],[-3,-29],[-30,-42],[-54,-10],[-42,12],[-17,-42],[-116,-76],[-10,-36],[8,-28],[-31,-51],[-27,-31],[-64,-27],[-14,-19],[-11,-67],[24,-70],[-35,-99],[-61,-50],[-35,25],[-29,-3],[-14,-27],[-26,-20],[6,-30],[-17,-14],[5,-29],[-21,-33],[10,-26],[-32,-24],[3,-29],[-15,-9],[15,-16],[-21,-42],[2,-22],[-28,-1],[-22,-15],[-38,-66],[-35,-24],[-3,-32],[-31,-55],[-33,-18],[-21,-50],[-21,-17],[-5,-27],[-122,29],[-33,-13],[-16,-60],[-22,-28],[-21,-10],[0,-22],[20,-24],[-30,-30],[0,-50],[-18,-20]],[[56719,76044],[4,-25],[-22,-58],[-35,-8],[-29,-22],[-85,21],[-47,37],[-36,-8],[-39,-41],[-24,-55],[-2,-69],[-59,-49],[-20,-51],[-16,-71],[16,-21],[39,-20],[23,-36],[18,-101],[-7,-71],[30,-33],[-29,-24],[-16,-32],[14,-60],[-46,-28],[9,-11],[-5,-67],[-95,-79],[-17,-60],[17,-21],[-20,-57],[17,-18],[-4,-37],[22,-38],[5,-68],[19,-58],[-9,-59],[14,-37],[-40,-32],[-9,-23],[80,-59],[-33,-127],[-24,-34],[-35,-7],[-55,5]],[[58745,78653],[-124,-2],[-75,-18],[-148,52],[-14,-18],[-73,-33],[-8,-18],[-70,-38],[-33,10],[-30,-3],[-48,20],[-21,-5],[-35,7],[-4,15],[-12,-8],[-23,3],[-68,28],[-19,-19],[-36,10],[-35,-30],[-108,-21],[-24,-28],[-44,-16],[-10,-20],[-38,-22],[-20,-29],[-20,2],[-14,-17],[-30,6],[-45,-11],[-38,19],[-46,-1],[-33,11],[-53,-26],[-26,33],[-15,-31],[-67,-9],[-4,-11],[-19,0],[-7,-16],[-16,9],[2,-16],[-10,2],[-10,-22],[-43,10],[-21,-13],[-19,15],[-23,-6],[-27,9],[-25,-11],[-14,21],[-13,-7],[0,-13],[-12,39],[-26,-6],[-8,12],[10,23],[-20,-14],[-20,9],[-9,-11],[-19,25],[-24,5],[10,10],[-55,8],[12,16],[-67,-6],[5,18],[12,-11],[11,14],[-36,17],[18,7],[0,9],[-23,12],[-44,-3],[-6,5],[12,12],[-11,3],[12,10],[-19,7],[3,14],[-19,-4],[-4,19],[-6,-10],[-12,3],[27,38],[17,-6],[7,19],[-22,-7],[16,17],[-15,8],[-3,-12],[-20,14],[-4,43],[-13,-1],[1,-12],[-19,-2],[-16,11],[-24,-3],[-7,8],[8,8],[-15,-8],[-21,7],[6,11],[-16,8],[15,10],[-8,20],[-29,-27],[-5,15],[-15,1],[-6,-9],[-12,8],[5,10],[10,-7],[-13,11],[8,7],[-39,-3],[-9,-14],[-16,8],[6,12],[-7,3],[24,5],[-29,11],[-14,17],[-15,-11],[0,19],[-17,2],[10,11],[-22,11],[12,7],[-5,8],[-20,2],[-10,11],[-13,-5],[3,11],[-11,5],[11,7],[-16,1],[-9,-22],[-41,24],[-4,-8],[-16,1],[-8,28],[-10,-10],[-9,8],[-10,-8],[4,-12],[-15,-3],[4,16],[-22,2],[-1,12],[-20,1],[4,7],[-12,-14],[-1,13],[-34,-1],[-5,9],[-7,-11],[-9,0],[7,13],[-13,-4],[-3,4],[15,20],[-13,13],[-25,-16],[-41,9],[-10,-21],[-11,6],[3,10],[-12,-1],[8,-25],[-20,-7],[1,-22],[-12,-8],[-29,4],[19,-11],[-11,-13],[9,-9],[-28,-9],[-4,10],[-26,-19],[-27,0],[2,-11],[16,8],[4,-13],[-21,-6],[-12,-17],[-33,19],[-7,-9],[7,-10],[-35,4],[-14,-14],[-14,7],[-21,-13],[-20,7],[-11,-16],[-21,6],[2,6],[-13,-6],[2,14],[-15,-10],[4,12],[-17,3],[-7,21],[-7,-7],[-28,3],[-8,-39],[-19,-5],[-11,18],[-17,-8],[-42,1],[4,11],[-10,6],[-14,-23],[-17,8],[4,-15],[-20,13],[-7,-17],[-21,7],[-9,-16],[9,-5],[-28,11],[0,-8],[-10,4],[-2,-9],[-39,-16],[-37,18],[-23,-3],[-6,-13],[-11,5],[-4,-13],[-21,9],[-6,-14],[-14,5],[-9,-9],[-3,8],[-1,-16],[-17,1],[-10,-11],[7,-5],[-9,4],[-6,7],[3,5],[-10,-11],[-5,10],[-13,-9],[-11,9],[0,-10],[-13,-2],[4,20],[-12,3],[-8,-10],[-22,8],[-8,-7],[-16,12],[3,-20],[-15,-19],[-18,5],[-5,-8],[-5,10],[-11,-5],[3,-8],[-13,14],[-6,-9],[-12,5],[8,-6],[-6,-8],[-7,9],[-17,-6],[0,-12],[-29,7],[-6,-28],[-18,35],[-26,-1],[17,15],[2,18],[-11,-14],[-5,24],[-17,-13],[-12,3],[0,20],[36,21],[-17,26],[-35,-4],[11,21],[-12,21],[26,3],[-8,22],[20,19],[-28,9],[-9,15],[14,14],[-5,18],[11,7],[-14,8],[1,16],[32,12],[19,-11],[16,26],[23,-2],[-27,30],[46,17],[10,14],[-3,22],[33,8],[1,22],[25,5],[-12,29],[-3,-22],[-53,31],[33,45],[-27,25],[12,8],[-9,6],[3,13],[-34,-13],[-17,20],[41,5],[-28,33],[33,-4],[-6,53],[23,-12],[7,26],[10,-17],[31,19],[-16,11],[16,14],[-7,12],[-15,0],[-3,29],[13,-11],[27,7],[-20,9],[8,32],[-11,14],[42,24],[-3,12],[-15,-1],[-5,-13],[-30,9],[32,36],[-3,8],[-9,-10],[-9,8],[-31,-13],[-8,7],[15,24],[11,-14],[19,14],[34,-5],[-30,31],[-53,11],[14,44],[28,38],[-17,3],[3,18],[-11,-10],[-38,16],[18,24],[-19,10],[-9,-13],[-19,5],[1,-24],[-22,18],[-33,-17],[17,18],[-18,31],[23,16],[-18,23],[-4,29],[8,8],[-83,57],[5,-144],[-286,32],[-210,-44],[-8,39],[-55,3],[-3,13],[-26,11],[-31,40],[5,135],[13,37],[25,24],[-1,16],[-464,-368],[-63,-29],[-32,0],[-13,-18],[-19,-7],[-64,-62],[-12,-47],[11,-17],[-8,-31],[-15,-12],[-10,3]],[[53546,79495],[-15,45],[-13,5],[16,9],[-12,10],[-11,-8],[3,33],[-25,11],[-36,0],[5,12],[-11,-6],[-14,11],[14,7],[-13,10],[6,13],[-12,-10],[-18,22],[-12,1],[3,-11],[-12,-5],[-9,14],[-17,-4],[0,9],[-21,3],[12,18],[-27,15],[-14,-21],[-7,9],[-14,-11],[-8,23],[-17,0],[-15,13],[10,5],[-18,22],[6,6],[-28,18],[11,12],[-22,2],[8,8],[-7,9],[-23,-11],[-13,4],[0,-7],[-23,6],[2,21],[-21,0],[7,27],[-12,22],[-11,-5],[4,10],[-14,-3],[5,21],[-35,35],[1,24],[17,-2],[-7,16],[-11,-2],[7,8],[-46,6],[-3,39],[-10,-5],[-16,11],[4,20],[-14,-1],[-1,16],[-35,-4],[6,9],[-8,8],[14,10],[-14,11],[7,11],[-10,16],[-12,0],[-8,22],[-31,9],[-9,12],[11,3],[2,13],[-44,28],[1,17],[-38,19],[-16,-1],[-25,28],[-12,-6],[-8,25],[9,7],[-16,43],[-26,0],[7,12],[-9,-2],[3,8],[-20,9],[-11,1],[-4,-11],[-35,2],[-6,19],[-26,-2],[1,12],[-10,-4],[-11,11],[-8,-10],[-4,9],[-10,-10],[-3,7],[-32,-2],[-1,-12],[-20,-6],[-2,11],[-14,3],[17,6],[-33,-9],[-6,13],[-16,-2],[1,9],[-32,3],[-7,13],[-17,-3],[-7,14],[7,25],[-11,1],[6,7],[-20,38],[2,26],[-16,2],[6,8],[-15,12],[3,16],[-12,8],[-10,47],[-24,10],[-11,-4],[-3,9],[-11,-4],[0,14],[-40,12],[-8,28],[-9,-3],[-1,13],[-29,9],[7,9],[-23,15],[-6,43],[-11,-1],[-3,22],[-28,-1],[-6,18],[-45,14],[-17,-8],[-23,33],[2,14],[-10,3],[6,6],[-30,67],[3,13],[-22,25],[4,14],[-35,18],[-23,36],[-26,5]],[[51940,81032],[1,38],[-13,-4],[-12,24],[-27,17],[-20,46],[57,68],[-1,19],[60,53],[-10,22],[12,18],[-6,38],[-8,13],[-23,6],[7,21],[-20,10],[9,25],[17,0],[7,12],[24,-8],[8,20],[14,1],[1,15],[-13,8],[13,3],[-2,14],[12,4],[-4,15],[9,8],[-19,11],[13,4],[4,25],[-13,27],[1,36],[-21,9],[14,21],[-16,10],[38,35],[-3,11],[15,13],[-8,23],[14,15],[19,5],[12,-7],[-1,11],[12,-3],[19,18],[7,16],[-8,12],[11,16],[41,13],[1,14],[13,7],[6,22],[-10,9],[13,39],[-33,12],[12,25],[16,-1],[1,10],[27,13],[1,12],[26,11],[7,-5],[5,11],[25,-8],[13,20],[39,24],[22,-5],[7,10],[17,-1],[16,32],[-19,21],[8,13],[-18,26],[32,11],[-1,19],[34,15],[-4,10],[15,5],[4,17],[61,9],[26,30],[14,-1],[67,34],[38,39],[1,18],[32,-4],[9,10],[7,30],[-8,17],[16,19],[-10,42],[37,4],[-1,15],[-30,10],[-7,11],[21,5],[-9,17],[41,35],[-19,20],[5,10],[-20,4],[4,13],[-11,12],[23,20],[15,-6],[22,9],[-1,14],[-16,4],[5,5],[44,-5],[-5,19],[17,1],[15,28],[74,17],[10,33],[16,7],[-25,22],[18,3],[10,15],[29,0],[18,35],[26,-8],[9,28],[45,5],[21,24],[42,-16],[20,28],[32,-3],[-4,30],[39,-5],[26,22],[1,-35],[25,15],[55,-7],[7,20],[23,12],[22,-19],[23,8],[30,-27],[8,16],[49,21],[38,38],[24,-18],[10,20],[25,-9],[28,16],[7,-9],[-12,-26],[27,8],[24,-13],[1,-28],[20,6],[24,-18],[-22,-8],[16,-12],[71,64],[12,-9],[23,1],[15,-14],[17,19],[6,-17],[11,7],[10,-12],[21,30],[13,-7],[13,14],[7,-8],[40,-5],[19,43],[37,0],[37,40],[1,16],[23,-10],[13,6],[-5,16],[47,2],[-4,18],[30,22],[25,33],[0,14],[38,-11],[-9,21],[8,15],[20,-16],[6,15],[36,0],[13,-13],[4,18],[11,-14],[25,13],[6,-9],[26,0],[17,-11],[25,9],[15,-28],[23,14],[18,-1],[2,-10],[7,35],[18,1],[8,15],[-15,19],[-9,-5],[-9,7],[-4,12],[25,35],[14,2],[-34,49],[6,21],[45,-5],[37,15],[15,-9],[23,4],[14,-17],[93,-12],[0,-10],[53,-16],[66,32],[4,31],[11,-3],[21,13],[7,-5],[13,12],[-21,12],[2,15],[-18,9],[-10,-11],[-7,9],[12,5],[-21,6],[10,14],[13,1],[-2,9],[17,-7],[3,16],[17,3],[-9,20],[-10,-5],[0,17],[14,7],[-14,-1],[-4,8],[56,54],[16,2],[24,-27],[29,-10],[38,2],[0,17],[33,1],[26,16],[32,-12],[24,11],[21,-9],[18,8],[8,-17],[53,-22],[16,28],[24,5],[13,13],[29,-14],[54,-2],[12,10],[27,1],[29,23],[11,26],[-28,17],[-13,32],[10,69],[-25,35],[-19,6],[12,8],[-6,17],[-47,12],[-5,11],[-33,-1],[-7,10],[-42,8],[-2,9],[-18,4],[2,10],[-18,4],[11,27],[-24,21],[-106,11],[9,16],[39,12],[17,23],[25,8],[29,59],[-8,21],[19,76],[-35,33],[4,12],[-16,22],[13,9],[-9,22],[36,65],[-21,49],[-110,19],[-15,11],[30,53],[-5,63],[9,41],[59,15],[44,61],[-5,31],[19,22],[5,57],[56,22],[-2,32],[20,11],[33,-24],[41,-3],[62,24],[-14,53],[45,37],[-27,50],[27,6],[4,11],[33,13],[14,22],[44,3],[16,24],[-43,27],[-100,4],[-35,34],[-36,1],[-24,20],[-17,1],[-64,66],[-74,3],[-32,9],[-14,19],[-37,8],[-43,-13],[-59,13],[-78,-5],[33,57],[-33,25],[23,32],[31,17],[69,67],[149,76]],[[55163,85482],[93,34],[76,1],[80,28],[119,-12],[40,4],[35,15],[91,-4],[77,30],[6,15],[30,15],[18,6],[41,-10],[102,55],[73,3],[12,-7]],[[56056,85655],[90,7],[18,-13],[21,9],[42,-10],[175,12],[108,-10],[48,10],[59,-42],[42,8],[29,-19],[51,13],[34,-11],[48,15],[63,-5],[48,14],[41,-25],[42,1],[88,-70],[51,20],[37,33],[27,-1],[37,40],[44,-34],[24,4],[18,-53],[85,-18],[2,-16],[-16,-13],[14,-42],[16,-17],[30,2],[17,-12],[-3,-22],[25,-60],[-15,-3],[-10,-18],[29,-24],[-2,-32],[-28,-18],[-22,-62],[16,-18],[2,-21],[31,-16],[-3,-26],[-55,-74],[-20,-2],[-8,-21],[-23,-3],[-1,-28],[-19,-7],[7,-14],[-35,-19],[8,-37],[-26,-47],[45,4],[9,18],[15,-5],[23,16],[108,-4],[29,23],[21,-2],[11,26],[16,4],[21,-11],[28,-37],[15,-4],[39,13],[44,-17],[18,-85],[34,-47],[26,9],[53,-9],[47,16],[53,2],[24,12],[24,-5],[79,23],[36,-2],[-22,-17],[21,-50],[77,-70],[83,-42],[46,-13],[31,3],[25,-14],[81,-14],[39,-48],[-3,-27],[34,-25],[-13,-48],[44,-27],[2,-22],[28,-26],[34,-56]],[[58662,84302],[-9,-23],[-16,-1],[3,-12],[-22,-40],[13,-13],[-16,-24],[30,-26],[-14,-23],[14,-21],[-1,-27],[-11,-22],[-17,5],[1,-33],[-21,-20],[-14,2],[7,-11],[-47,1],[-11,-40],[20,-62],[23,-6],[-17,-11],[2,-8],[-12,4],[-6,-22],[10,-11],[-18,-2],[1,-13],[-12,7],[-17,-25],[5,-13],[-18,-15],[-21,11],[-8,-10],[-12,6],[-16,-6],[10,-5],[-20,-29],[-14,4],[-11,-15],[-15,3],[-8,-16],[7,-11],[-19,2],[-6,-11],[-11,19],[-18,0],[-8,18],[-18,-12],[-15,3],[6,-17],[-19,-16],[12,-19],[-15,-10],[1,-32],[-26,-1],[-1,-26],[-40,-6],[13,-20],[24,2],[-5,-31],[-29,1],[-23,-15],[-24,4],[-7,-34],[-30,3],[6,-24],[-27,22],[-25,1],[2,-25],[27,-18],[-74,-18],[3,-25],[23,-4],[2,-19],[-19,-5],[-15,11],[-20,-39],[-20,-3],[12,-10],[-3,-26],[16,-20],[17,24],[8,-9],[19,15],[20,0],[28,-26],[11,1],[-3,-12],[60,-16],[-2,-16],[17,-6],[-7,-9],[19,-4],[-5,-12],[34,-16],[-1,-10],[8,5],[19,-21],[-19,-78],[10,-19],[-1,-41],[-14,-31],[-1,-39],[11,-12],[14,-7],[50,2],[31,13],[20,-2],[29,28],[40,4],[6,25],[24,-1],[23,21],[66,17],[10,17],[91,43],[23,0],[19,-13],[51,0],[41,-36],[94,-22],[19,-20],[62,-23],[10,-14],[88,44],[33,-5],[25,7],[20,-8],[-1,-12],[20,-22],[21,6],[23,-11],[31,5],[40,-20],[47,-2],[35,16],[32,-1],[26,35],[18,8],[85,13],[18,24],[41,16],[43,39],[47,-3],[60,31],[60,13],[109,0],[8,11]],[[59894,83213],[29,-30],[10,-27],[-13,-31],[5,-36],[13,-16],[-6,-14],[-24,-10],[-8,-45],[83,-29],[-1,-47],[13,-8],[-45,-56],[-7,-52],[7,-10],[-44,-3],[-14,-12],[-37,-44],[-10,-51],[11,-42],[11,-8],[-12,-70],[20,-29],[50,-40],[-29,-50],[2,-61],[-16,-3],[-24,-28],[16,-41],[-16,-21],[-7,-37],[4,-39],[19,-17],[2,-36],[18,-23],[-17,-31],[8,-63],[-7,-18],[40,-60],[-17,-53],[-65,-20],[-1,-52],[15,-40],[-9,-19],[2,-56],[-60,-83],[-20,-80],[6,-13],[-20,-38],[72,-145],[-15,-15],[-21,7],[-35,-15],[-18,-38],[-8,-54],[-47,-26],[-2,-21],[-15,-11],[-32,4],[-32,-64],[-27,-6],[-17,-24],[-25,-1],[-1,-48],[-27,-24],[31,-43],[-4,-32],[11,-15],[3,-60],[-70,-53],[14,-59],[-38,-62],[-24,-1],[-36,-18],[-1,-26],[-36,-44],[-2,-18],[-18,-12],[6,-44],[20,-22],[-3,-27],[-39,-17],[-17,-80],[-37,-32],[0,-26],[-33,-49],[33,-18],[7,-22],[37,10],[43,-7],[-31,-20],[17,-32],[-16,-11],[1,-14],[-20,-23],[36,-35],[32,-8],[10,-11],[-7,-15],[-80,-27],[-20,-30],[13,-13],[50,-7],[25,-19],[54,-8],[6,-75],[35,0],[50,-25],[57,-7],[27,-26],[17,3],[1,-12],[-14,-32],[-36,-11],[6,-23],[-24,-5],[-18,-18],[4,-20],[-12,-17],[-18,3],[-12,-17],[-27,-3],[-28,-26],[-31,-57],[-39,-32],[-30,-4],[-21,-16],[-21,-41],[-23,-19],[-2,-21],[-20,-23],[-37,-82],[19,-13],[-33,-43],[5,-32],[-10,-26],[-36,-34],[-21,5],[-19,-11],[-21,-23],[3,-17],[-59,-51],[4,-22],[-26,-4],[-17,-18],[2,-26],[-14,-29],[-28,-7],[-34,-37],[-5,-26],[-43,-26],[-20,-31],[-20,-81],[-21,-24],[21,-50],[-17,-4],[-15,-39],[-50,-62]],[[49744,45247],[-7,26],[11,23],[20,-1],[21,-18],[28,13],[0,46],[-46,52],[115,45],[2,33],[55,23],[34,-10],[36,56],[40,23],[-9,41],[33,4],[42,28],[29,-14],[9,4],[9,61],[42,0],[22,28],[54,-17],[9,-48],[69,20],[56,-6],[13,7],[16,73],[-33,39],[-54,9],[20,62],[-54,77],[-34,91],[46,43],[40,-31],[46,2],[105,97],[28,40],[26,96],[60,26],[60,-6],[0,43],[-25,73],[18,7],[43,-10],[50,42],[43,104],[31,27],[-4,19],[25,67],[80,79],[5,21],[147,31],[13,-15],[66,-29],[55,53],[33,-14],[72,13],[40,-26],[7,-39],[18,-9]],[[51420,46721],[89,-25],[27,8],[37,-10],[32,7],[-13,33],[10,11],[163,23],[4,30],[21,10],[22,34],[37,18],[17,26],[25,8],[21,34],[-7,16],[57,77],[45,21],[14,-33],[44,34],[55,21],[11,-18],[74,-7],[17,37],[-33,27],[9,58],[21,12],[18,-1],[13,30],[16,9],[12,45],[26,4],[27,-12],[70,68],[20,-6],[14,-32],[62,-1],[61,37],[21,0],[42,-48],[-3,-42],[48,-16],[10,15],[36,12],[29,23],[34,77],[39,30],[3,54],[33,13],[14,60],[29,46]],[[48374,38956],[15,13],[33,102],[48,50],[-28,45],[-34,0],[-11,21],[-68,33],[-62,3],[-6,23],[17,41],[-11,9],[-51,21],[-35,-4],[-61,9],[-3,43],[39,28],[12,33],[24,19],[-19,80],[34,29],[48,68],[-65,12],[-110,0],[0,71],[-8,19],[-14,5],[-15,38],[-31,23],[-28,104],[6,12],[-57,-2],[0,9],[-11,0],[11,45],[-17,31],[12,30],[-40,45],[21,25],[44,23],[3,11],[-23,64],[6,12],[-27,30],[10,55],[-45,45],[3,57],[-130,28],[-43,-14],[-22,5],[-46,-7],[-36,-22],[-76,-18],[-6,-34],[-71,19],[-90,-28],[-37,9],[-45,-28],[-40,0],[-48,38],[-28,38],[3,30],[-23,62],[6,14],[-62,17],[-3,19],[-23,18],[32,69],[-9,17],[-65,52],[-39,-31],[-23,-7],[-4,-11],[-36,-8],[-17,-26],[-45,-5],[-34,-19],[-17,-16],[-8,-33],[-27,-13],[-58,46],[-42,-19],[-34,14],[-17,-5],[-82,10],[-48,-10],[-11,-16],[-96,-41],[-40,-70],[-34,-5],[-5,-19],[-12,0],[-21,-27],[-49,46],[-17,66],[-14,12],[-40,5],[-22,20],[-12,-2]],[[46114,40506],[42,23],[10,26],[99,76],[15,41],[32,41],[11,36],[-16,26],[26,33],[46,23],[35,-12],[23,3],[19,36],[59,-12],[35,24],[21,42],[-16,19],[36,52],[42,7],[30,-10],[19,10],[35,71],[85,103],[1,18],[24,20],[15,31],[38,13],[8,20],[-6,24],[28,30],[37,10],[43,-5],[28,17],[56,-4],[27,24],[-17,75],[70,47],[39,47],[59,40],[-3,29],[11,16],[48,4],[56,25],[1,70],[82,58],[65,29],[16,24],[-6,33],[23,32],[-3,22],[66,71],[111,18],[78,49],[80,26],[44,119],[2,26],[-15,33],[11,17],[2,44],[61,67],[8,41],[48,47],[14,33],[28,16],[10,28],[35,19],[8,33],[62,34],[68,18],[-21,39],[-22,7],[-23,23],[65,120],[-9,54],[-62,83],[-2,33],[-27,17],[-2,20],[-56,62],[41,26],[67,18],[12,12],[-24,44],[11,40],[101,74],[24,45],[-55,30],[-9,38],[-17,19],[-2,14],[14,11],[26,69],[-24,77],[-102,51],[0,16],[63,66],[9,22],[33,23],[54,61],[22,33],[5,37],[69,40],[15,36],[44,13],[12,-5],[11,-30],[61,10],[25,-21],[31,24],[89,117],[88,76],[84,100],[6,13],[-24,18],[1,31],[29,52],[62,19],[-8,41],[18,75],[32,92],[34,49],[77,45],[62,76],[19,2],[11,-20],[24,-7],[61,4],[30,19],[62,138],[55,9],[37,32],[-5,48],[21,9],[78,-2],[41,76],[35,11],[-9,35],[-14,10],[5,52]],[[49622,45223],[18,1],[44,-22],[32,1],[28,44]],[[49744,45247],[71,-17],[29,-24],[12,-36],[55,-27],[-6,-36],[15,2],[2,-30],[12,11],[30,-2],[33,13],[26,-11],[28,5],[40,-26],[75,15],[34,21],[161,-3],[51,11],[28,-27],[70,41],[21,1],[146,100],[103,45],[64,58],[9,16],[2,78],[-15,14],[-4,24],[11,20],[-23,13],[-14,33],[47,67],[107,-6],[14,-7],[2,-26],[88,-14],[5,-43],[29,-26],[39,-60],[146,62],[71,-1],[15,9],[60,-8],[65,-51],[24,-3],[44,-28],[126,10],[25,32],[108,8],[49,-58],[26,-62],[61,0],[14,-19],[57,-16],[48,-46],[45,-19],[-12,-69],[44,-64],[-24,-54],[-1,-27],[108,-119],[-5,-16],[-46,-37],[-7,-31],[46,-47],[30,-50],[7,-40],[-8,-22],[19,-33],[-30,-51],[13,-37],[77,16],[30,-46],[38,-4],[18,-14],[15,-56],[28,-26],[17,-34],[112,-35],[20,-55],[28,-23],[7,6],[18,-9],[4,-20],[18,-17],[30,-10],[0,-17],[32,-33],[-7,-31],[19,-21],[-10,-6],[6,-13],[-8,3],[-11,-21],[3,-19],[-12,7],[-8,-18],[26,-34],[18,3],[-9,6],[3,14],[18,3],[42,-14],[-2,21],[12,8],[-7,13],[16,4],[28,-11],[-11,-4],[11,-10],[-9,-5],[49,-10],[18,-25],[14,17],[29,-14],[22,1],[15,-13],[92,-19],[58,-23],[54,-36],[132,4],[44,-10],[29,8],[73,-5],[58,-16],[35,3],[10,-11],[21,-2],[22,10],[15,-6],[29,6],[15,-14],[30,6],[8,-8],[51,5],[41,31],[30,-7],[34,23],[33,-8],[38,20],[24,-6],[5,11],[58,25],[9,-12],[32,12],[69,-8],[21,28],[4,66],[-24,47],[26,173],[-18,23],[6,67],[-18,66],[8,43],[-5,63]],[[97528,38207],[87,-23],[54,-81],[73,-42],[33,-56],[60,-36],[15,-23],[5,-54],[33,-44],[57,-16],[43,-35],[33,-14],[80,4],[38,-11],[44,-49],[90,-63],[120,-57],[45,-46],[15,-57],[66,-79],[108,-99],[7,-48],[-39,-43],[-33,-58],[-114,-75],[-26,-39],[-7,-51],[26,-33],[4,-41],[-13,-68],[-31,-28],[-10,-54],[132,-176],[4,-56],[44,-91],[11,-68],[21,-44],[105,-151],[64,-60],[29,-43],[52,-36],[42,-5],[133,65],[43,0],[42,-14],[51,-87],[16,-68],[-2,-76],[46,-115],[14,-120],[-62,-93],[-13,-36],[-44,-47],[-10,-90],[-33,-53],[-14,-110],[62,-11],[46,-51],[24,-43],[81,-40],[50,-61],[52,-8],[45,-47],[-2,-18],[33,-40],[32,-70],[14,-86],[79,-189],[78,-81],[-15,-207],[35,-138],[21,-30],[55,-44],[46,-73],[10,-102],[70,-76],[46,-111],[24,-30],[19,-68],[28,-22],[-7,-31],[11,-58],[-28,-15],[-53,-8],[-20,12],[-73,9],[-6,-12],[-31,-15],[-118,-34],[-75,2],[-39,-14],[-62,11],[-110,-56],[-99,-21],[-40,-71],[-35,-16],[-30,0],[-34,-25],[-61,-10],[-17,-18],[-38,-16],[-29,-39],[-46,-16],[-29,-27],[10,58],[18,18],[-13,15],[8,12],[-7,38],[29,-3],[18,19],[-8,35],[19,34],[-31,66],[24,33],[-32,25],[2,38],[20,21],[-2,15],[-16,11],[48,19],[9,21],[-24,34],[-16,0],[-34,23],[-23,52],[19,23],[-13,27],[-24,5],[9,12],[-20,16],[-10,55],[67,-2],[0,82],[-20,0],[9,25],[-35,26],[1,13],[23,37],[56,32],[44,44],[-26,30],[-30,9],[13,67],[-18,19],[-11,-19],[-30,17],[-28,-13],[-23,27],[-16,-21],[-28,-8],[-20,9],[-24,22],[17,27],[-13,28],[18,14],[26,-1],[22,-28],[8,30],[0,14],[-35,43],[2,24],[-14,-11],[-28,26],[-45,-6],[-28,39],[11,28],[-17,19],[-19,5],[-32,-15],[-48,44],[-66,0],[-5,39],[-61,5],[-28,70],[21,9],[-19,41],[1,14],[22,20],[-46,38],[1,23],[11,0],[7,24],[-24,5],[-20,60],[14,18],[-20,16],[-26,-8],[-17,-24],[-80,-9],[-14,0],[-8,34],[-25,-12],[-15,7],[-79,-5],[-27,-12],[-83,60],[1,-42],[-12,-26],[-38,-9],[-7,-24],[-70,-30],[-62,2],[1,29],[-15,-1],[-25,48],[-17,11],[15,12],[-16,6],[-11,39],[-22,12],[-18,35],[1,25],[-24,-1],[-17,15],[-17,44],[26,20],[-39,38],[2,37],[-29,39],[-4,37],[-47,6],[-7,13],[-36,14],[-10,72],[7,32],[18,13],[0,19],[-18,10],[1,10],[34,38],[7,43],[-20,8],[-31,-17],[-35,22],[-28,71],[27,15],[0,13],[-26,19],[15,18],[-1,15],[18,4],[11,34],[18,19],[-6,59],[23,30],[34,20],[-23,6],[-13,20],[-46,-14],[-12,32],[-20,11],[7,16],[-9,21],[14,11],[0,46],[-12,26],[14,11],[26,-11],[13,11],[18,-8],[-11,27],[9,46],[34,5],[12,6],[-1,14],[23,6],[-1,16],[30,16],[0,25],[30,12],[15,46],[-23,13],[0,44],[-24,19],[-23,-1],[-90,40],[-24,-22],[-21,7],[-28,-8],[-6,44],[25,22],[-19,33],[-39,6],[-27,21],[29,25],[-10,15],[18,15],[8,27],[-26,16],[0,32],[-52,26],[-31,0],[-31,14],[-62,54],[-7,-20],[-26,24],[-10,-1],[-12,-21],[-42,-22],[-18,0],[-25,23],[-16,-29],[8,-13],[-12,-9],[-6,-49],[-28,-14],[-14,-37],[25,-21],[26,-5],[9,-28],[-22,-1],[-18,16],[-28,-15],[-29,19],[-51,-1],[-29,25],[-22,-12],[17,-27],[-1,-35],[-27,-33],[10,-23],[-24,-24],[-6,-30],[-87,11],[-3,-13],[-94,-12],[-48,-42],[-41,29],[-136,1],[-18,-20],[-22,9],[-31,-35],[-58,18],[-9,-31],[-26,-17],[-38,16],[-71,-24],[-36,11],[-15,33],[-42,10],[-15,19],[-31,-5],[-10,10],[-47,-43],[-5,-63],[-24,-18],[1,-25],[-14,-5],[8,-43],[10,-8],[-20,-8],[-1,-22],[45,-37],[-12,-22],[10,-26],[42,-18],[-30,-54],[-41,-17],[-9,-14],[1,-33],[-12,-5],[1,-18],[-22,-20],[-46,9],[38,-45],[-14,-22],[-30,0],[-7,-67],[-18,-23],[1,-30],[-39,-24],[-37,19],[-37,-33],[-43,19],[-21,-21],[26,-20],[-49,-14],[8,-33],[18,-21],[-60,-40],[-6,-39],[-34,-4],[-13,-24],[-27,-5],[-6,-26],[-64,-37],[-33,24],[-7,20],[-27,-1],[-61,63],[55,21],[14,19],[4,68],[-24,96],[61,87],[-25,17],[6,17],[-11,73],[14,10],[1,21],[22,8],[3,13],[-27,19],[16,4],[-2,17],[38,34],[-1,65],[46,83],[-6,34],[16,8],[4,29],[40,15],[15,51],[-9,16],[19,25],[-9,16],[-36,19],[16,56],[-8,38],[26,48],[56,21],[30,22],[11,29],[39,43],[0,22],[13,6],[4,59],[-4,19],[-20,12],[19,30],[-9,21],[-24,36],[-40,29],[4,21],[-34,37],[-54,22],[-13,14],[-26,4],[-49,57],[-19,-8],[-11,14],[-48,17],[-45,-2],[-31,41],[-59,8],[-57,56],[-15,-5],[-3,16],[-22,20],[4,30],[29,7],[-1,20],[-13,14],[7,25],[40,-16],[43,34],[-6,38],[42,-11],[-2,19],[25,21],[-8,12],[-29,-6],[-13,6],[3,27],[27,-12],[34,20],[-13,17],[16,13],[-9,23],[17,25],[-16,35],[8,82],[-25,4],[-20,20],[28,15],[-5,34],[30,24],[34,1],[3,32],[24,17],[6,24],[34,5],[17,17],[-37,17],[25,26],[-42,4],[7,27],[-22,21],[10,61],[-25,105],[40,13],[17,19],[33,4],[42,19],[10,-6],[-29,-31],[21,-1],[17,23],[22,-12],[12,-27],[78,66],[15,-3],[-2,-30],[16,-7],[9,0],[3,20],[19,18],[34,-4],[47,-57],[84,-36],[42,-8],[16,-18],[49,8],[15,-13],[69,-22],[64,-42],[18,-22],[30,-2],[16,13],[6,23],[51,27],[49,127],[37,-8],[60,12],[55,35],[34,-1],[57,-6],[44,-37],[65,-27],[82,-8],[26,16],[41,4],[157,92],[79,3],[55,26],[59,3],[36,17],[41,-7],[9,23],[43,21],[23,-4],[22,13],[40,-4],[6,13],[57,7],[8,12],[38,11],[58,0]],[[95099,46949],[29,-31],[23,-78],[13,-85],[4,-192],[18,-83],[26,-56],[-9,-45],[5,-68],[45,-48],[11,-46],[14,-17],[33,-4],[91,-86],[17,-67],[69,-93],[38,-114],[3,-81],[-13,-42],[7,-68],[55,-102],[17,-66],[79,-43],[63,-118],[45,-29],[85,-5],[259,34],[55,-12],[51,8],[106,97],[39,9],[20,0],[101,-44],[106,-157],[-3,-91],[46,-108],[54,-54],[36,-59],[16,-10],[73,-6],[33,-31],[-4,-46],[-24,-32],[-6,-44],[12,-17],[76,-30],[8,-20],[-44,-166],[-24,-14],[33,-149],[73,-41],[13,-17],[4,-72],[127,-133],[30,-122],[1,-91],[40,-121],[47,-48],[92,-7],[76,-19],[89,-52],[87,-21],[32,-17],[34,-54],[28,-90],[75,-103],[12,-38],[28,-36],[11,-110],[-93,-63],[-7,-14],[8,-28],[-56,-84],[-22,-57],[-105,-86],[-9,-22],[-23,-19],[-86,-40],[-40,-7],[-43,-48],[3,-62],[-21,-95],[24,-76],[-3,-18],[-364,0],[-553,-418],[-30,0],[-14,-17],[-13,-1],[-131,45],[-13,-12],[-6,-29],[-18,9],[-20,-15],[-19,4],[-13,-11],[-2,-18],[-29,-25],[17,-11],[-1,-19],[-11,7],[-13,-8],[-25,12],[-17,-4],[-7,21],[14,5],[-4,15],[-42,-3],[-7,-8],[16,-11],[-28,-13],[9,-22],[-17,-20],[-61,-2],[-53,-26],[-5,-12],[-15,3],[-21,30],[-22,-2],[-2,13],[-45,-6],[-22,10],[-10,-20],[-26,0],[-47,-26],[-27,17],[-32,-33],[-19,7],[-13,-16],[-60,-8],[-37,-45],[-42,-6],[-13,8],[4,14],[-15,5],[-27,-15],[4,-14],[-21,-3],[-6,-17],[-24,27],[0,25],[-16,-13],[-27,4],[9,-17],[-75,10],[-43,-11],[-31,12],[-41,-18],[-33,-49],[-36,-5],[-14,15],[-36,-25],[-18,10],[-21,-5],[3,-18],[-45,-13],[-9,6],[7,26],[-14,8],[8,12],[-45,-6],[-15,19],[11,11],[-20,8],[-17,31],[-18,-7],[-1,18],[-45,-1],[-36,-20],[-4,-16],[-41,3],[-13,34],[25,31],[24,4],[-8,28],[-15,9],[-32,-2],[-30,-18],[-43,-45],[-47,-72],[-50,-43],[-37,12],[-79,3],[-25,25],[10,29],[-15,19],[-29,5],[-3,-11],[-11,-1],[-55,46],[-52,16],[-76,-7],[-13,-23],[-16,1],[1,-10],[-45,25],[-25,-2],[-5,-8],[-19,7],[-20,-14],[-18,8],[-15,-18],[-23,9],[-17,-9],[-4,-25],[-22,-10],[-4,9],[-23,-6],[0,-10],[-56,-25],[-30,-40],[-36,-19],[-6,-16],[-33,-16],[-11,-18],[-29,-6],[-10,10],[-28,-4],[-22,8],[-13,-12],[-24,0],[-43,24],[-23,-5],[2,13],[-18,7],[-33,-44],[-67,-22],[-15,13],[-45,-10],[-47,-60],[-34,-13],[-6,-28],[-58,-27],[-6,-33],[-35,-22],[-13,-44],[-41,-17],[-121,4],[-61,25],[-106,114],[-32,14],[-128,8],[-17,11],[-52,2],[-29,11],[-32,-15],[-39,14],[-50,-33],[-55,28],[-40,0],[-42,-14],[-59,11],[-42,-8],[-55,14],[-62,-2],[-32,-23],[-36,0],[-4,-10],[15,-32],[30,-19],[10,-26],[32,-22],[-4,-31],[-25,-50],[30,-101],[-12,-29],[9,-22],[-107,-133],[-4,-55],[17,-28],[-136,-1],[-124,16],[-794,166],[-36,14],[-26,35],[-77,20],[-34,32],[-17,-21],[-15,17],[-11,-18],[19,-14],[-17,0],[-10,-13],[-86,-31],[16,-10],[-29,-32],[0,-12],[-17,-10],[9,-30],[-17,-13],[-51,0],[-83,-57],[-11,-20],[16,-36],[-24,2],[-21,26],[-21,5],[-33,-23],[9,-11],[27,-5],[2,-10],[-39,-7],[-36,25],[-43,-25],[-16,20],[5,18],[-25,9],[-8,-11],[9,-25],[-42,-17],[-35,-35],[-22,10],[-46,-10],[-12,28],[-10,1],[4,-53],[-32,-20],[-20,21],[-22,-2],[9,-36],[-16,-13],[-10,3],[1,14],[-11,-5],[-4,-45],[-23,-10],[-31,13],[1,-17],[-25,-1],[-2,-20],[-38,2],[-8,-7],[-6,-21],[41,-59],[-3,-8],[-28,-5],[-46,-42],[-28,8],[-39,-19],[-18,7],[-23,-54],[-64,-45],[-5,-22],[-14,12],[-39,-13],[-17,17],[-17,-12],[-7,-23],[-13,13],[-2,-19],[-48,0],[3,-10],[-32,-14],[-4,-16],[-7,6],[-29,-9],[-11,-18],[-65,7],[-31,-18],[-42,11],[-17,-12],[-16,14],[-1,-12],[-16,-3],[-4,-23],[13,-16],[-22,-46],[-87,-37],[-60,-38],[-21,-24],[-41,17],[-12,-15],[-36,-9],[-40,6],[-10,-5],[0,-25],[-41,-6],[-12,-11],[-83,16],[-26,-12],[-28,7],[-37,-20],[-37,4],[-13,-23],[3,-7],[16,2],[-7,-31],[-14,9],[-2,-12],[-15,-3],[12,-3],[-2,-21],[-9,-3],[3,9],[-12,4],[-4,-10],[-21,7],[7,-23],[-21,-12],[4,-9],[-39,-6],[3,-18],[-13,-11],[-32,1],[10,-10],[-16,-20],[-15,17],[-13,1],[-13,-25],[20,-20],[-41,-12],[0,-20],[-71,8],[-20,-28],[-12,20],[-15,-8],[-21,3],[-3,9],[-17,-2],[-1,-8],[-11,7],[4,-12],[-17,2],[4,-8],[-11,0],[-10,-25],[-13,-5],[-26,-6],[0,11],[-33,-1],[4,-8],[-12,-1],[0,-11],[-23,-18],[-55,-4],[-15,9],[-26,-41],[-10,4],[-3,-9],[-13,-1],[-3,-14],[18,-10],[-3,-24],[-16,-4],[1,-15],[-18,6],[0,-10],[-10,1],[-3,-22],[17,-10],[-1,-10],[-48,-14],[-4,-23],[-30,9],[2,-11],[-27,8],[-24,-7],[-10,8],[-46,-55],[-49,-7],[10,14],[-8,9],[-17,-24],[-56,-30],[-13,7],[-12,-6],[-21,19],[-19,-34],[-6,8],[-8,-11],[-19,3],[-14,-13],[-4,-41],[-18,-4],[-7,7],[-7,-11],[-6,8],[-15,-12],[8,-8],[-7,-13],[-22,9],[2,-7],[-12,-3],[7,-6],[-11,-1],[-11,-19],[-13,0],[-3,-13],[-5,10],[-2,-13],[-22,3],[0,10],[-20,7],[-33,-8],[5,-14],[-11,5],[-46,-17],[-10,-21],[-28,-3],[-2,-14],[-13,3],[-9,-16],[-18,3],[-9,-13],[-35,9],[-19,-21],[-14,2],[11,-14],[-24,-13],[6,-12],[-38,8],[-8,-8],[-51,4],[-17,-17],[-19,2],[-6,10],[-37,-52],[-24,-4],[9,-17],[-22,-9],[-14,5],[0,-12],[-16,-3],[7,-17],[-28,-15],[-3,-14],[-22,-16],[-21,0],[7,-11],[-8,-21],[-26,-1],[-5,-17],[-37,-19],[-65,-10],[-70,-31],[-115,-19],[-49,-34],[-107,24],[-57,-15],[-58,-57],[-5,-20],[-46,-37],[-8,-20],[-17,-7],[-7,-24],[-15,-8],[-23,-38],[-80,31],[-30,-4],[-31,-23],[-16,0],[-31,20],[-76,-4],[-30,21],[-78,2],[-22,-13],[-44,19],[-26,1],[-26,-34],[-46,-17],[-37,-46],[-14,-4],[1,-28],[14,-17],[-16,-63],[5,-34],[-47,-50],[-9,-38],[-28,-13],[47,-85],[-8,-66],[-20,-16],[-35,5],[-51,-18],[-44,-47],[-26,-50],[-51,7],[4,-38],[37,-42],[-7,-66],[-35,-114],[-11,-11],[-37,3],[-2,-19],[17,-18],[-35,-5],[-11,-14],[68,-49],[10,-26],[-32,-9],[-17,-25],[23,-36],[12,-44],[23,-23],[-17,-21],[-11,-52],[-21,-6],[-14,-16],[-18,-59],[-3,-24],[29,-37],[-37,-5],[-16,-14],[-26,0],[5,20],[-1142,2313],[2,13],[-16,-5],[-10,14],[6,19],[-18,1],[11,8],[-15,14],[4,10],[16,4],[-1,14],[11,8],[-14,-2],[3,31],[13,0],[-4,21],[17,13],[-12,7],[-1,43],[-26,22],[2,14],[-14,15],[-34,12],[-23,23],[-36,8],[-15,30],[-92,49],[-33,63],[-65,11],[-22,15],[-24,54],[-62,35],[-17,34],[-50,11],[-31,17],[-22,-2],[-14,13],[-36,-1],[-44,30],[-21,-2],[-27,11],[-20,-7],[-29,11],[-79,-26],[-25,-34],[-55,8],[-50,22],[-49,-12],[-25,6],[-10,-9],[-46,12],[-5,-17],[-72,-69],[-6,-19],[-23,-8],[-12,-18],[-44,-2],[-42,25],[-42,-2],[-55,-17],[-25,-19],[-30,4],[-7,-20],[-36,-16],[-48,-3],[-65,33],[-95,0],[-27,-13],[-33,9],[-21,22],[-57,3],[-19,-9],[-67,19],[-44,-3],[-42,28],[-30,6],[-44,-11],[-66,-34],[-46,9],[-28,-7],[-25,11],[-46,-4],[-24,-16],[-33,9],[-65,-7],[-26,-22],[-32,-50],[-56,13],[-47,-15],[-13,-19],[-22,-7],[-135,-202],[-68,-48],[1,-85],[39,-27],[29,5],[67,-46],[18,-33],[-10,-24],[-18,0],[8,-28],[32,-41],[24,0],[6,-8],[-21,-64],[37,-18],[6,-18],[23,-12],[-8,-12],[-14,4],[-2,-16],[-20,-8],[-33,24],[5,-26],[-18,-11],[-18,3],[-1,-12],[-30,9],[2,12],[-70,-25],[-8,18],[-34,-31],[-23,5],[-41,-19],[-50,16],[-65,-12],[-38,14],[-1,10],[-20,-6],[3,12],[-28,1],[4,-10],[-23,-14],[7,-13],[-7,-5],[-22,4],[10,14],[-19,4],[-18,-9],[-16,15],[-5,-9],[-15,2],[-8,-15],[-73,-17],[-1,-14],[-23,8],[-47,-22],[-15,5],[-7,-10],[-5,9],[0,-14],[-28,20],[-21,-3],[3,-9],[-19,-13],[-23,-2],[-13,-23],[-15,-6],[-8,8],[-11,-23],[-13,12],[-10,-4],[-6,18],[-6,-7],[-13,10],[-10,-3],[1,11],[-42,-8],[-19,23],[-14,-13],[-7,11],[-3,-10],[-17,4],[-7,-23],[-35,-1],[-12,-24],[-27,9],[1,14],[-64,-21],[-36,8],[-18,17],[-13,-20],[-35,-1],[-10,26],[-12,-4],[3,14],[-11,-12],[-53,-1],[-33,18],[-28,0],[8,15],[-21,9],[-32,-16],[-20,12],[-62,-64],[-43,-1],[-8,7],[-61,-19],[-1,17],[-17,-25],[-4,6],[-11,-11],[-24,6],[-1,-899],[-13,6],[-28,-16],[-7,8],[-24,-7],[-9,11],[-25,-1],[-18,15],[-3,19],[-42,-13],[-22,8],[-22,-13],[-17,19],[-18,-5],[-42,9],[4,-24],[-35,-6],[-5,-9],[-26,-5],[-14,11],[-45,-14],[-3,9],[-21,-17],[-9,10],[-13,-23],[-20,18],[-31,-14],[7,18],[-8,2],[-28,-20],[0,-11],[-20,-8],[-33,5],[-6,10],[-41,-35],[-14,4],[8,11],[-14,-2],[0,-22],[-10,-8],[-16,14],[-13,-13],[-64,1],[4,11],[-35,12],[-18,-8],[1,12],[-24,5],[-31,-12],[-2,9],[-13,-5],[-4,11],[-9,-5],[-13,8],[-1,14],[-33,10],[-10,23],[-41,8],[0,26],[-21,9],[-2,26],[-17,16],[-2,18],[-22,12],[-23,33],[-53,21],[-74,14],[-44,30],[-86,5],[-83,45],[-76,23],[-53,35],[-73,26],[-51,-8],[-80,-36],[-3,-19],[-24,-10],[-13,-28],[-42,-12],[-30,-22],[-70,8],[-65,-33],[-101,-10],[-21,-11],[-34,47],[-94,29],[-56,39],[-69,11],[-34,41],[-70,42],[-56,4],[-92,36],[-16,60],[-41,36],[-71,31],[-22,49],[-6,61],[-84,63],[-44,67],[-4,-944],[-25,-22],[-15,-54],[-17,-8],[14,-7],[-1,-41],[35,-11],[-16,-4],[12,-17],[-12,-19],[62,-34],[-16,-5],[-38,12],[-32,-25],[-39,31],[-44,-4],[-10,17],[-31,6],[-11,18],[-74,-17],[-51,-24],[-47,11],[-43,-4],[-38,14],[-41,-3],[-36,28],[-2,77],[-13,21],[-29,19],[-113,41],[-32,29],[-43,5],[-15,24],[-19,-11],[-27,14],[-42,-3],[-24,12],[-39,-5],[-17,19],[-36,-7],[-23,31],[-69,28],[-43,-16],[-39,-1],[-19,33],[5,14],[-19,17],[10,28],[-35,29],[116,-462],[-18,-21],[3,-26],[-18,-31],[-47,-8],[-3,-29],[14,-35],[-48,-52],[18,-26],[-4,-28],[-63,-43],[-6,-37],[-24,-33],[-1,-43],[15,-36],[-13,-19],[5,-30],[-25,-26],[-55,-26],[-7,-22],[-51,-41],[-4,-33],[21,-2],[-17,-9],[10,-5],[-6,-7]],[[79204,23165],[-31,-8],[-12,-39],[-38,-34],[-7,-18],[40,-40],[3,-36],[37,-65],[20,-12],[18,10],[19,-32],[74,-16],[3,-13],[44,-37],[87,-35],[97,-57],[42,-52],[5,-52],[23,-17],[36,-3],[17,-12],[24,-35],[2,-27],[57,-62],[25,-14],[12,5],[7,-21],[80,-27],[-4,-29],[43,-57],[19,-4],[29,9],[17,-7],[-7,-35],[10,-25],[19,-3],[-5,-16],[19,-19],[9,7],[-2,-17],[11,-4],[-8,-14],[33,-5],[23,-46],[45,-9],[17,-9],[-3,-12],[30,-6],[-3,-10],[37,-12],[8,-11],[25,-5],[-1,9],[14,-5],[-1,-8],[29,-1],[15,-14],[14,8],[-9,8],[13,4],[-1,15],[13,-8],[16,17],[16,-3],[-4,-11],[15,-7],[23,2],[10,-10],[39,-6],[21,8],[11,-6],[5,8],[14,-6],[6,8],[8,-15],[3,8],[26,-2],[1,10],[20,-10],[14,16],[29,-3],[15,-27],[24,4],[11,-9],[-1,-32],[16,-3],[-6,-9],[9,-16],[13,-2],[4,-27],[20,-22],[3,-24],[-8,-5],[8,-6],[-13,-23],[14,-6],[-1,-9],[20,14],[19,-7],[44,12],[20,-8],[15,6],[65,-50],[67,-15],[-13,-22],[25,-26],[31,-12],[12,10],[28,-17],[14,12],[-7,10],[18,2],[8,-8],[6,9],[6,-12],[-12,-9],[23,3],[-3,-19],[18,1],[29,-37],[10,-1],[-2,11],[15,-2],[27,-25],[11,7],[6,-13],[11,0],[-11,-31],[5,-4],[17,18],[-5,-20],[13,11],[-2,-19],[15,7],[-5,-32],[21,2],[2,-14],[12,16],[-1,-28],[20,17],[6,-14],[-14,-22],[22,-12],[-4,-20],[8,10],[7,-6],[7,-27],[39,1],[-1,-13],[25,-5],[-4,-15],[16,8],[5,-14],[-11,-8],[21,1],[-4,11],[13,10],[5,-31],[12,26],[-1,-37],[21,8],[15,-17],[14,7],[-4,11],[12,0],[-2,-18],[15,-19],[20,23],[10,-26],[14,8],[23,-3],[-2,16],[23,4],[-7,-26],[29,8],[-22,-18],[17,-3],[-6,-11],[18,20],[56,-29],[-16,-7],[3,-6],[33,15],[-10,-18],[19,-7],[1,-13],[25,18],[11,-13],[2,16],[4,-19],[19,2],[5,-8],[6,13],[19,-6],[-1,14],[10,-15],[-10,-6],[14,-13],[15,21],[6,-16],[21,-7],[-1,-10],[19,10],[-3,-19],[19,-3],[0,-11],[22,2],[14,-11],[12,3],[5,-15],[20,0],[-13,-13],[4,-26],[25,-4],[-23,-8],[15,-12],[0,-14],[11,12],[19,-9],[6,12],[11,-29],[15,14],[-3,12],[19,-18],[28,2],[-12,-14],[25,-5],[-8,-15],[15,15],[22,-4],[-10,15],[19,-6],[9,-16],[15,8],[-3,-16],[18,7],[1,11],[24,-14],[-21,-13],[31,-14],[-20,-4],[20,-15],[-18,-2],[7,-13],[-14,-3],[19,-21],[-14,4],[-8,-15],[-12,4],[6,-15],[-18,-4],[18,-13],[-20,-8],[22,-1],[-18,-26],[14,-14],[-14,-20],[21,-5],[1,-15],[14,1],[8,-15],[16,1],[0,12],[10,-3],[4,-10],[-15,-9],[20,1],[27,-17],[-32,-15],[11,-11],[24,8],[-10,-21],[18,-4],[-1,-12],[7,20],[10,1],[15,-20],[-28,-20],[28,3],[-3,-18],[10,-1],[-9,-25],[-24,-4],[13,-50],[-22,-15],[19,-5],[1,-8],[-40,-56],[-21,-3],[2,-32],[16,-6],[17,6],[6,-18],[20,0],[11,-17],[31,-3],[-13,-26],[33,-17],[20,-24],[-5,-10],[-20,-2],[0,-10],[33,-6],[26,26],[29,-19],[12,-24],[18,-1],[-30,-14],[11,-13],[-4,-10],[-23,5],[8,-15],[23,-16],[25,14],[38,-34],[-26,-35],[-30,2],[-20,-26],[8,-15],[-24,-2],[11,-12],[-2,-26],[-22,-16],[10,-8],[18,8],[0,-10],[-16,-6],[-41,11],[11,-35],[24,9],[5,-10],[-20,-17],[-1,-14],[-23,12],[-18,-6],[17,-54],[-42,-6],[-18,-29],[-25,12],[1,-16],[20,-10],[-8,-12],[-16,4],[-11,21],[-14,-3],[-1,-22],[26,-9],[-11,-13],[-37,-4],[4,-14],[23,5],[5,-7],[-28,-14],[15,-17],[-22,-21],[9,-25],[-30,19],[-18,-15],[8,-11],[29,-7],[-15,-32],[-22,-4],[-3,22],[-12,3],[-36,-11],[38,-29],[19,-2],[-3,-12],[-59,-5],[-14,-27],[-11,3],[-6,23],[-15,-7],[10,-27],[-14,-11],[3,-8],[17,-4],[28,10],[7,-8],[-64,-46],[8,-11],[17,1],[23,25],[23,-17],[-10,-20],[8,-26],[-30,-11],[8,-10],[20,1],[17,16],[14,-2],[6,-12],[12,2],[5,15],[11,-5],[-5,-16],[-23,-4],[4,-25],[-16,-14],[35,-12],[7,-18],[10,18],[10,0],[1,-23],[20,-8],[-18,-13],[1,-13],[17,-16],[16,14],[6,-13],[-10,-21],[-25,9],[1,-11],[9,-7],[38,4],[11,14],[22,-8],[25,13],[-3,-28],[17,-11],[-34,-5],[17,-27],[23,-4],[-1,-34],[29,10],[2,-11],[-16,-5],[20,-9],[12,26],[13,-1],[-5,-61],[42,1],[-6,28],[37,-13],[-3,-23],[45,-44],[-27,-46],[-33,-27],[-42,-6],[-1,-34],[20,-8],[16,-27],[22,-14],[50,14],[14,-41],[44,4],[-5,-30],[28,-28],[19,-1],[12,19],[14,-1],[5,-28],[16,-20],[10,9],[-5,36],[11,1],[16,-16],[-2,-32],[39,-9],[-5,-29],[-28,15],[-11,-13],[14,-11],[45,2],[-46,-22],[52,-39],[1,-10],[-19,-16],[24,-11],[-33,-18],[-22,10],[-9,-5],[29,-21],[43,-3],[-14,-19],[-50,10],[-33,-21],[8,-12],[31,6],[16,-19],[-18,-17],[0,-30],[5,-12],[34,-13],[-32,-18],[30,-13],[33,14],[9,-13],[-5,-27],[18,-6],[20,3],[8,27],[11,-2],[-2,-40],[19,-8],[-6,-21],[37,0],[44,-27],[-25,-19],[4,-10],[24,6],[15,24],[14,-1],[6,-16],[-10,-32],[16,3],[14,24],[13,1],[39,-24],[-2,-18],[28,-7],[6,-14],[31,6],[16,-43],[43,-12],[-17,-29],[4,-43],[-22,-6],[20,-34],[34,-4],[2,-32],[32,18],[22,-34],[13,-2],[73,37],[27,-44],[-10,-26],[8,-7],[20,5],[17,19],[30,-17],[29,28],[17,-7],[-5,-38],[-19,-11],[-18,0],[-32,21],[-21,-12],[-1,-18],[15,-10],[20,-4],[26,11],[20,-3],[2,-8],[-22,-14],[-19,3],[-26,-10],[-33,5],[-1,-13],[24,-15],[-10,-14],[-40,-8],[12,-29],[-17,0],[-23,35],[-15,-4],[17,-62],[37,-1],[17,-12],[18,4],[-15,-24],[12,-8],[23,35],[1,-47],[30,-18],[29,20],[11,-4],[-1,-13],[-28,-16],[-19,-37],[0,-32],[-33,1],[25,-32],[45,-8],[2,-7],[-25,-18],[-19,4],[-30,28],[-14,-6],[-1,-11],[-130,-7],[-71,-39],[-55,-89],[19,-97],[56,-91],[-8,-67],[-9,-20],[-40,-23],[-103,4],[-29,-16],[-11,-18],[11,-23],[80,-20],[39,-29],[26,-42],[7,-39],[1,-64],[-19,-59],[-40,-46],[-53,-33],[-60,-18],[-103,-3],[-37,12],[-124,98],[-66,35],[-69,4],[-15,-26],[-29,16],[-34,-10],[-27,8],[-31,45],[-8,48],[-38,59],[-16,69],[-43,30],[-56,18],[-36,-14],[-109,-82],[-53,-13],[-59,1],[-37,-32],[-6,-38],[18,-100],[-6,-58],[-13,-45],[-42,-54],[-35,-22],[-36,-8],[-87,17],[-53,49],[-39,93],[-6,62],[24,221],[-21,162],[8,20],[20,10],[51,5],[32,-11],[27,2],[18,-64],[24,-30],[14,-2],[28,37],[-13,71],[-60,61],[-147,115],[-114,158],[-49,46],[-130,52],[-51,-8],[-25,-16],[-18,2],[-22,16],[-27,50],[-31,18],[-56,-29],[-99,-23],[-16,-24],[33,-24],[34,-104],[47,-54],[33,-20],[88,-2],[36,-25],[5,-26],[-10,-25],[-32,-29],[-34,-12],[-76,-8],[-62,10],[-98,40],[-32,25],[-53,66],[-150,219],[-48,38],[-57,6],[-91,-13],[-66,-49],[-46,-74],[-45,-104],[-16,-20],[-46,-27],[-96,-17],[-137,3],[-198,-92],[-84,0],[-61,21],[-30,22],[-31,42],[-11,45],[5,34],[71,100],[58,43],[56,21],[16,32],[-6,55],[-86,102],[-4,34],[12,33],[220,120],[36,-1],[32,-31],[24,-10],[22,8],[17,24],[-6,24],[-40,41],[-201,93],[-35,-1],[-29,-20],[-30,-39],[-12,-36],[-33,-24],[-189,-47],[-73,-1],[-56,28],[-16,34],[1,22],[48,62],[-2,30],[-54,41],[-81,3],[-23,-15],[-13,-41],[26,-119],[-7,-23],[-39,-32],[-68,-15],[-32,5],[-57,35],[-79,103],[-68,45],[-48,5],[-66,-14],[-73,-23],[-38,-22],[-97,-81],[-108,-116],[-18,-47],[14,-54],[32,-45],[45,-20],[40,4],[74,46],[34,10],[51,3],[71,-15],[41,-42],[15,-64],[-3,-37],[-69,-86],[-167,-146],[-23,-39],[-26,-90],[-37,-45],[-73,-33],[-88,-10],[-115,19],[-53,43],[-21,44],[15,104],[-10,30],[-34,13],[-112,3],[-117,36],[-41,30],[-34,55],[-2,64],[20,40],[52,50],[112,74],[41,110],[-20,34],[-48,17],[-71,-5],[-34,-13],[-45,-52],[-37,-114],[-39,-30],[-50,-11],[-72,9],[-82,34],[-114,86],[-128,131],[-22,52],[2,46],[32,70],[40,56],[61,18],[115,-37],[64,10],[32,38],[19,98],[12,19],[63,38],[115,48],[21,26],[4,33],[-20,33],[-75,54],[-58,71],[-53,94],[-49,51],[-136,71],[-72,57],[-52,108],[16,143],[32,71],[28,23],[53,19],[101,-14],[46,3],[42,21],[11,22],[-5,46],[-72,71],[-13,51],[10,76],[44,88],[11,48],[-13,45],[-44,64],[31,42],[7,39],[3,74],[-38,53],[28,81],[-40,41],[-22,90],[-111,118],[-82,13],[-40,-16],[-21,-41],[15,-60],[-5,-40],[-19,-21],[-37,-16],[-45,14],[-54,41],[-13,48],[8,68],[34,60],[174,197],[74,51],[103,32],[43,23],[50,43],[68,107],[26,14],[60,-4],[70,-19],[80,-37],[45,20],[17,22],[9,46],[-10,32],[-74,94],[-77,25],[-122,-57],[-20,-1],[-33,8],[-43,63],[117,34],[-2,18],[-37,15],[-13,25],[61,5],[-9,47],[35,33],[47,3],[1,49],[29,3],[17,-25],[32,14],[77,2],[-1,17],[-28,25],[1,10],[43,13],[15,33],[-3,26],[33,3],[7,8],[-22,16],[-68,-17],[-26,3],[-17,11],[-28,50],[-26,3],[-21,-20],[-6,-51],[-24,-8],[-47,-47],[-7,7],[8,21],[-33,13],[-28,-23],[-43,1],[-14,8],[2,13],[30,14],[-15,8],[-48,0],[-6,27],[-27,32],[35,27],[-2,-43],[16,-5],[39,47],[-4,10],[-26,8],[3,12],[82,-7],[33,33],[2,10],[-37,47],[1,7],[25,-7],[13,8],[-27,31],[1,38],[-23,20],[10,24],[12,9],[53,-5],[42,10],[64,-17],[15,-30],[-30,-82],[18,-22],[27,-9],[68,42],[104,-2],[-32,52],[28,33],[34,0],[10,14],[14,-2],[-5,13],[77,20],[40,-32],[18,12],[26,-10],[-1,13],[22,-2],[6,16],[20,-2],[14,16],[15,-3],[13,18],[16,0],[30,22],[12,28],[19,7],[10,27],[-48,81],[6,36],[-32,27],[8,26],[-10,22],[-37,11],[-34,32],[-138,5],[-37,12],[-58,46],[15,41],[27,21],[11,31],[83,-6],[16,7],[16,-8],[64,-2],[29,18],[47,54],[65,-8],[22,34],[31,3],[31,-9],[37,30],[27,7],[5,18],[25,17],[0,41],[16,11],[5,30],[37,43],[-1,18],[-29,38],[7,62],[57,22],[83,65],[30,11],[48,50],[133,50],[27,-40],[-34,-32],[9,-16],[-40,-85]],[[71060,33477],[23,-41],[-14,-34],[36,-29],[-28,-34],[2,-26],[-13,-9],[-14,3],[-4,-16],[-14,1],[-12,-124],[1232,-1758],[567,-868],[1020,1062],[2640,2551],[114,-4],[74,-27],[13,-15],[9,-51],[219,-59],[15,-27],[73,5],[82,-32],[55,6],[66,-6],[62,24],[23,0],[37,-9],[11,-26],[17,-11],[40,2],[31,18],[27,-17],[53,-2],[54,6],[34,23],[63,-8],[61,-28],[46,-98],[44,-32],[87,-27],[108,-6],[103,-26],[105,-41],[40,-28],[62,-6],[34,-40],[99,-64],[44,-15],[17,-20],[62,-18],[22,-15],[19,6],[52,-39],[4,-19],[13,-3],[9,-18],[28,5],[17,-12],[1,15],[11,6],[52,-38],[17,5],[24,-8],[26,14],[55,-31],[10,8],[34,-4],[0,-8],[22,7],[29,-19],[35,32],[17,-3],[44,13],[37,-14],[70,20],[1,-8],[24,-1],[-4,-11],[10,-1],[28,20],[-4,12],[16,1],[9,16],[13,-4],[34,27],[38,-16],[22,20],[7,-7],[-10,-10],[15,5],[10,-10],[18,12],[17,-11],[-5,17],[22,-14],[8,11],[58,-2],[3,-9],[14,3],[11,-23],[23,1],[1,-12],[18,1],[0,12],[11,-6],[18,20],[29,-4],[-2,14],[47,-17],[36,16],[11,-12],[1,10],[21,7],[40,-4],[0,-15],[21,18],[16,-10],[24,10],[22,-2],[-3,9],[14,-1],[-4,10],[15,0],[14,16],[20,-5],[17,17],[17,2],[-14,15],[19,0],[4,18],[15,1],[-5,-15],[21,-5],[16,24],[6,-13],[7,11],[24,7],[-6,12],[13,-5],[14,12],[8,-9],[-1,18],[14,-5],[-3,17],[20,-2],[8,17],[30,-13],[26,7],[13,-16],[16,-1],[22,18],[11,-6],[9,7],[2,-13],[15,15],[17,-4],[11,31],[23,-13],[13,43],[-12,5],[16,6],[1,17],[13,10],[-27,-1],[2,17],[50,-3],[-15,18],[17,-1],[7,30],[50,16],[12,-14],[-3,-19],[17,18],[23,-44],[19,17],[24,-24],[22,16],[14,-7],[11,24],[-6,-3609],[50,16],[55,-3],[68,-72],[40,-16],[-275,-197],[-55,-3],[-117,-52],[-53,-70],[9,-48],[-56,-63],[-55,2],[-78,67],[-39,7],[-15,-16],[-15,-61],[-26,-35],[-103,-41],[-29,-26],[-13,-28],[-39,-22],[-3,-104],[-13,-22],[8,-21],[-9,-13],[12,-12],[-14,-15],[10,-38],[-23,-12],[15,-17],[-6,-25],[-14,-6],[-62,29],[-10,18],[-13,-5],[-6,-15],[-18,-5],[-5,-24],[-12,1],[11,-44],[-28,-33],[13,-22],[-9,-30],[16,-26],[-6,-27],[27,-39],[-8,-13],[39,-35],[0,-27],[18,-10],[-2,-21],[-39,-35],[-17,-5],[-30,9],[-77,48],[-32,5],[-36,-13],[-46,44],[-46,16],[-112,-34],[-35,14],[-39,-8],[-60,35],[-44,-31],[-22,13],[-94,-11],[-21,-33],[-44,-16],[6,-46],[-21,-29],[-67,-26],[-49,-34],[-66,-13],[-47,23],[-59,71],[-16,58],[-20,32],[1,19],[-25,34],[-25,12],[-34,-17],[753,-1710],[-54,-18],[-4,-1724],[-54,-7],[1,-24],[32,-17],[4,-12],[-22,-14],[-19,-36],[-53,4],[-19,-17],[-54,-2],[-28,-20],[-58,-2],[-22,-9],[-22,-39],[-42,-41],[-58,-26],[-49,-41],[-18,-56],[-35,-24],[-21,-36],[-35,-24],[-88,-32],[-59,-45],[-81,-9],[-120,-72],[-61,6],[-54,-6],[-76,25],[-332,422],[-79,65],[-59,32],[-54,1],[-28,-19],[-31,-6],[-16,-25],[-25,-3],[-51,31],[-75,2],[-68,53],[-57,122],[-33,37],[-17,113],[-19,50],[-23,28],[-2,27],[-25,16],[-36,3],[-17,19],[0,30],[13,18],[-13,59],[-1396,6],[0,20],[-24,7],[-12,22],[-35,8],[-18,36],[-53,-4],[-38,38],[-53,2],[-28,32],[-35,4],[-10,10],[3,27],[15,14],[16,0],[5,71],[-19,22],[-26,1],[-20,16],[13,21],[-15,10],[-14,34],[-16,7],[13,20],[-16,16],[2,15],[-13,-4],[13,19],[-14,9],[11,2],[-4,23],[21,3],[26,32],[18,3],[-3,11],[22,-1],[-6,21],[10,9],[-22,-1],[2,23],[15,29],[50,46],[-12,21],[8,18],[-10,24],[48,74],[2,48],[-11,31],[-55,75],[-63,7],[-37,14],[-17,61],[-23,39],[-1,75],[13,31],[-3,37],[-20,43],[16,23],[-10,15],[-53,17],[-32,24],[17,65],[-38,36],[-1223,-1147],[-20,4],[8,19],[-10,16],[37,-15],[-3,14],[-40,42],[-44,20],[-55,59],[48,136],[-36,12],[-12,13],[-29,1],[-24,12],[9,70],[-25,62],[-19,17],[-14,0],[-17,-15],[-49,8],[-4,-23],[-10,-3],[-23,25],[0,10],[30,22],[56,23],[8,18],[-17,22],[-13,-8],[-33,8],[4,9],[24,-2],[-3,21],[-20,4],[-4,24],[13,-4],[5,-14],[28,27],[-29,28],[-33,-2],[-1,14],[15,-6],[6,11],[14,-7],[4,17],[17,10],[-41,35],[20,15],[-33,35],[-21,1],[-23,-17],[-12,5],[10,14],[-27,-1],[-2,-14],[-26,19],[-30,2],[-21,-16],[-20,-2],[-57,-53],[-50,-19],[-21,-117],[-39,-60],[-3,-38],[17,-26],[-8,-48],[-108,-93],[-75,-28],[-220,463],[9,45],[33,25],[-4,24],[10,8],[-9,31],[18,-8],[11,8],[-18,33],[30,-1],[-18,9],[11,15],[-3,23],[-17,-11],[-50,0],[-69,-25],[-40,3],[-12,18],[14,34],[-1,29],[-25,-19],[-16,1],[1,13],[-33,-7],[16,15],[-11,9],[6,30],[-45,14],[13,34],[-35,-31],[1,-20],[24,-21],[-1,-10],[-22,-9],[-12,19],[-17,4],[-5,-31],[-22,-6],[-17,9],[-19,-20],[19,-17],[-58,-7],[21,-30],[-70,25],[-4,-19],[-21,8],[-17,-11],[-22,18],[-17,-8],[-6,-39],[-28,-9],[4,10],[-16,4],[-8,-19],[-24,27],[3,14],[-13,4],[-3,-13],[-55,10],[7,-18],[-37,6],[8,-19],[-62,23],[-29,0],[-3,-12],[-12,-2],[-2,20],[-32,-1],[-13,-12],[-9,13],[-20,-29],[-13,43],[-15,-11],[4,-15],[-7,-3],[-6,13],[-11,-6],[7,-14],[-13,-8],[11,-7],[-25,-15],[-4,17],[-18,1],[7,-14],[-22,-3],[-23,13],[-1,11],[-13,-4],[-7,11],[-14,-3],[-13,17],[-15,2],[-5,16],[25,7],[-30,16],[15,11],[-28,21],[14,-5],[3,5],[-33,16],[5,-17],[-12,-6],[-18,42],[-15,-9],[-29,7],[-1,-26],[-17,1],[-2,-22],[11,7],[13,-24],[-34,17],[-11,-8],[-11,15],[-15,-1],[-9,14],[-14,-5],[-8,16],[-37,13],[15,10],[13,-6],[7,15],[-43,2],[-9,27],[16,10],[-24,10],[-4,13],[-47,-4],[-15,-11],[-2,26],[-15,9],[-1,-21],[-14,7],[-23,-9],[8,13],[-18,9],[17,8],[-21,11],[-18,-4],[0,-12],[-17,2],[-4,-10],[-21,7],[-8,-16],[-4,16],[-13,-14],[-14,2],[-7,15],[-30,1],[-4,13],[-15,-17],[-7,20],[-5,-13],[-17,16],[-8,-2],[2,-13],[-27,3],[-6,21],[-19,-1],[0,-11],[-20,1],[-7,13],[-8,-13],[-38,-1],[2,20],[-13,9],[12,11],[-11,6],[-9,-10],[-16,12],[-8,-19],[-32,12],[-6,-9],[-18,1],[-11,-19],[-3,11],[-12,-3],[1,15],[-19,2],[4,-12],[-16,-1],[5,-15],[-8,-9],[-15,22],[-15,-12],[13,-23],[-9,-2],[-3,13],[-10,-12],[-23,9],[5,-12],[-17,-10],[6,-26],[-15,14],[-17,-5],[-2,-13],[-43,-42],[-54,-14],[-151,-11],[-46,-22],[-35,-3],[-59,22],[-72,60],[-23,69],[3,43],[-50,58],[-108,51],[-62,4],[-47,51],[-39,-19],[-31,-30],[-34,5],[-69,39],[-28,-2],[-54,-42],[-28,6],[-20,-30],[-63,-51],[-29,1],[-8,-18],[-91,6],[-34,-33],[-33,-6],[-31,-42],[-18,-48],[-2189,1656]],[[95099,46949],[-125,-67],[-217,-74],[-374,-202],[-187,-158],[-129,-127],[-110,-86],[-102,-32],[-180,-25],[-18,21],[0,57],[-31,127],[-40,63],[-43,37],[-52,14],[-82,-14],[-63,0],[-104,32],[-50,51],[-54,19],[-29,0],[-27,-23],[-67,-17],[-66,12],[-22,10],[-26,35],[-1,29],[22,71],[-15,42],[-24,14],[-58,1],[-13,-18],[-41,-62],[-33,-114],[-53,-108],[-66,-113],[-17,-16],[-21,-2],[-33,34],[4,25],[66,81],[10,50],[-17,50],[-25,17],[-90,-5],[-46,-29],[-18,-30],[-21,-99],[-59,-48],[-53,-23],[-17,1],[-73,48],[-13,44],[85,83],[24,51],[-10,70],[-21,31],[-42,22],[-45,3],[-50,-11],[-158,-70],[-40,-7],[-89,8],[-89,55],[-34,2],[-15,-13],[0,-25],[48,-50],[4,-23],[-6,-91],[-14,-22],[-28,-7],[-42,14],[-162,91],[-176,4],[-130,21],[-123,-13],[-94,2],[-129,84],[-79,4],[-29,-27],[18,-58],[-6,-47],[-38,-44],[-20,-42],[8,-40],[69,-48],[13,-21],[-3,-34],[-27,-31],[-120,-18],[-42,-36],[-76,-13],[-53,15],[-123,63],[-85,4],[-68,-25],[-42,-42],[-1,-58],[49,-50],[183,-82],[63,-47],[21,-72],[-32,-56],[-65,-18],[-50,17],[-38,38],[-58,101],[-37,40],[-49,19],[-55,-5],[-21,-35],[-3,-57],[58,-54],[11,-29],[-2,-46],[-26,-40],[-23,-11],[-28,5],[-91,71],[-36,12],[-39,0],[-59,-20],[-77,-63],[-67,-31],[-45,-35],[-15,-88],[32,-43],[43,-30],[11,-32],[-19,-52],[-30,-20],[-55,-1],[-54,29],[-163,161],[-54,35],[-34,8],[-45,-11],[-30,-36],[10,-59],[22,-27],[94,-67],[28,-34],[24,-41],[-21,-43],[-22,1],[-24,18],[-16,40],[-54,66],[-58,25],[-30,-6],[-32,-64],[-16,-7],[-96,42],[-28,3],[-38,-12],[-81,-50],[-66,-4],[-34,18],[-42,41],[-29,67],[-50,60],[-41,21],[-64,14],[-33,-6],[-25,-25],[-4,-50],[46,-50],[123,-33],[66,-47],[9,-17],[-4,-40],[-36,-18],[-37,8],[-44,50],[-50,23],[-82,0],[-96,-43],[-73,-6],[-116,14],[-57,18],[-99,58],[-52,-1],[-39,-18],[-54,-67],[-3,-121],[-41,-69],[-43,-32],[-93,-39],[-59,-15],[-59,2],[-47,34],[-50,63],[-47,33],[-27,8],[-68,-8],[-29,-22],[-11,-36],[5,-69],[76,-79],[24,-33],[13,-53],[49,-51],[-5,-51],[-11,-13],[-25,-5],[-42,21],[-14,64],[-52,83],[-22,17],[-69,22],[-68,-4],[-77,-30],[-93,-79],[-51,-20],[-60,-4],[-67,26],[-23,35],[-3,67],[31,147],[-31,48],[-51,18],[-49,-12],[-24,-45],[66,-105],[19,-56],[-1,-44],[-42,-76],[-47,-20],[-46,1],[-134,76],[-79,5],[-55,-9],[-102,-48],[-123,-111],[-63,-44],[-47,-65],[-78,-36],[-49,7],[-51,75],[-60,16],[-28,-25],[-25,-73],[-39,-15],[-43,9],[-37,25],[-25,44],[-3,78],[-27,57],[-13,13],[-41,1],[-31,-7],[-37,-24],[-61,-88],[-83,-70],[-110,-50],[-38,-7],[-85,7],[-6,46],[93,54],[38,46],[10,48],[-11,24],[-37,23],[-32,2],[-51,-40],[-33,-13],[-34,-1],[-28,13],[-20,39],[36,66],[6,37],[-19,27],[-57,16],[-34,-17],[-29,-81],[-28,-38],[-39,-21],[-54,-2],[-29,19],[-15,31],[8,100],[-46,83],[-33,25],[-59,21],[-122,17],[-28,0],[-28,-20],[0,-54],[20,-34],[90,-61],[15,-33],[5,-53],[-26,-71],[-65,-93],[-72,-43],[-49,0],[-34,19],[-10,23],[13,77],[84,138],[13,49],[-17,63],[-45,31],[-37,12],[-53,-21],[-23,-59],[-35,-42],[-58,-14],[-49,-33],[-58,-22],[-86,-50],[-60,-53],[-26,-5],[-37,11],[-14,15],[-6,51],[-37,37],[-26,2],[-27,-5],[-27,-25],[-28,-81],[-22,-22],[-30,-10],[-47,3],[-57,27],[-28,36],[-31,92],[-47,74],[-43,35],[-70,12],[-52,-1],[-102,-73],[-65,-123],[14,-77],[-6,-32],[-41,-25],[-47,18],[21,56],[-2,35],[-11,20],[-41,30],[-38,3],[-192,-29],[-277,53],[-68,-1],[-45,-31],[-4,-18],[9,-12],[35,-2],[48,27],[37,4],[35,-15],[11,-32],[-14,-25],[-38,-25],[-20,-38],[-4,-90],[28,-48],[10,-89],[-28,-95],[-50,-84],[-14,-56],[-20,-27],[-25,17],[-36,101],[-24,27],[-29,13],[-37,-4],[-36,-21],[-9,-94],[-20,-25],[-28,-9],[-45,0],[-48,12],[-71,67],[-35,14],[-35,2],[-66,-26],[-48,-123],[-70,-82],[-40,-28],[-32,1],[-8,124],[-52,85],[-54,44],[-81,41],[-72,-5],[-32,-29],[19,-57],[35,-17],[111,-19],[25,-21],[22,-50],[-1,-44],[-54,-35],[-83,0],[-138,98],[-153,26],[-47,-29],[-38,-53],[20,-123],[-10,-49],[-46,-42],[-48,-27],[-25,-5],[-20,7],[-46,44],[-5,36],[21,95],[-7,43],[-21,31],[-25,19],[-41,9],[-49,-2],[-65,-42],[-16,-30],[8,-70],[79,-129],[115,-110],[15,-30],[-4,-25],[-17,-16],[-34,-1],[-111,38],[-59,24],[-30,23],[-45,64],[-96,186],[-52,22],[-65,-2],[-26,-14],[-24,-23],[-9,-35],[20,-54],[135,-105],[35,-59],[49,-34],[10,-20],[0,-19],[-68,-76],[8,-100],[-8,-29],[-17,-33],[-27,-21],[-55,-20],[-110,-10],[-17,10],[-20,61],[-47,57],[-210,69],[-65,2],[-32,-15],[-22,-55],[15,-55],[102,-73],[28,-26],[17,-33],[3,-63],[-30,-48],[-175,-35],[-109,-41],[-30,-22],[-82,-27],[-57,14],[-36,29],[-10,29],[22,84],[-5,37],[-26,32],[-50,30],[-44,3],[-29,-10],[-43,-30],[-65,-75],[-97,-45],[-62,-15],[-219,-16],[-39,21],[-6,19],[14,34],[-17,17],[-25,15],[-51,-13],[-26,-28],[-4,-18],[18,-55],[0,-40],[-34,-62],[-30,-20],[-221,-46],[-17,-25],[7,-24],[125,-115],[73,-22],[127,-90],[64,-20],[40,-45],[-9,-58],[-34,-19],[-30,0],[-50,49],[-35,23],[-33,8],[-60,-9],[-56,-33],[-27,-28],[-9,-65],[16,-69],[21,-19],[64,-9],[56,-21],[29,-30],[10,-76],[18,-49],[-7,-121],[-65,-50],[-28,-11],[-40,5],[-28,40],[-7,133],[-25,46],[-64,41],[-50,-3],[-31,-35],[0,-66],[141,-134],[-4,-29],[-46,-51],[-99,-45],[-39,-5],[-46,10],[-26,20],[-13,26],[-11,75],[-29,47],[-51,26],[-44,-10],[-13,-19],[-3,-32],[72,-42],[21,-26],[7,-58],[-18,-20],[-30,-17],[-38,5],[-52,55],[-49,20],[-50,-3],[-27,-15],[-36,-39],[-7,-53],[-44,-59],[-18,-51],[-40,-29],[-104,-43],[-46,-39],[-1,-25],[50,-58],[10,-30],[-4,-54],[-18,-12],[-77,-14],[-131,1],[-33,-12],[-24,-27],[4,-40],[52,-35],[176,9],[99,-31],[97,-96],[21,-39],[-2,-22],[-25,-21],[-85,-23],[-176,28],[-42,-21],[15,-33],[95,-105],[35,-81],[33,-220],[-9,-110],[-132,-26],[-64,-49],[-108,-49],[-73,2],[-69,19],[-62,-17],[-13,-20],[-1,-36],[23,-53],[29,-121],[-20,-78],[-49,-45],[-103,-15],[-174,-88],[-77,-27],[-164,-39],[-203,-27],[-151,-35],[-45,12],[-33,-28],[13,-102],[-5,-10],[-24,-3]],[[80671,58277],[215,80],[134,18],[26,-2],[71,-34],[178,-53],[267,16],[99,-35],[49,-7],[168,8],[124,-18],[173,-1],[181,22],[111,24],[199,-5],[41,9],[52,29],[91,17],[147,65],[44,28],[122,34],[107,43],[49,35],[64,87],[34,17],[22,-3]],[[83439,58651],[71,29],[33,45],[54,30],[75,10],[59,-10],[54,20],[105,62],[111,25],[104,-71],[128,-233],[22,-11],[134,-11],[62,-30],[56,-5],[69,12],[69,-19],[83,2],[136,125],[37,90],[232,167],[32,9],[136,4],[18,8],[47,67],[33,75],[39,44],[62,42],[149,17],[32,16],[48,72],[148,45],[140,23],[86,-14],[24,-12],[57,-96],[52,-40],[76,-8],[133,25],[73,1],[84,-41],[185,-70],[106,4],[254,-58],[40,0],[51,14],[72,45],[181,14],[138,-54],[84,-80],[12,-39],[16,-12],[178,27],[101,27],[37,0],[129,-29],[138,2],[74,-25],[22,-57],[40,-33],[66,-8],[85,9],[130,-17],[93,32],[66,44],[50,51],[128,71],[51,14],[74,4],[171,-97],[65,-7],[58,14],[74,43],[30,31],[33,64],[28,21],[147,6],[75,20],[91,-2],[101,24],[137,-32],[104,19],[60,-14],[75,-4],[75,19],[54,2],[140,-43],[171,-83],[138,-6],[78,18],[89,44],[103,64],[28,36],[42,32],[118,3],[176,57],[183,14],[72,23],[57,41],[105,30],[83,13],[33,-2],[46,-17],[64,0],[98,33],[61,3],[125,-27],[92,-40],[133,-116],[50,-20],[66,0],[174,69],[47,3],[58,-10],[53,6],[88,63],[72,37],[162,57],[47,28],[144,151],[192,100],[110,69],[87,87],[68,30],[169,38],[53,-6],[44,-19],[173,-141],[55,-21],[46,1],[232,50],[30,-1],[103,-36],[169,-5],[77,-15],[204,-5],[68,11],[96,-34],[96,-97],[77,-35],[57,2],[153,27],[49,-5],[87,-36],[105,-109],[50,-39],[260,-129],[99,-82],[17,-20],[1,-22],[-209,-156],[-43,-111],[-2,-82],[43,-79],[75,-79],[30,-108],[78,-99],[117,-88],[106,-57],[-4,-64],[33,-37],[71,-46],[17,-43],[0,-58],[-15,-35],[-32,-25],[-158,-55],[-153,-85],[-46,-49],[-37,-61],[-25,-20],[-156,-85],[-128,-46],[-74,-45],[-67,-59],[-107,-125],[-42,-77],[-165,-108],[-67,-74],[-20,-105],[-57,-82],[-11,-99],[-29,-60],[-25,-90],[-86,-106],[-21,-243],[-24,-76],[4,-163],[47,-82],[22,-151],[49,-95],[0,-132],[28,-28],[92,-57],[23,-35],[-4,-34],[-39,-76],[-63,-33],[-31,-37],[-26,-85],[0,-77],[-13,-45],[-66,-61],[-110,-62],[-204,-151],[-128,-26],[-53,-23],[-69,-51],[-61,-75],[-181,-64],[-155,-100],[-157,-52],[-55,-45],[-68,-80],[-142,-96],[-74,-91],[-13,-131],[14,-39],[18,-26],[104,-43],[51,-61],[-6,-50],[-41,-104],[12,-85],[26,-40],[5,-33],[-13,-27],[-78,-76],[-36,-94],[-72,-118],[-3,-30],[24,-52],[74,-69],[85,-133],[35,-38],[1,-101],[36,-26],[54,-17],[18,-25],[-25,-67],[-68,-76],[-12,-38],[8,-123],[-20,-133],[-47,-119],[-37,-34],[-21,-37],[22,-213],[-6,-111],[67,-159],[22,-105],[6,-190],[-27,-108],[0,-112],[17,-193],[30,-68],[11,-82],[-33,-84],[-109,-170],[-42,-98],[7,-174],[-16,-104],[41,-153],[6,-67],[-8,-17],[-99,-88],[-17,-45],[3,-36],[24,-40],[94,-70],[150,-50],[63,-40],[62,-55],[50,-72],[-6,-62],[-20,-34],[-15,-75],[73,-68],[94,-34],[6,-37],[-40,-47],[-22,-67],[18,-74],[54,-35],[32,-35],[31,-100],[-15,-47],[-65,-19],[-58,13],[-61,0],[-55,-27],[-34,-45],[-11,-69],[98,-219],[-29,-91],[-20,-136],[26,-61],[59,-72],[30,-13],[34,-38],[5,-122],[50,-116],[178,-130],[44,-64],[86,-237],[30,-134],[32,-59],[42,-41]],[[72251,51796],[2,-8760]],[[58120,45167],[7,8],[-24,12],[-74,-1],[-17,7],[-2,19],[26,22],[-48,20],[9,21],[27,21],[-6,23],[-115,16],[-13,10],[27,52],[27,25],[7,37],[-4,25],[-34,10],[-9,13],[19,12],[44,-2],[32,17],[46,-16],[3,26],[-49,19],[11,23],[31,0],[18,-22],[18,-3],[11,46],[82,9],[59,24],[27,29],[51,12],[-1,12],[-31,2],[-9,12],[9,42],[65,47],[21,-4],[6,-27],[12,4],[32,49],[29,18],[-4,16],[-36,-2],[-12,13],[54,30],[16,31],[-4,15],[38,48],[-9,14],[-30,8],[32,17],[9,19],[-15,44],[45,1],[24,-17],[15,-28],[18,3],[3,38],[-34,53],[1,13],[24,19],[61,-18],[52,63],[-58,16],[-39,-9],[-29,7],[-9,10],[8,36],[-23,22],[-55,-8],[-80,9],[-13,17],[-45,8],[-34,-10],[-17,32],[-100,-15],[-64,11],[-96,-17]],[[67333,29036],[-1558,-1269]],[[65775,27767],[-125,-50],[-76,11],[-135,-2],[-18,9],[-8,10],[7,14],[88,18],[22,30],[16,78],[-23,43],[-73,69],[-30,-3],[-28,-23],[-29,-8],[-56,10],[-52,24],[-78,95],[1,26],[18,24],[-6,23],[-49,32],[-47,-26],[-13,-68],[-32,-31],[-41,8],[-86,75],[-28,7],[-24,-17],[1,-14],[37,-45],[0,-21],[-19,-20],[-32,-7],[-66,64],[-59,21],[-26,-1],[-15,-16],[-29,-92],[-21,-33],[-28,-12],[-38,1],[-69,32],[-61,52],[-8,19],[9,44],[36,54],[14,67],[-36,66],[-72,46],[-32,37],[-43,86],[-53,22],[-72,13],[-23,-7],[5,-35],[55,-53],[6,-27],[-5,-46],[-15,-11],[-39,-2],[-74,41],[-82,64],[-47,80],[-71,77],[2,23],[44,24],[95,-4],[17,11],[-8,29],[-83,79],[-9,26],[22,55],[52,22],[24,36],[-3,45],[-21,35],[-31,27],[-34,6],[-67,-36],[-88,2],[-15,-20],[-1,-29],[59,-82],[-14,-48],[-24,-19],[-36,-8],[-15,17],[-9,45],[-58,58],[-26,43],[2,12],[63,28],[11,21],[-89,107],[-10,27],[3,29],[25,31],[16,43],[3,31],[-73,47],[-25,1],[-133,-100],[-119,9],[-5,24],[62,89],[42,121],[-124,20],[-35,20],[-68,111],[55,38],[20,59],[-94,48],[-70,58],[-18,83],[-45,59],[-62,36],[-19,32],[-47,28],[-21,26],[-5,61],[-90,23],[-16,-26],[-38,4],[-18,-7],[-33,-42],[-27,-2],[-60,16],[-27,-7],[-27,-25],[-39,-2],[-12,9],[-5,25],[-37,35],[-141,29],[-122,51],[-52,52],[-38,24],[-22,34],[-56,1],[-28,11],[-6,37],[-15,15],[-92,38],[-120,19],[-104,90],[-6,17],[11,22],[-55,43],[-15,80],[-27,14],[-27,-6],[18,-43],[-26,-91],[-18,-30],[-30,-6],[-15,11],[-14,45],[-19,15],[-170,3],[5,64],[-38,40],[-125,31],[-57,-9],[-19,-39],[16,-59],[-28,-47],[53,-62],[-16,-5],[-60,26],[-24,-7],[-34,-27],[26,-36],[-22,-41],[-36,-24],[-24,-4],[-38,15],[-55,7],[-92,87],[4,94],[56,71],[-14,30],[-30,-2],[-58,-38],[-27,14],[-67,-8],[-32,36],[-143,-25],[-8,-17],[43,-11],[17,-30],[-6,-26],[-26,-5],[-22,-21],[-3,-41],[-15,-16],[-24,44],[-48,-3],[-30,25],[-56,4],[-49,23],[-12,-3],[0,-18],[45,-7],[12,-12],[7,-86],[-41,-2],[-90,23],[-18,-29],[-1,-41],[15,-22],[-2,-29],[11,-22],[129,-71],[-5,-25],[-10,-14],[-52,1],[-14,21],[-30,16],[-20,-30],[-45,-16],[-41,7],[-16,-19],[4,-11],[32,-8],[20,-31],[43,-18],[-17,-54],[-16,-3],[-40,15],[-28,-9],[4,-43],[10,-4],[17,20],[43,10],[83,-15],[7,-69],[-11,-14],[27,-82],[-17,-7],[-94,60],[-36,-27],[11,-35],[35,29],[49,-27],[-9,-12],[-37,-3],[-18,-15],[44,-46],[6,-22],[-44,10],[-15,-29],[-39,20],[-22,-3],[-69,-70],[-12,0],[0,32],[-21,4],[-59,-54],[-50,11],[-11,32],[-35,-21],[-30,20],[-36,-4],[-5,-32],[30,-44],[-18,-17],[-35,-84],[-34,6],[17,-12],[-5,-15],[-34,-10],[-10,25],[-50,5],[-6,-6],[14,-22],[-19,-26],[-7,-39],[-27,-38],[-10,0],[-6,17],[-18,-1],[-24,-24],[-26,4],[-9,-25],[-30,5],[-33,-8],[-7,33],[-9,4],[-23,-18],[19,-16],[1,-22],[-27,-15],[-31,17],[-13,-2],[65,-110],[-2,-22],[-27,-5],[-36,-28],[1,25],[34,26],[-2,11],[-34,-13],[-63,11],[-1,-29],[32,4],[13,-22],[-35,4],[-4,-14],[18,-9],[-22,-12],[-25,-51],[-23,5],[-16,16],[-30,-8],[10,19],[-29,9],[-23,22],[-17,-9],[10,-16],[-53,-20],[1,-31],[-27,-35],[-12,3],[7,29],[-10,20],[-31,-29],[-29,-4],[4,31],[-13,6],[-38,-20],[-10,-21],[-12,-3],[-12,10],[-24,-7],[-57,-52],[-26,-6],[-27,16],[-14,25],[35,28],[-48,-11],[-12,9],[17,10],[-1,13],[-51,-12],[-17,26],[-54,-3],[-7,18],[-14,-3],[-29,19],[7,32],[-36,-26],[-53,15],[-57,-43],[-25,1],[-34,18],[-1,15],[18,8],[-13,14],[-17,0],[-6,-19],[-15,-6],[1,31],[-12,18],[-59,28],[20,14],[17,-19],[24,4],[-11,29],[3,28],[-18,-17],[-10,7],[3,16],[-26,-15],[-15,15],[-51,-23],[11,54],[-18,20],[-23,10],[-28,-13],[-40,17],[22,28],[-7,10],[-12,-1],[-9,-15],[-18,7],[20,36],[-9,21],[-12,1],[-36,-28],[-12,4],[6,24],[14,0],[42,35],[50,22],[-19,25],[19,-1],[7,9],[-34,23],[31,-7],[3,14],[-28,22],[-19,-9],[0,33],[-41,-11],[13,26],[-26,-1],[-7,-9],[-20,4],[-55,-19],[-23,9],[-25,37],[-15,-33],[-60,-21],[-9,12],[15,9],[-5,10],[-23,-12],[-1,23],[-20,-8],[-12,16],[-33,5],[-13,16],[-20,-6],[-85,72],[-3,8],[18,0],[11,11],[-13,19],[28,6],[14,20]],[[57598,29857],[-12,9],[-16,-4],[-9,19],[13,10],[-25,22],[-11,-6],[3,-13],[-33,5],[-8,13],[13,8],[1,29],[-39,-26],[-24,8],[-21,-10],[-6,25],[-94,-6],[5,18],[-19,8],[5,40],[-19,13],[7,32],[-35,-13],[-29,6],[-71,25],[-12,14],[17,0],[4,13],[-39,10],[-11,17],[-3,-19],[-14,-3],[-42,32],[-44,-2],[-13,33],[23,-7],[16,2],[-1,7],[-39,18],[-40,3],[-23,17],[8,7],[-11,12],[13,2],[2,14],[-12,14],[-42,-18],[-8,29],[30,0],[-18,11],[1,10],[13,3],[8,-18],[13,-2],[-3,19],[12,25],[-6,8],[-11,-14],[-55,32],[5,34],[-30,-16],[-13,9],[-40,-11],[1,22],[-20,-8],[-15,7],[3,8],[22,0],[-2,17],[-23,-9],[-13,12],[-69,11],[-29,38],[23,11],[-9,14],[-75,25],[-45,4],[-10,19],[18,8],[-2,18],[-22,1],[-18,-10],[3,30],[15,-7],[12,6],[-9,52],[12,24],[-9,3],[-14,-13],[-20,17],[-18,0],[-24,-13],[-40,19],[1,38],[-11,-5],[-2,16],[-30,10],[5,35],[-11,3],[-11,-13],[-7,11],[5,10],[21,-4],[-5,39],[35,2],[-3,21],[15,3],[7,-1],[-5,-21],[9,-1],[15,37],[-23,2],[-7,18],[-25,-4],[19,-4],[-2,-10],[-26,4],[-4,13],[16,14],[-16,12],[11,6],[-36,21],[-14,-1],[16,8],[-24,21],[15,-3],[10,18],[35,-3],[-6,9],[15,25],[21,8],[-11,5],[-17,-7],[-2,14],[10,1],[8,24],[23,-3],[4,14],[-21,5],[-15,-8],[7,10],[-7,16],[-22,-10],[-9,34],[11,12],[-24,-6],[4,22],[-18,-10],[-15,20],[-7,-22],[-9,19],[-33,18],[2,23],[12,-10],[7,14],[25,6],[-21,16],[20,4],[7,31],[-8,12],[22,24],[-27,18],[6,21],[-15,8],[-4,41],[-11,-5],[-5,18],[-8,-9],[-15,10],[5,-25],[-20,8],[-4,-22],[-20,14],[-21,-5],[-10,13],[-1,-20],[-14,-5],[-41,21],[-25,0],[-1,15],[14,4],[4,24],[15,12],[-19,7],[5,9],[-9,10],[-10,-2],[2,-10],[-13,4],[-23,28],[11,-4],[23,16],[-17,12],[6,19],[19,6],[-30,6],[0,6],[15,-2],[0,16],[-12,2],[6,8],[-21,13],[-4,16],[-30,2],[7,22],[10,2],[-40,16],[6,15],[16,-1],[-1,9],[-30,-2],[-1,7],[15,-4],[-11,17],[13,4],[-8,22],[-16,-4],[-3,15],[-14,-6],[2,13],[13,-3],[-6,9],[9,15],[-22,1],[12,8],[-40,12],[-1,9],[-33,-3],[-5,18],[21,4],[-8,19],[-25,-10],[7,8],[-24,12],[2,-28],[-35,13],[5,13],[-16,-4],[-6,7],[-10,-17],[-33,3],[7,22],[-14,16],[14,-4],[0,6],[-17,15],[-12,-6],[14,16],[-16,4],[16,11],[-27,0],[-2,21],[-12,4],[4,-9],[-19,-5],[-34,6],[1,7],[-30,-6],[-6,15],[12,-2],[1,11],[-60,-14],[-9,12],[-13,-11],[-13,3],[-21,28],[1,27],[-37,10],[-29,28],[-3,25],[24,72],[-18,23],[0,61],[-39,19],[-18,43],[-33,28],[-124,90],[-19,30],[-2,45],[-18,23],[-60,16],[-45,48],[-47,19],[-32,60],[-13,65],[-16,24],[-27,6],[-6,19],[-40,39],[-28,1],[-85,70],[-6,11],[13,20],[-9,15],[-39,49],[-57,40],[-11,29],[2,48],[-29,19],[-3,16],[32,47],[8,30],[-15,23],[24,28]],[[56194,37535],[32,2],[16,-11],[57,-130],[-13,-57],[-39,-40],[-17,-37],[3,-31],[27,-33],[45,-9],[31,15],[17,56],[-12,54],[6,18],[25,22],[58,17],[98,-15],[49,-20],[14,-25],[-1,-24],[-52,-43],[-4,-32],[63,-28],[55,5],[27,24],[5,18],[-3,171],[91,32],[36,2],[63,-41],[10,-59],[-28,-50],[-57,-27],[-15,-17],[4,-42],[17,-16],[116,22],[42,28],[25,64],[-44,65],[16,20],[27,8],[37,2],[33,-12],[70,-86],[59,-43],[52,26],[91,71],[85,33],[68,-13],[68,-51],[30,-2],[16,10],[13,27],[-3,69],[-17,31],[-44,14],[-107,-11],[-32,25],[2,26],[100,3],[90,42],[94,0],[60,93],[26,-8],[14,-27],[-44,-49],[-2,-21],[32,-14],[45,1],[30,-11],[109,33],[21,45],[17,12],[44,15],[56,-9],[12,-19],[0,-28],[-22,-58],[-4,-58],[26,-29],[42,-4],[112,72],[80,-6],[39,15],[5,18],[-11,23],[-110,52],[3,36],[52,40],[58,16],[37,-18],[30,-111],[-5,-28],[9,-15],[21,-3],[30,30],[87,56],[72,81],[58,25],[31,58],[29,12],[54,-5],[25,6],[56,60],[23,-2],[28,-26],[18,-109],[16,-7],[28,13],[31,40],[84,66],[129,60],[45,45],[71,7],[69,-26],[14,31],[-54,40],[-3,28],[15,45],[49,36],[54,0],[75,-66],[38,-25],[20,-1],[35,28],[14,37],[-26,107],[-34,48],[-32,6],[-30,-8],[-35,-41],[-32,0],[-22,43],[9,53],[52,60],[54,12],[826,1536],[-48,64],[-48,5],[-39,-12],[-15,27],[-25,-5],[8,31],[-15,-1],[6,10],[-15,9],[-7,-7],[-13,4],[-11,-13],[-11,9],[-10,-8],[-8,23],[-18,2],[-9,-12],[21,-14],[-54,-23],[5,8],[-10,7],[17,8],[-11,36],[8,5],[-29,22],[2,37],[13,8],[10,-48],[22,3],[5,20],[-13,10],[18,15],[1,17],[-18,4],[3,11],[-32,23],[-3,20],[-22,28],[-36,3],[17,15],[-5,17],[-14,3],[-17,-10],[4,15],[-33,10],[-8,11],[-10,-7],[0,11],[-15,-3],[1,8],[11,0],[-25,7],[4,12],[-47,9],[-4,14],[11,9],[-8,7],[48,0],[1,13],[-16,7],[5,32],[-18,6],[19,13]],[[72254,40351],[27,-6],[53,-43],[3,-74],[49,-44],[124,-14],[83,-22],[27,10],[45,49],[42,0],[34,-23],[41,-64],[74,-70],[92,11],[81,62],[37,4],[30,-8],[37,-42],[-1,-90],[-21,-30],[-63,-45],[-11,-25],[64,-67],[30,-16],[37,-1],[43,13],[44,55],[28,80],[-5,65],[-79,51],[-23,36],[-5,39],[9,42],[14,22],[23,9],[163,-47],[27,-56],[48,-161],[59,-86],[32,-19],[48,-3],[57,21],[3,74],[-82,126],[-2,49],[12,30],[37,11],[123,-73],[25,-75],[-8,-16],[-57,-44],[-20,-48],[-25,-27],[15,-23],[-2,-17],[-47,-40],[14,-24],[32,-17],[30,-2],[22,9],[108,134],[68,15],[63,44],[36,10],[84,-11],[57,-48],[22,-45],[15,-67],[-32,-42],[-80,-23],[-31,-21],[6,-33],[32,-14],[67,3],[144,44],[112,-4],[52,17],[86,56],[75,75],[40,10],[33,-22],[21,-59],[-25,-176],[28,-51],[49,-21],[41,15],[79,80],[38,59],[12,56],[16,21],[33,15],[129,3],[39,55],[49,33],[30,35],[8,63],[-7,44],[-59,56],[-77,49],[-29,39],[-3,33],[34,26],[104,-15],[47,-18],[16,-16],[22,-78],[-2,-142],[42,-64],[40,-35],[27,0],[66,37],[29,72],[35,140],[34,19],[33,5],[27,-4],[31,-23],[92,-35],[15,-23],[69,-52],[71,-22],[80,-39],[131,-92],[68,-8]],[[76161,39817],[-2992,-1029],[62,-109],[22,-81],[17,-20],[44,-16],[12,-27],[17,-12],[42,4],[57,34],[25,-33],[69,-20],[47,24],[36,-6],[3,12],[27,5],[19,20],[75,-7],[12,18],[23,7],[31,-12],[0,-18],[20,-1],[12,-29],[39,-23],[28,-57],[25,-26],[-2,-17],[-11,0],[16,-30],[22,-11],[26,5],[13,-7],[12,17],[18,-28],[44,3],[15,-27],[47,16],[49,-40],[59,51],[3,17],[20,12],[11,-6],[1,10],[13,-4],[50,30],[85,-6],[23,-9],[-8,-17],[34,1],[2,-15],[25,-14],[9,-59],[11,2],[-6,-17],[9,-7],[-13,-4],[-8,-17],[8,-17],[-7,-19],[15,-28],[23,-3],[28,-34],[10,1],[9,-47],[12,7],[12,-6],[20,-33],[22,-11],[-1,15],[31,-2],[2,-14],[61,-39],[23,8],[9,-24],[30,-16],[7,-19],[1,-15],[-15,-6],[3,-16],[34,-15],[38,-45],[54,-6],[2,-11],[17,-1],[-2,-24],[16,-8],[7,-18],[-8,-14],[-25,-9],[16,-25],[-12,-26],[29,-20],[-4,-7],[10,-2],[-10,-8],[20,-1],[-6,-9],[33,-3],[-5,-22],[16,2],[-5,-6],[19,-22],[-6,-17],[21,-7],[-9,-19],[5,-6],[12,5],[2,-19],[20,-8],[-9,-21],[14,-7],[28,4],[-20,-17],[22,-7],[-6,-11],[11,3],[-7,-21],[41,-33],[-7,-5],[22,-27],[2,-20],[16,-1],[13,-20],[13,-2],[-11,-25],[22,-20],[24,-4]],[[75252,37321],[-22,-25],[13,-21],[-7,-14],[16,-12],[-5,-5],[20,-6],[-6,-26],[13,9],[-8,-21],[14,-10],[-20,-5],[-2,-16],[18,10],[-3,-31],[11,0],[-7,-9],[9,-1],[0,-16],[42,-25],[42,-7],[2,-11],[18,4],[43,-48],[22,2],[9,-10],[55,-16],[42,10],[13,-14],[-8,-13],[13,0],[1,-8],[8,11],[14,0],[18,-14],[4,15],[14,-12],[20,12],[8,19],[4,-10],[24,2],[0,-14],[53,14],[1,-13],[14,1],[12,-27],[17,19],[4,-10],[6,6],[20,-6],[6,-11],[2,9],[17,-6],[2,-11],[29,-20],[-5,-7],[33,-16],[45,-45],[17,-4],[59,7],[21,13],[4,18],[-12,31],[15,22],[53,-17],[5,-13],[-30,-31],[9,-24],[71,-56],[76,-18],[8,-20],[-28,-17],[-38,6],[-35,39],[-52,10],[-17,-18],[5,-29],[-9,-35],[118,-64],[87,5],[74,51],[22,-9],[27,-46],[15,-1],[16,34],[47,21],[-10,15],[-58,18],[6,17],[36,29],[139,12],[27,10],[39,32],[49,10],[28,-18],[-18,-39],[5,-16],[20,-7],[52,4],[30,18],[-1,44],[32,9],[29,-14],[1,-47],[42,-30],[20,-31],[17,-7],[42,3],[28,-41],[45,-16],[48,-3],[78,70],[36,3],[10,-89],[39,-30],[66,-20],[52,-54],[10,-30],[25,-2],[24,8],[31,37],[54,32],[22,38],[-4,29],[-24,43],[-77,37],[19,30],[67,-2],[122,-83],[28,-3],[21,15],[18,42],[51,4],[3,39],[45,42],[40,17],[26,-1],[51,-23],[4,-31],[-14,-11],[-51,-3],[-23,-11],[-14,-22],[12,-19],[107,-25],[17,6],[22,36],[13,1],[71,-76],[32,-2],[24,44],[11,3],[21,-18],[15,-46],[34,-5],[54,20],[26,39],[-13,30],[-62,19],[1,13],[15,9],[54,-16],[43,-62],[17,-8],[34,6],[39,25],[36,-24],[12,7],[-1,32],[-31,93],[12,18],[27,-4],[24,-25],[27,-62],[25,-3],[19,15],[25,47],[0,25],[-21,9],[-64,1],[-18,13],[3,29],[31,23],[46,-1],[125,-77],[101,29],[30,-35],[63,19],[62,-14],[45,30],[36,45],[14,88],[31,19],[26,1],[49,-16],[45,9],[25,-7],[1,-26],[-59,-34],[0,-18],[21,-16],[54,-12],[33,-43],[27,0],[31,37],[19,-5],[-2,-42],[-32,-38],[12,-9],[48,5],[-9,-17],[10,-15],[-27,-15],[16,-80],[29,-19],[44,-2],[121,-43],[-9,-55],[10,-35],[-9,-22],[-26,21],[-37,-2],[18,-22],[-34,-14],[12,-15],[-9,-22],[-35,-13],[-2,-45],[15,-2],[21,21],[15,-24],[-6,-8],[-27,-7],[-30,5],[-24,-25],[-31,12],[37,7],[1,12],[-39,-1],[-22,21],[-31,-20],[-34,-5],[8,-13],[32,10],[7,-5],[-23,-25],[6,-20],[32,11],[-17,-53],[-27,-38],[-14,1],[-5,19],[-14,7],[-21,-5],[-12,-16],[-12,18],[-69,-5],[-1,-13],[24,-15],[-26,-23],[-18,-41],[-80,-23],[-20,-15],[-38,3],[-29,-26],[-2,-19],[-32,-5],[-23,-19],[-18,2],[-9,14],[-35,-2],[13,-27],[39,-5],[4,-12],[-43,-3],[-22,-22],[-25,18],[-16,-3],[-9,-5],[1,-23],[-48,-13],[-22,-16],[50,-21],[1,-14],[-22,-12],[3,-13],[34,-5],[39,-25],[-59,-42],[0,-18],[25,-20],[-42,-1],[-96,-61],[-51,-9],[-17,-31],[-13,26],[-39,-12],[-7,31],[-21,10],[-7,-35],[-22,-18],[-22,0],[-19,-29],[6,-38],[-17,-31],[-25,-19],[-32,25],[-7,-13],[9,-31],[-16,19],[-18,-8],[5,-32],[-31,-24],[-4,-33],[-32,13],[-14,-17],[-22,-5],[4,26],[-27,15],[10,-17],[-5,-13],[-41,-6],[-27,20],[-12,-23],[13,-21],[-22,-6],[-15,11],[-5,27],[-18,-3],[8,-25],[-32,0],[-2,27],[-38,-5],[16,16],[-3,13],[-68,26],[-49,-17],[-11,-40],[-48,-4],[-8,14],[9,21],[-42,-3],[-22,-17],[14,-27],[-8,-16],[-49,-26],[-19,14],[1,35],[-9,5],[-43,-18],[-33,-33],[-8,8],[12,20],[-50,-26],[-67,-7],[-32,16],[-21,-19],[-35,4],[-2,-40],[-34,26],[-18,-3],[-25,11],[9,-46],[-36,12],[-11,-29],[5,-22],[-49,9],[-8,-9],[13,-18],[-5,-7],[-20,17],[-29,-1],[-6,20],[-13,2],[-21,-24],[12,-45],[-25,2],[-21,23],[-22,-53],[-28,38],[-14,-25],[-51,2],[1,10],[19,7],[-24,14],[8,34],[-22,19],[-4,18],[-28,-6],[-34,13],[-17,-7],[-14,-44],[35,-22],[2,-20],[-13,-14],[-34,4],[-19,-8],[-27,5],[-1,23],[-17,11],[4,22],[-27,1],[-17,15],[-31,-12],[-16,-39],[-16,15],[-38,-11],[-7,-22],[-47,-1],[-25,22],[-42,4],[-23,49],[-22,-22],[-23,-8],[-5,-46],[-14,6],[-9,-12],[-38,-9],[-36,25],[-30,-8],[-35,-25],[3,-20],[26,15],[-13,-30],[38,-24],[-33,-27],[-7,24],[-14,6],[-17,-25],[28,-12],[-1,-17],[-92,21],[-49,-20],[-2,-16],[35,14],[4,-22],[-26,0],[1,-26],[-37,-4],[18,-26],[-2,-18],[-32,17],[-34,-3],[-39,9],[-14,-41],[-47,-13],[-10,13],[19,15],[1,29],[-30,7],[1,30],[-64,-15],[20,-16],[-23,-24],[-29,17],[-2,34],[-17,5],[-31,-13],[-34,-48],[-32,5],[-7,-32],[-22,-20],[-52,18],[-18,-19],[-12,18],[-28,-47],[-23,-3],[-23,21],[-5,-17],[-33,-1],[-7,-24],[-26,13],[-1,25],[-23,0],[-21,20],[-18,-11],[-23,5],[-7,-24],[-21,11],[-18,-19],[3,-29],[-26,-17],[-21,23],[-3,-35],[-12,0],[-11,32],[-56,14],[-12,-9],[2,-12],[38,-31],[-56,-14],[-18,17],[-47,-16],[-12,-36],[28,-16],[-43,-7],[23,-13],[-8,-15],[-50,12],[-8,14],[-12,-5],[-1,-13],[-13,-1],[-15,10],[-14,32],[-46,-4],[-18,16],[-6,-40],[-20,-7],[-13,-18],[-68,30],[-7,-9],[15,-14],[-27,-14],[5,36],[-17,9],[-25,-45],[-30,-20],[-10,25],[-16,4],[13,15],[-17,19],[-3,-17],[-24,-14],[-9,21],[-28,-4],[2,29],[32,-5],[1,13],[-45,1],[-14,25],[-15,-4],[2,-20],[-13,-2],[-28,35],[1,-33],[-13,-17],[-15,1],[-2,15],[17,14],[-41,1],[21,18],[-43,8],[-11,17],[-17,-16],[-8,20],[-38,-15],[-47,-1],[-4,-12],[27,-15],[-9,-48],[-25,5],[-1,23],[-29,-17],[-31,15],[-34,-14],[-26,24],[33,25],[-21,8],[-19,27],[-28,16],[-27,-14],[16,-15],[-5,-12],[-15,-4],[-23,16],[-24,-4],[30,-24],[-19,-30],[-107,29],[-11,-10],[15,-17],[-6,-21],[-23,-2],[-14,-18],[-13,6],[-5,19],[-31,-14],[-12,36],[-23,-19],[-44,-9],[-35,18],[-23,33],[-36,7],[-6,-11],[27,-31],[-11,-6],[-55,22],[-40,35],[-39,-29],[2,-23],[-40,4],[-7,25],[-11,2],[-14,-39],[-23,-7],[-22,19],[-4,49],[-34,-1],[-17,12],[12,44],[-10,15],[-13,1],[-37,-66],[-33,11],[-9,23],[-26,0],[18,-28],[16,-4],[-2,-11],[-14,-13],[-20,10],[-11,-15],[17,-11],[-21,-14],[17,1],[1,-10],[-9,-8],[-16,3],[8,-16],[-12,0],[-1,-10],[11,-13],[-14,-18],[-17,-3],[-3,-23],[-9,0],[-3,25],[-8,-17],[-20,-8],[15,-15],[1,-20],[20,6],[4,-10],[-15,-11],[-11,6],[3,-10],[-47,-20],[-7,10],[28,13],[-10,11],[-44,-17],[-15,-20],[-10,9],[-7,-18],[-24,-5],[12,-6],[-8,-9],[8,-10],[-10,-7],[-17,15],[-1,-17],[-24,-16],[-22,20],[6,-14],[-15,-4],[3,-18],[-18,-14],[-10,18],[-17,-29],[-13,8],[1,-15],[21,-20],[-26,-2],[-105,-83],[-8,14],[-9,-1],[9,-17],[-21,-14],[-28,-3],[-8,18],[-26,2],[-10,-12],[21,-7],[-18,-8],[-30,12],[-15,-49],[-36,-6],[-5,17],[-13,3],[19,-55],[-55,-4],[-37,-52],[-21,5],[0,38],[-13,11],[-18,-11],[-32,-2],[21,-16],[3,-14],[-25,-17],[-32,37],[-15,5],[10,-40],[-45,-22],[-30,8],[-52,-2],[-35,33],[-13,-41],[-13,-5],[-4,-16],[-18,-1],[6,-12],[-31,-9],[-4,19],[-12,-12],[-23,10],[-15,-6],[-26,-35],[-32,47],[-85,-49],[-77,23],[47,-49],[-24,-23],[-18,8],[-9,-27],[9,-28],[-31,14],[-92,7],[-21,0],[-23,-24],[-14,1],[-11,15],[-17,-7],[-16,6],[-2,-18],[-11,-5],[9,-28],[-14,-18],[-37,-4],[-50,-25],[-21,-33],[-10,6],[-8,-7],[-22,20],[-7,-16],[-65,-31],[-33,0],[-21,-21],[-41,-18],[-18,-22],[-30,-12],[-101,-75],[-12,-12],[2,-27],[-16,-23],[-24,-7],[-11,-32],[-16,4],[2,-15],[-23,2],[-23,-40],[-29,-19],[-19,3],[-20,-32],[-39,-33],[-58,-21],[4,-11],[-12,-5],[9,-12],[-13,-17],[-14,-3],[-18,-23],[-16,6],[-38,-14]],[[71060,33477],[-36,-16],[-17,9],[-38,54],[-31,15],[-37,-2],[-16,13],[-29,1],[-55,30],[-39,54],[-57,14],[-2,16],[-35,25],[-15,32],[-10,3],[-49,-41],[-55,-12],[-10,5],[-11,15],[-36,12],[-11,17],[-30,13],[-47,64],[-21,5],[-25,-8],[-31,27],[-31,7],[8,23],[-8,12],[-30,-17],[-26,3],[-42,-16],[-65,11],[-43,-10],[-36,-84],[12,-41],[0,-62],[34,-161],[30,-35],[23,-52],[-26,-38],[-38,-121],[39,-71],[1,-14],[-22,-26],[34,-22],[4,-41],[-39,-32],[-110,-126],[-81,-19],[-16,-48],[-88,-75],[12,-54],[-12,-41],[8,-22],[-29,-58],[4,-26],[13,-12],[-18,-10],[-23,-46],[-26,-10],[16,-29],[-22,-1],[0,-24],[-23,-7],[-8,-118],[-49,-11],[-7,-16],[-51,-38],[-33,-13],[-25,-29],[-21,-58],[10,-24],[19,-4],[-18,-23],[23,-25],[-14,-57],[8,-42],[-31,-48],[-4,-29],[-27,-21],[5,-15],[-19,-8],[14,-63],[-21,-6],[-18,10],[-10,-9],[0,-38],[-55,-13],[-13,-24],[10,-12],[-22,-12],[13,-16],[-23,-21],[3,-7],[19,3],[1,-27],[-33,-9],[16,-35],[-16,-9],[-2,20],[-11,2],[1,-25],[-16,-22],[5,-14],[-43,-26],[23,-21],[-1,-11],[-19,-2],[-2,19],[-20,-11],[1,-12],[31,-28],[1,-20],[-14,-4],[-17,26],[-7,-14],[14,-25],[-2,-20],[-16,6],[-8,18],[-19,-8],[8,-37],[6,-6],[15,5],[4,-18],[-13,-4],[-35,25],[-7,-4],[3,-23],[-16,-11],[12,-40],[22,-5],[14,17],[11,-4],[-16,-34],[-35,0],[-53,-21],[-35,8],[-14,17],[-14,-5],[-3,-17],[-4,27],[-20,-15],[47,-53],[-12,-13],[-2,-35],[11,-3],[26,14],[7,-5],[-5,-19],[-51,-21],[-9,-15],[48,-6],[11,-25],[-18,-13],[3,-24],[9,-4],[17,11],[6,-25],[-3,-8],[-21,-2],[11,-12],[-11,-13],[13,-3],[10,13],[6,-6],[-38,-44],[-47,-12],[5,-25],[-17,-11],[10,-14],[-10,-20],[21,-17],[40,14],[6,-32],[33,9],[-7,25],[34,-10],[23,-34],[-14,-37],[20,3],[19,-14],[-9,-47],[-22,-19],[30,-14],[-1,-17],[25,10],[15,-10],[19,2],[14,-17],[26,7],[-16,-23],[5,-11],[-16,-3],[-4,-14],[7,-10],[17,17],[21,-7],[2,-57],[18,1],[3,-7],[-29,-17],[68,-11],[-38,-18],[-4,-42],[75,-15],[28,-19],[30,-66],[33,-37],[-4,-15],[-16,-17],[-95,-25],[-159,62],[-85,71],[11,51],[30,62],[3,53],[-11,26],[-26,13],[-26,0],[-115,-40],[-10,-32],[5,-32],[77,-102],[37,-33],[1,-33],[-10,-14],[-73,3],[-50,55],[-25,46],[-18,-28],[-35,-15],[-34,28],[-43,-5],[6,-15],[27,1],[26,-10],[6,-13],[-21,-7],[-27,12],[-15,-10],[4,-9],[23,6],[1,-14],[26,-5],[-6,-43],[-27,16],[-45,2],[2,-17],[45,-8],[9,-9],[-6,-11],[-30,-4],[19,-25],[-23,-16],[22,-25],[37,29],[14,-29],[-44,-10],[5,-8],[24,6],[12,-7],[-4,-10],[-31,4],[-12,-8],[40,-25],[-8,-17],[-39,10],[13,-10],[4,-31],[-12,-6],[-20,20],[-25,-15],[-11,-21],[4,-9],[24,4],[7,-20],[26,0],[1,-13],[-60,11],[-26,-38],[2,-9],[19,-3],[-17,-32],[26,-9],[17,10],[-2,-29],[-36,8],[-29,-5],[-10,9],[-21,-6],[-17,11],[-8,-11],[15,-11],[-47,-16],[-1,-15],[-15,3],[-6,-18],[-15,11],[-16,-1],[-7,-19],[-14,-1],[-19,-50],[-13,-10],[-13,3],[-8,-15],[-15,2],[4,-21],[-24,-14],[11,-13],[-15,4],[4,-9],[-13,-16],[-20,-4],[11,-36],[-18,-13],[0,-12],[-20,-2],[2,-14],[-15,-9],[-12,3],[7,-9],[-8,-9],[-17,4],[7,-14],[-23,-10],[-1,-16],[-28,-7],[7,-11],[-29,-2],[-9,-17],[-47,-27],[-87,1],[-35,-16],[-35,0],[-33,22],[13,15],[-6,11],[12,3],[-9,18],[-27,12],[-34,-14],[2,17],[-31,-4],[-2,15],[-27,5],[4,9],[-10,6],[-98,-37],[-103,6],[-52,-64],[-29,-7],[-22,-49],[-14,0],[-7,-11],[-51,-2],[-7,-40],[-21,-16],[10,-31],[-14,-36],[20,-55],[-21,-90],[-24,-47],[-87,-61],[-69,-12],[-42,-30]],[[58120,45167],[32,-24],[36,18],[39,53],[22,11],[27,-4],[27,20],[-5,23],[31,39],[39,3],[49,-13],[50,25],[20,-3],[7,-18],[-12,-9],[18,-2],[-9,-28],[-17,5],[-8,-20],[8,-36],[6,-6],[11,11],[7,-8],[13,8],[16,-8],[3,-11],[-15,-19],[21,-2],[-4,-9],[9,-4],[-11,-1],[2,-16],[-11,-2],[27,-5],[27,-29],[-9,-1],[-5,-24],[19,-12],[-2,-12],[50,-13],[10,-11],[0,-19],[-16,-14],[3,-32],[28,-30],[49,-5],[16,-14],[-1,-17],[51,-8],[30,5],[39,-10],[9,-16],[25,-3],[6,8],[5,-12],[20,9],[-17,15],[6,12],[18,-2],[-1,-8],[21,-8],[73,1],[11,-8],[-1,-20],[17,-8],[-7,-24],[16,-47],[-8,-28],[10,-26],[63,-42],[23,-3],[-2,-23],[28,-10],[15,6],[60,-6],[21,-11],[65,50],[32,11],[19,24],[46,22],[554,-9],[27,23],[64,18],[8,32],[29,18],[29,-6],[26,-19],[32,3],[19,-12],[90,2],[16,-10],[47,4],[35,-9],[62,45],[23,-8],[22,15],[36,-3],[9,10],[90,10],[40,45],[61,14],[9,22],[32,5],[5,17],[40,13],[13,37],[29,-11],[11,14],[32,0],[15,17],[-7,37],[20,-2],[3,9],[30,-7],[9,20],[9,7],[13,-5],[-1,16],[15,9],[29,0],[9,-16],[15,-4],[36,6],[12,15],[37,-6],[8,19],[15,-1],[11,20],[22,1],[13,26],[45,-3],[17,-22],[29,6],[1,14],[11,-4]],[[61316,45154],[0,-1],[1,0],[0,1],[-1,0]],[[61316,45154],[-12,16],[11,16],[12,-6],[-2,19],[13,-4],[15,15],[10,-9],[18,11],[0,13],[16,0],[10,-28],[13,7],[-10,-18],[57,24],[6,-16],[12,6]],[[61485,45200],[0,-1],[-1,0],[0,1],[1,0]],[[61485,45200],[13,9],[-1,-7],[4,0],[22,24],[14,-28],[-13,-1],[-2,-6],[24,-6],[15,28],[33,-12],[38,29]],[[61632,45230],[0,1],[1,-1],[-1,0]],[[61632,45230],[-2,12],[18,13],[-6,14],[18,-8],[12,-32],[48,8],[15,8],[-6,6],[16,-7]],[[61745,45244],[0,1],[-1,0],[0,-1],[1,0]],[[61745,45244],[13,7],[-19,13],[24,-3],[7,14],[20,-27],[20,5],[-4,-17],[14,8],[8,-6],[1,18],[19,-4],[16,18],[6,-7],[17,4],[20,-19],[-7,-5],[12,0],[1,-14],[12,8],[0,-6],[22,0],[1,-26],[25,-2],[-14,-19],[11,4],[8,-9],[-6,-11],[17,-3],[-3,-16],[14,-4],[17,17],[18,-4],[-10,-17],[15,-8],[10,9],[0,-23],[15,-3],[17,54],[22,-7],[-3,-24],[33,12],[0,9],[-20,3],[7,22],[18,-19],[14,3],[-7,-9],[12,-2],[1,-24],[14,-10],[16,4],[-9,9],[10,-1],[-4,9],[10,5],[18,-1],[0,-8],[20,15],[15,-6],[1,17],[14,13],[-8,11],[6,14],[12,-5],[-7,-9],[31,12],[1,-14],[13,-6],[18,10],[13,-19],[-1,10],[35,0],[9,12],[22,-12],[5,-25],[6,10],[15,-8],[0,-12],[12,0],[10,21],[21,-11],[4,7],[24,-16],[-5,-17],[31,4],[6,-12],[-8,-5],[18,-10],[6,16],[21,-4],[-4,9],[20,8],[-5,23],[33,-10],[9,13],[14,-4],[-6,15],[13,4],[17,-25],[20,-4],[-13,-8],[14,-23],[50,-3],[6,10],[32,2],[51,-22],[13,15],[0,-14],[35,-3],[8,-17],[35,-2],[-4,-18],[46,1],[12,-14],[14,0],[-3,-16],[17,-4],[5,-15],[8,11],[18,-28],[36,1],[18,-16],[36,13],[4,-17],[-11,-7],[19,-17],[22,19],[28,-2],[16,-18],[32,16],[-1,15],[14,3],[5,-15],[12,4],[9,-12],[8,27],[17,-8],[18,13],[-22,12],[15,17],[10,-6],[14,35],[14,-7],[23,4],[32,11],[-1,11],[21,-1],[-1,14],[12,0],[-10,6],[27,11],[-15,9],[10,11],[-13,-4],[16,11],[-4,19],[-10,-3],[2,18],[13,-7],[5,10],[16,-6],[10,16],[-9,20],[20,-2],[14,-14],[29,7],[2,-14],[14,19],[6,-28],[18,4],[-13,23],[9,10],[21,-14],[34,-5],[-16,-13],[20,-7],[3,-10],[23,17],[-4,15],[35,-3],[-9,17],[31,9],[14,29],[15,-3],[-8,-19],[20,7],[-2,15],[22,-6],[-7,23],[16,-6],[20,10],[-16,12],[4,6],[17,-6],[11,-21],[10,13],[51,-10],[39,27],[1,15],[35,-9],[6,22],[22,-3],[13,9],[-2,-21],[17,14],[77,-39],[-20,-28],[-2,-43],[-43,9],[-21,-12],[-6,-21],[29,-24],[-29,-34],[15,-78],[32,-6],[8,18],[11,2],[36,-19],[15,-29],[-9,-9],[-72,-15],[12,-21],[35,-16],[0,-25],[-12,-9],[-12,18],[-39,2],[-39,32],[-25,-9],[-3,-15],[25,-54],[-31,-7],[-8,-15],[37,-8],[10,-11],[-1,-87],[-13,-10],[-33,-4],[-20,-31],[19,-47],[76,-4],[29,-17],[2,-15],[-33,-27],[-21,18],[-47,-8],[-25,15],[-25,-29],[4,-23],[51,-12],[-1,-90],[-28,23],[-47,-25],[-36,30],[-31,-32],[-63,-36],[-3,-21],[12,-6],[49,27],[6,-36],[-19,-23],[36,-22],[8,-22],[-21,-41],[-29,-4],[-13,27],[-65,5],[-30,-18],[-22,-42],[-71,-10],[-59,-29],[-4,-11],[13,-13],[67,-26],[-13,-39],[25,-18],[4,-14],[-39,-4],[-8,-10],[26,-22],[39,-14],[-6,-10],[-31,-6],[-11,-17],[66,-16],[-8,-29],[29,-35],[-12,-7],[-32,18],[-34,-11],[-22,-28],[6,-28],[-9,-18],[-7,34],[-36,34],[-42,-51],[-47,-6],[-23,-36],[-32,-11],[10,-12],[30,-2],[22,-16],[25,-4],[-23,-55],[7,-21],[26,-24],[-25,-19],[-47,30],[2,-30],[26,-23],[4,-58],[-15,-3],[-29,21],[-38,-9],[-3,-9],[17,-20],[-2,-23],[-33,12],[-13,-21],[-42,-4],[-23,-18],[10,-10],[16,18],[19,0],[23,-16],[1,-12],[-27,7],[-37,-16]],[[60046,42516],[0,29],[-13,-13],[-43,32],[-11,-17],[-19,9],[-11,-5],[8,-11],[-13,-4],[-8,-38],[-37,-11],[-20,10],[-2,-12],[-14,7],[-8,-9],[-15,1],[0,-9],[-25,20],[-41,-15],[-11,14],[-14,-11],[22,-9],[-9,-12],[-20,7],[-6,-7],[12,-8],[-36,-9],[-10,10],[14,-1],[10,13],[-13,-2],[5,17],[-8,8],[-37,-12],[-16,6],[-18,-15],[-27,17],[6,-21],[-14,15],[-13,-12],[-23,8],[2,-13],[-19,-9],[-37,4],[8,-8],[-7,-8],[-11,13],[-5,-10],[-7,3],[-6,27],[-23,-17],[-2,9],[-20,0],[-17,-10],[-4,13],[-29,7],[-4,-6],[42,-51],[-41,-9],[-1,17],[-33,6],[15,-13],[-17,-8],[-14,-36],[-23,4],[-15,15],[0,17],[-10,-1],[25,57],[-14,-10],[1,18],[-20,-8],[-14,15],[-1,-15],[-6,8],[-11,-3],[5,14],[-15,0],[9,14],[-11,15],[-10,-13],[-14,12],[-23,1],[19,-33],[-10,-17],[-29,8],[-2,15],[-25,-7],[-4,10],[16,5],[-12,9],[-43,-6],[-6,9],[15,-1],[5,12],[-6,16],[-26,-5],[-16,18],[4,-16],[-33,-3],[-36,-19],[-12,5],[-5,21],[-10,-6],[-11,12],[-46,-40],[-27,-8],[-9,17],[11,-3],[-7,16],[9,6],[-7,8],[-3,-9],[-9,5],[-10,16],[16,8],[-32,9],[-17,-13],[-32,12],[-3,36],[-13,15],[15,8],[-31,30],[-6,-17],[13,-4],[-17,-30],[6,-8],[-24,0],[1,9],[9,-1],[-2,22],[-16,-1],[-1,12],[-28,-14],[7,-33],[-15,-1],[-15,14],[-31,-6],[-8,14],[-24,-2],[10,37],[-18,6],[4,8],[-17,10],[9,14],[-20,2],[4,18],[12,6],[-7,21],[-9,0],[13,10],[-11,30],[-9,3],[-1,-7],[-2,10],[-32,8],[1,-15],[-18,-7],[-2,15],[-22,-3],[-31,24],[-5,-5],[-17,15],[-37,10],[5,15],[-10,13],[12,-2],[-10,8],[15,6],[-5,16],[8,2],[-10,3],[6,7],[-11,-1],[11,8],[-13,4],[-1,13],[-24,6],[7,45],[-22,6],[-43,-13],[-17,14],[10,-29],[-22,-3],[-27,18],[-7,-9],[-2,8],[-12,-6],[-7,7],[3,-7],[-13,-5],[-6,12],[-24,1],[-16,23],[-35,15],[-26,-18],[-26,43],[-3,-19],[-12,4],[2,16],[-11,4],[-35,-14],[-26,8],[3,21],[-21,10],[-1,18],[-21,15],[-19,-1],[-11,20],[-21,-27],[-56,-23],[-45,14],[19,16],[-26,10],[-19,36],[17,15],[-9,4],[14,25],[-21,-3],[-16,16],[-21,-1],[7,9],[-13,10],[-37,3],[-6,15],[11,16],[-12,10],[13,5],[-2,8],[-53,15],[23,34],[25,7],[21,-8],[14,34],[-36,28],[-40,-10],[0,11],[-22,7],[0,9],[-22,3],[0,9],[21,7],[-9,30],[-14,-2],[1,-10],[-22,13],[-23,-15],[-16,15],[-12,-6],[-33,6],[-4,-12],[-18,3],[-1,26],[-21,0],[-3,16],[29,25],[-4,26],[-10,-1],[-10,16],[-15,-8],[4,-10],[-13,-18],[-25,-3],[-4,16],[14,9],[-1,15],[-50,23],[-39,57],[0,19],[-22,38],[-20,-5],[-55,15],[-2,-24],[-17,-6],[-18,11],[11,17],[-15,5],[4,13],[-23,6],[-7,12],[-28,-6],[-7,8],[-22,-1],[-10,20],[-50,22],[-39,-12],[-20,18],[-35,-2],[-40,30],[4,25],[-52,8],[-17,17],[-41,-18],[-25,7],[-16,-8],[-31,-19],[1,-24],[-30,-16],[-13,2],[-18,-18],[-21,3],[-19,-23],[-2,-49],[-26,-8],[3,-27],[-21,-33],[24,-37],[-2,-52],[-51,-39],[-27,-6],[-15,-14],[-13,4],[-4,-24],[-63,-47],[9,-14],[-25,-35],[16,-147],[-18,-32],[-34,-15],[-4,-37],[-49,-92],[4,-28],[-14,-19],[-32,47],[1,85],[-10,-2],[1,18],[-17,5],[-14,39],[-82,39],[-26,-14],[-30,5],[-20,34],[2,41],[-19,3],[-6,15],[-12,-1],[-35,45],[-25,-7],[-22,8],[-7,15],[-50,15],[-31,-13],[-78,-4],[-72,-32],[-35,5],[-13,-7],[-39,25],[-6,18],[-25,7],[-23,-5],[11,30],[-18,12],[5,10],[-24,-12],[5,11],[-14,5],[1,24],[-41,17],[-7,13],[-10,-1],[-1,16],[-55,28],[1,16],[-28,37],[-33,-9],[-24,9],[3,6],[-32,-13],[-31,10],[-2,26],[15,4],[-10,41],[-20,13],[5,14],[-36,26],[4,25],[-15,20],[-4,-8],[-18,6],[-6,-15],[-21,5],[20,21],[-17,18],[4,16],[-19,13],[-1,34],[-32,22],[16,15],[-11,20],[-33,16],[-14,26],[-35,13],[-5,20],[-60,39],[-10,38],[-17,23],[-11,-1],[-14,38],[-67,15],[-31,26],[-27,3],[-6,59],[-7,8],[-31,2],[-31,30],[-9,21],[7,13],[-16,7],[5,18],[-48,23],[-12,26],[-27,3],[-1,-8],[-21,-6],[-17,14],[-4,23],[-29,11],[-5,21],[-16,11],[15,20],[-34,42],[-2,23],[-37,20],[-22,31],[6,27],[-17,12],[-4,29],[-22,32],[-27,-9],[-56,36],[-99,-76],[-60,-24],[3,-6],[-82,-49]],[[54155,44530],[-6,40],[-16,17],[-16,49],[-16,13],[-21,59],[-45,45],[5,31],[-18,22],[-6,81],[-57,72],[-22,56],[0,38],[-22,23],[-10,32],[-24,20],[75,100],[77,34],[-9,56],[41,48],[61,-21],[36,4],[53,-14],[77,15],[8,43],[-65,118],[-73,67],[-25,31],[2,14],[40,-19],[52,0],[26,10],[24,-27],[29,-9],[36,11],[47,-42],[119,-29],[19,3],[59,-28],[32,8],[93,-19],[67,-47],[122,-10],[8,-13],[25,-5],[20,-26],[34,18],[39,4],[30,-15],[42,-2],[23,-30],[87,-13],[17,-29],[19,14],[23,-9],[26,19],[21,-7],[53,5],[21,-50],[34,-5],[10,-28],[26,8],[22,-18],[42,-14],[-1,-25],[10,-8],[16,3],[5,-22],[43,-15],[26,4],[3,-11],[19,10],[20,-15],[27,12],[13,-8],[-4,-16],[9,-6],[20,3],[8,11],[18,-16],[18,18],[122,16],[32,-13],[21,-32],[25,13],[44,6],[67,-5],[64,22],[12,-32],[14,-6],[8,24],[18,9],[13,-5],[1,-25],[27,7],[9,-21],[55,-2],[19,-24],[25,21],[17,0],[17,-16],[33,16],[44,-19],[20,14],[9,-39],[39,1],[18,-24],[24,-11],[57,28],[11,-22],[157,21],[29,-23],[36,5],[66,-18],[82,10],[19,14],[24,-10],[13,10],[34,3],[11,15],[55,-19],[103,16],[49,-33],[12,13],[62,-30],[58,3],[24,-8],[8,21],[35,20],[33,-19],[78,8],[18,-20],[53,1],[27,-27],[38,-9],[6,-16],[28,-19],[39,22],[42,-21],[77,30],[35,-14],[9,39],[12,11],[37,-17],[-13,43],[14,14],[12,-3],[18,-27],[54,21],[-18,79],[-20,23],[-26,2],[-39,-35],[-18,6],[8,15],[33,13],[14,24],[51,4]],[[56194,37535],[-55,-13],[-8,-10],[29,-100],[39,-83],[-5,-30],[-23,-24],[-41,-12],[-34,7],[-12,15],[-8,76],[-27,29],[-46,8],[-77,-28],[-86,9],[-46,-9],[-18,-19],[-4,-21],[25,-48],[-1,-24],[-17,-16],[-35,-7],[-40,23],[26,50],[5,36],[-58,88],[-8,86],[-12,19],[-27,10],[-20,-5],[-46,-55],[-120,-44],[-64,-70],[-53,-14],[-57,12],[-25,29],[-11,32],[37,46],[1,15],[-18,60],[-27,6],[-28,-32],[-37,-21],[-131,-21],[-96,-80],[-6,-24],[13,-32],[27,-21],[69,-19],[21,-31],[-35,-45],[-77,-10],[-31,-29],[-4,-25],[20,-94],[26,-32],[-31,-62],[-40,-22],[-34,-4],[-19,8],[-32,41],[-35,12],[2,-3839]],[[54769,33177],[-2599,2003],[-4,-8],[-30,6],[-31,16],[-31,-9],[-51,16],[-31,26],[-53,-9],[-54,9],[-56,-23],[-20,14],[-79,-29],[-15,15],[-5,38],[-37,21],[-68,14],[-11,9],[0,19],[-31,7],[-93,-7],[-6,22],[-37,4],[-19,0],[-6,-19],[8,-23],[20,-10],[0,-14],[-11,0],[-17,-35],[-54,-3],[-14,24],[-65,-19],[-53,31],[-34,-7],[-29,7],[-5,12],[-12,0],[-11,28],[-22,0],[-3,-9],[-39,25],[-133,134],[-33,49],[-22,124],[-33,30],[-38,10],[-75,12],[-353,5],[-128,15],[-258,-15],[-44,13],[-8,16],[-16,-1],[5,11],[-88,82],[-54,-9],[-2,28],[-37,-5],[-23,10],[-8,-17],[-17,-7],[-11,5],[-17,-12],[-57,-7],[-51,14],[-8,24],[-20,-12],[-51,-7],[34,52],[-56,2],[-20,17],[-23,-14],[-31,19],[-56,-17],[-20,-17],[-14,24],[-28,5],[-6,16],[-34,7],[0,10],[-31,14],[-17,0],[3,21],[-23,22],[6,23],[28,0],[11,38],[-8,38],[-20,12],[6,5],[-23,73],[6,19],[-14,14],[-43,-10],[0,-26],[12,-18],[-6,-17],[-40,-2],[-17,-22],[-19,5],[-23,-14],[-22,9],[-15,-21],[-5,-40],[-23,-5],[-34,12],[-73,-52],[5,-5],[-59,-16],[-37,40],[6,5],[-20,63],[-31,15],[-14,-43],[-18,10],[-17,-3],[-9,11],[-46,-23],[-14,12],[-26,3],[-54,-8],[-45,48],[-45,9],[0,50],[-17,0],[0,19],[-14,4],[-28,48],[-14,4],[0,29],[42,23],[9,-14],[28,3],[8,30],[14,5],[0,10],[-17,7],[12,75],[-17,7],[-6,15],[28,14],[-2,33],[-15,19],[-39,0],[0,19],[-40,-5],[-28,21],[-23,3],[-2,-24],[-26,-9],[-5,-17],[-57,-21],[-6,-19],[-14,0],[-14,2],[-5,12],[-29,2],[-5,19],[-57,22],[-5,47],[-60,-19],[-68,24],[-14,-3],[-17,19],[29,2],[22,67],[62,4],[6,71],[-31,14],[3,31],[-34,24],[-45,-3],[-40,15],[0,9],[-39,2],[-46,22],[0,23],[-50,22],[-9,16],[-48,-2],[-11,16],[5,15],[43,23],[8,24],[-107,-2],[-43,-74],[9,-40],[-11,-2],[-86,31],[-5,11],[12,0],[5,14],[-22,38],[-29,5],[0,-19],[-11,0],[6,-12],[-43,-21],[-48,14],[-17,21],[12,3],[31,90],[3,61],[22,45],[-11,26],[59,166],[48,73],[51,2],[25,43],[46,47],[17,33],[-3,26],[13,38],[40,92],[40,62],[54,28],[82,0],[14,50],[-12,16],[6,14],[-11,38],[31,33],[45,113],[-6,95],[15,5],[0,10],[79,0],[11,16],[-25,45],[-29,23],[-20,46],[-96,30],[-33,26],[-12,53],[28,37],[-5,26],[-14,5],[-6,28],[-17,19],[-3,29],[23,7],[34,38],[22,11],[6,19],[45,31],[57,19],[56,40],[-22,57],[9,25],[41,39],[113,54],[6,42],[20,5],[42,-9],[12,-14],[28,61],[22,19],[40,-2]],[[48374,38956],[44,3],[15,-17],[44,-14],[52,-61],[60,-17],[-9,-30],[7,-35],[59,-72],[70,-31],[30,-26],[34,-6],[52,7],[13,-8],[44,-108],[18,-90],[36,-69],[1,-67],[22,-13],[18,3],[5,10],[17,-6],[34,-74],[64,-12],[18,10],[-9,18],[10,15],[-13,19],[14,-9],[94,20],[-4,26],[12,-1],[1,18],[21,12],[12,-6],[22,31],[38,4],[20,-16],[19,8],[15,-20],[26,-6],[41,28],[-1,12],[26,-11],[37,2],[20,25],[22,-8],[10,19],[8,-10],[69,31],[29,-3],[44,27],[6,14],[14,-3],[5,13],[18,-11],[38,23],[9,-10],[38,11],[17,-28],[36,-12],[-5,-13],[24,-15],[28,14],[17,1],[-4,-9],[10,-2],[15,16],[13,-16],[22,13],[2,18],[24,-15],[13,9],[34,-9],[8,21],[16,-6],[22,25],[32,2],[16,-10],[17,9],[2,-14],[31,11],[10,-10],[55,-10],[16,13],[12,-12],[9,11],[39,-8],[24,23],[32,5],[8,12],[13,-7],[7,9],[22,1],[10,-8],[7,16],[12,-7],[28,8],[16,26],[30,15],[8,-7],[14,15],[14,-19],[-13,-13],[42,-48],[30,-17],[4,-21],[25,-2],[23,15],[20,1],[52,-25],[12,12],[-6,33],[34,46],[73,-20],[54,36],[62,-41],[22,-3],[15,23],[33,3],[2,13],[-26,20],[4,13],[18,4],[50,-15],[40,9],[46,-43],[43,-11],[22,2],[34,27],[72,6],[29,-14],[49,-4],[26,-29],[20,-8],[27,0],[66,45],[57,9],[52,-40],[38,-6],[11,-26],[23,-12],[46,47],[28,12],[78,-27],[26,-26],[11,-38],[54,7],[15,-12],[23,9],[-31,83],[8,23],[46,8],[23,-28],[25,-8],[53,33],[46,-7],[36,18],[48,-32],[-4,-29],[13,-15],[-12,-16],[24,-5],[28,14],[63,-34],[42,18],[76,-75],[-12,-29],[8,-18],[15,-7],[49,15],[20,-9],[5,-9],[-11,-17],[-55,-18],[15,-24],[28,-2],[39,54],[50,20],[5,13],[-12,31],[14,16],[19,-9],[13,-38],[43,-12],[20,12],[1,31],[12,16],[16,-2],[8,-20],[24,-12],[31,37],[15,-10],[1796,401],[471,101],[30,-1],[69,40],[90,15],[19,14],[37,7],[30,-37],[3,-20],[31,-19],[32,-100],[60,-73],[58,-36],[16,10],[30,-10],[-12,-23],[13,-18],[67,4],[18,-8],[-1,-30],[-12,-1],[2,-20],[-14,-7],[-4,-17],[20,-35],[32,-1],[6,-25],[-12,-5],[3,-10],[29,4],[3,-35],[-15,-20],[31,-46],[-47,-25],[9,-21],[20,-10],[-7,-17],[-20,-18],[-27,1],[-7,-17],[-15,1],[-1,14],[-11,0],[-9,-10],[11,-10],[-7,-17],[12,1],[18,-18],[-4,-12],[39,-11],[10,-29],[13,-2],[0,-27],[40,-7],[12,-11],[12,-1],[15,21],[13,0],[-3,11],[13,10],[20,-16],[22,2],[7,13],[33,-12],[1,8],[10,-1],[0,20],[14,0],[9,-8],[-5,-10],[14,-1],[0,-16],[30,3],[-10,-22],[9,0],[-3,-12],[18,-2],[-1,-11],[15,-3],[1,-19],[28,-6],[-4,-9],[15,-14],[-21,-30],[19,-30],[-5,-37],[10,-2],[5,-38],[21,-9],[10,15],[40,-18],[-1,-15],[-29,-16],[16,-18],[-21,-12],[-8,4],[-9,-15],[10,-14],[-10,-1],[-8,-29],[8,-13],[-16,1],[-17,-20],[3,-19],[13,1],[13,-15],[-16,-7],[7,-17],[-24,-11],[10,-12],[-6,-7],[12,4],[-1,-12],[-33,-37],[30,-13],[-1,-7],[29,5],[-7,-19],[20,-27],[-6,-8],[26,-20],[-10,-5],[5,-7],[-18,1],[7,-14]],[[52893,47538],[-2,39],[-27,46],[52,89],[25,28],[66,23],[25,27],[54,-19],[43,93],[-3,66],[-24,0],[-47,97],[17,61],[-5,34],[-35,26],[-42,47],[153,38],[22,-5],[10,-27],[21,-19],[105,-30],[33,-27],[58,58],[-14,30],[24,28],[18,53],[90,-12],[48,10],[-5,-16],[24,-6],[21,16],[17,28],[-9,45],[26,58],[58,55],[24,-1],[47,35],[-7,23],[14,3],[0,18],[12,12],[4,59],[22,24],[-7,19],[49,29],[6,45],[-26,14],[-3,37],[24,47],[-2,20],[-60,16],[-22,61],[-27,6],[-19,30],[33,123],[54,47],[37,54],[50,22],[26,26],[84,17],[18,-13],[19,0],[21,20],[4,20],[28,13],[4,18],[31,-25],[40,-14],[44,27],[35,65],[2,26],[-7,32],[-30,5],[-2,12],[6,10],[34,10],[38,82],[37,3],[67,72],[79,13],[63,-5],[33,11],[-17,28],[7,21],[90,31],[40,37]],[[54687,49757],[51,40],[70,-13],[74,16],[51,58],[38,8],[34,19],[38,-16],[9,-22],[50,2],[37,-40],[19,-8],[49,-17],[48,3],[44,-16],[43,-68],[36,-30],[29,71],[45,45],[86,17],[64,-8],[16,12],[23,35],[56,52],[15,34],[34,25],[52,97],[59,29],[80,1],[74,156],[27,35],[86,61],[97,18],[118,79],[82,39],[65,74],[14,1],[43,-62],[19,-1],[6,-13],[35,-19],[23,-42],[61,25],[63,-28],[40,-9],[32,5],[48,-22],[48,-5],[23,6],[10,-14],[14,-2],[-10,-4],[-3,-30],[22,-26],[22,-5],[15,10],[2,-15],[14,-5],[34,11],[6,-8],[10,3],[5,-14],[45,-33],[21,1],[8,-17],[26,14],[2,12],[28,-2],[20,33],[21,6],[64,-29],[52,5],[48,-34],[61,-14],[35,12],[28,-2],[30,162],[41,96],[53,5],[60,37]],[[57725,50534],[33,1],[56,21],[95,-48],[28,1],[51,-24],[151,-32],[36,-29],[35,-12],[49,18],[58,38],[47,5],[32,32],[60,-59],[48,-8],[16,8],[29,56],[52,29],[10,31],[-6,56],[35,39],[38,23],[-3,37],[57,55],[-45,41],[47,76],[36,4],[-2,-32],[12,-14],[20,0],[42,28],[22,-3]],[[60285,49150],[-591,-3],[9,-24],[29,-12],[13,-16],[-11,-35],[-26,-27],[6,-29],[44,-24],[16,-38],[-10,-37],[14,-27],[29,0],[13,-10],[-17,-19],[34,-54],[-2,-19],[-25,-30],[-2,-40],[-11,17],[-18,2],[13,20],[-10,1],[-9,-14],[-17,13],[14,16],[27,-10],[-12,34],[14,3],[-6,14],[10,10],[-16,4],[-38,-17],[8,29],[-28,10],[0,-38],[-28,1],[-8,63],[-13,-8],[-18,16],[4,-14],[-17,3],[14,32],[-15,15],[-58,-5],[3,15],[-16,7],[-15,-24],[-37,50],[-11,-1],[1,-13],[-25,1],[-22,22],[-64,3],[0,12],[-20,4],[-17,19],[17,19],[-9,10],[16,11],[-7,13],[16,14],[-28,13],[16,9],[1,11],[-27,1],[-5,13],[-44,14],[-18,32],[-26,4],[-1,19],[-33,5],[-15,-11],[-10,12],[-12,-14],[-17,8],[-4,15],[-34,-3],[-16,22],[-18,1],[0,-15],[-32,15],[6,11],[-19,17],[-73,15],[3,13],[-18,-4],[-2,18],[-15,-2],[-13,21],[-28,-18],[3,12],[-12,-8],[-2,9],[-39,11],[20,32],[-55,-18],[-1,-24],[-5,18],[-13,-10],[-16,21],[-15,-11],[-23,20],[-15,-21],[-23,-7],[15,-11],[-3,-16],[-10,10],[-20,-7],[-13,9],[-14,-9],[-5,19],[15,11],[0,13],[-26,-18],[-18,8],[-28,-12],[6,13],[-17,14],[11,12],[1,28],[-18,15],[-224,-1238],[85,-23],[4,-35],[13,-17],[48,2],[52,-21],[23,32],[38,13],[29,23],[49,5],[79,-29],[15,-19],[-4,-17],[-52,-4],[-25,-11],[-25,-20],[-1,-21],[27,-19],[58,7],[40,-17],[3,-34],[-62,-45],[3,-20],[22,-15],[41,-5],[21,14],[14,40],[19,5],[17,-8],[11,-14],[-1,-24],[-37,-84],[23,-29],[56,-11],[9,-15],[-5,-20],[-36,-21],[-25,20],[-62,-17],[0,43],[-25,1],[-16,-21],[-25,-8],[-12,6],[-3,29],[-24,7],[-36,-7],[-10,-13],[6,-14],[26,2],[13,-9],[-14,-22],[-55,12],[7,-33],[-62,-41],[-32,-9],[-17,19],[-18,4],[-49,-30],[-28,17],[-38,-5],[-54,-29],[-15,-31],[-85,8],[-7,-21],[12,-29],[-9,-8],[-31,10],[-46,-19],[-23,17],[-36,-11],[-55,23],[-46,-31],[-7,24],[-36,7],[-41,-44],[-16,-4],[-16,21],[-29,-10],[-21,18],[-53,6],[-32,-35],[-14,15],[-26,-13],[-25,8],[-21,-19],[-24,-3],[-2,-10],[-32,-5],[-18,9],[-21,-16],[-84,-12],[-29,8],[-28,-19],[578,-509],[0,-597]],[[58034,46325],[-30,45],[-21,-3],[-29,-32],[-80,70],[-53,-15],[-30,18],[-40,-11],[-36,22],[-16,36],[-48,-16],[-21,4],[-6,11],[26,21],[5,23],[-40,7],[-27,19],[-23,-7],[-6,6],[-12,-16],[-43,-22],[-12,-30],[-34,22],[-53,-1],[-17,-25],[-44,-17],[-38,5],[-17,-22],[-35,-11],[-53,53],[-17,-1],[-37,-24],[-25,25],[-21,-1],[-25,-16],[-48,-2],[-7,51],[-32,29],[-56,-9],[-54,22],[-41,-16],[-92,7],[-24,-18],[-13,1],[-113,25],[-20,14],[-7,20],[-57,-10],[-38,28],[-88,25],[-141,17],[-68,-1],[-102,37],[-129,23],[-46,-14],[-38,14],[-111,8],[-333,68],[-110,33],[-156,-7],[-102,24],[-71,-13],[-41,10],[-72,0],[-90,33],[-52,4],[-36,13],[-63,-1],[-30,-9],[-29,11],[-35,-5],[-42,14],[-31,-8],[-26,7],[-18,-8],[-77,22],[-56,-21],[-145,18],[-48,56],[-49,24],[-24,61],[-1,33],[45,60],[-21,40],[5,56],[-14,33],[26,11],[-7,34],[-18,20],[-3,53],[33,25],[27,-2],[15,11],[74,15],[129,69],[53,56],[31,72],[22,22],[-22,69],[9,7],[-6,33],[-48,39],[-17,33],[-71,38],[-46,-6],[-25,-24],[-21,-2],[-15,-20],[-50,-6],[-151,20],[-79,24],[-103,-18],[-26,16],[-6,21],[-39,-26],[-8,-17],[5,-28],[-22,-32],[-3,-33],[-45,-66],[-100,51],[-15,-10],[-37,3],[-29,-26],[-59,1],[-32,-23],[-35,1],[-51,-50],[-5,-25],[-84,-33],[-27,-35],[-42,5],[-79,30],[-32,-2],[-16,-26],[-29,-4],[-23,8],[-5,27],[-29,-3]],[[72253,43036],[1,-2685]],[[72254,40351],[-32,9],[-38,-4],[-58,-41],[-45,-18],[-68,7],[-34,20],[-117,144],[-20,7],[-17,-13],[13,-108],[-59,-52],[-43,-7],[-71,53],[-74,114],[-56,18],[-14,-14],[-17,-52],[-15,-10],[-25,-7],[-76,7],[-54,-32],[-33,-98],[-25,-17],[-128,-22],[-45,6],[-20,28],[5,44],[-16,40],[-53,21],[-51,-28],[-62,-70],[-50,-6],[-73,19],[-35,25],[-6,183],[-37,70],[-49,26],[-82,-2],[-38,-18],[-15,-44],[37,-87],[-3,-24],[-68,-129],[-46,-60],[-33,-18],[-31,1],[-21,13],[-9,26],[16,79],[-12,45],[-26,25],[-31,11],[-58,-6],[-57,-32],[5,-36],[23,-47],[-30,-102],[-30,-42],[-20,-12],[-70,33],[-37,42],[-38,18],[-47,43],[-89,24],[-82,47],[-95,72],[-15,32],[-20,3],[-27,-24],[-3,-28],[34,-156],[-16,-38],[-28,-15],[-41,-7],[-37,11],[-46,44],[-17,41],[-16,12],[-188,45],[-60,-1],[-74,-97],[-31,-15],[-37,8],[-94,47],[-73,20],[-55,0],[-15,-12],[7,-24],[51,-33],[36,-47],[-27,-45],[-50,-8],[-108,28],[-83,-7],[-80,-28],[-33,-21],[-42,-72],[-66,-25],[-57,-2],[-133,19],[-15,15],[4,31],[70,87],[35,80],[1,33],[-29,33],[-47,9],[-78,-9],[-19,-34],[0,-94],[-58,-61],[-45,-5],[-207,125],[-86,135],[-95,71],[-42,3],[-33,-15],[-6,-37],[11,-34],[44,-56],[17,-61],[-7,-49],[-49,-67],[-25,-56],[-76,-77],[-39,0],[-22,24],[0,76],[25,48],[10,56],[-19,76],[-33,32],[-40,16],[-156,21],[-190,-31],[-15,-12],[19,-17],[108,25],[37,-4],[24,-13],[30,-70],[-37,-89],[-25,-26],[-47,3],[-82,26],[-66,1],[-156,-33],[-62,-23],[-156,-28],[-92,4],[-94,27],[-100,-9],[-83,-49],[-107,-125],[-29,36],[-38,89],[-84,35],[-84,5],[-51,-8],[-186,-69],[-69,7],[-138,45],[-92,56],[-31,30],[-10,58],[-94,166],[-52,38],[-78,11],[-24,-20],[-10,-79],[-28,-39],[-99,10],[-154,49],[-85,-15],[-36,-18],[-21,-24],[-37,-154],[16,-65],[-3,-66],[114,-81],[32,-50],[-13,-64],[-42,-45],[-67,-13],[-85,29],[-95,66],[-31,39],[-25,55],[-48,39],[-24,55],[-50,24],[-30,2],[-48,-19],[-37,-42],[-1,-29],[48,-70],[-10,-54],[-49,-46],[-93,-34],[-47,5],[-32,25],[-41,87],[-26,21],[-50,14],[-130,-17],[-53,-28],[-31,-30],[-71,-30],[-97,-138],[-115,-116],[-105,-55],[-39,-7],[-81,52],[-113,40],[-39,63],[-43,20],[-16,0],[-18,-14],[-48,1],[-17,-11],[-3,-17],[-36,-10],[-5,-10],[-22,8],[-26,-13],[-10,-10],[4,-11],[-21,-3],[3,14],[-11,-14],[-20,8],[5,-11],[-11,-15],[-10,3],[5,13],[-17,8],[-9,-9],[-6,11],[-10,-1],[3,-10],[-24,6],[-16,-20],[-4,10],[-11,-4],[7,30],[-33,1],[-14,17],[-35,6],[-8,14],[-10,-12],[-8,14],[-11,-5],[5,16],[-18,20],[15,5],[-19,8],[6,8],[-28,-2],[22,8],[-2,6],[-21,4],[-13,-9],[-15,24],[-13,-5],[-13,16],[-9,-7],[-37,11],[-13,14],[9,25],[-15,-3],[12,11],[-5,29],[-27,-22],[-51,2],[-13,19],[9,17],[-10,5],[13,2],[0,11],[-34,5],[14,1],[2,11],[-26,11],[2,23],[-10,1],[-20,-35],[-15,-1],[-37,20],[22,28],[-23,15],[3,17],[-17,19],[-17,-2],[-3,-11],[-36,-4],[0,24],[-22,18],[-51,-18],[6,21],[-22,7],[4,8],[11,-2],[-16,11],[-3,21],[-20,11],[7,13],[-10,11],[-10,-2],[3,7],[-15,-3],[-13,9],[-1,19],[-17,-18],[-15,17],[-10,-23],[-15,-5],[-21,14],[-1,11],[-11,-3],[2,14],[-15,13],[-14,-11],[-7,8],[-2,-22],[-13,4],[2,-24],[-16,12],[-22,-7],[-15,17],[-25,3],[-19,24],[9,2],[0,15],[-11,6],[11,17],[-15,20],[20,17],[-18,13],[-7,-4],[3,7],[-11,-2],[4,8],[-23,3],[5,-7],[-16,0],[-4,-13],[-14,19],[-2,-12],[-18,-1],[-1,-10],[-16,-3],[3,9],[-12,-4],[-3,8],[-4,-17],[-22,5],[-3,-6],[-7,7],[8,1],[0,19],[-10,-3],[-15,11],[6,35],[-17,45],[9,10],[14,-5],[7,25],[20,8],[0,-9],[14,11],[-32,10],[1,8],[-21,-1],[0,-10],[-21,2],[-13,16],[8,15],[-8,9],[-50,14],[-17,-5],[-4,22],[-9,3],[7,4],[-14,6],[2,17],[-38,5],[-10,38],[-22,27],[-38,12],[-18,65],[-21,29],[-14,-2],[-11,18],[-28,-16],[-30,47],[-40,-1],[-5,31],[-14,7],[-4,-9],[-17,19],[-35,7],[-11,25],[-21,7],[4,13],[-16,28],[-21,-2],[-16,32],[-19,14],[-17,-7],[1,10],[-33,28],[-7,-6],[-19,14],[-6,-6],[-6,18],[-19,7],[-42,54],[-26,-3],[-22,14],[-7,18],[-16,-5],[-28,9],[-31,-9],[-19,17],[-24,-7],[-25,9],[-12,25],[16,28],[-14,31],[7,42],[-38,14],[-3,22],[-17,-3],[-17,-17],[-15,-49],[0,-43],[15,-25],[-31,-32],[34,-49],[-16,-19],[-62,-28],[-3,-16],[-32,-21],[-14,-51],[-27,-12],[7,-37],[-36,-28],[9,-25],[-8,-30],[20,-6],[12,-18],[-10,-9],[13,-14],[2,-31],[-24,-6],[-14,-20],[-14,14],[-12,-7],[-10,9],[-18,-3],[19,-30],[-17,-11],[-2,-22],[-42,-11],[-54,-47],[-26,21],[-29,-1],[-14,-19],[-33,3],[-15,-15],[-54,-5],[-44,-39]],[[59962,40385],[-16,5],[5,19],[-36,34],[-14,37],[-15,-4],[-1,10],[-18,1],[-2,14],[-22,2],[5,12],[-13,23],[11,-2],[-7,10],[15,4],[-31,-1],[-16,22],[19,0],[-14,26],[9,15],[40,-8],[14,19],[-21,18],[20,6],[-3,7],[-10,-3],[13,10],[-17,20],[11,8],[-33,14],[9,5],[-7,12],[14,-7],[-12,9],[4,13],[-31,-1],[-16,20],[11,23],[2,-9],[27,21],[-20,32],[16,-2],[3,10],[7,-13],[6,12],[21,1],[-9,7],[41,9],[-11,4],[9,20],[23,16],[-1,12],[7,-7],[13,9],[-16,3],[12,9],[-20,14],[1,17],[12,3],[-8,13],[-21,2],[2,9],[-11,-1],[0,-11],[-16,13],[31,24],[-2,8],[39,-1],[4,7],[-15,0],[-1,25],[-18,-7],[6,17],[-17,4],[8,22],[-23,-12],[-24,31],[-29,7],[13,7],[-8,9],[6,22],[16,1],[-19,14],[21,15],[-16,17],[18,10],[-16,9],[9,4],[-13,9],[3,25],[5,8],[11,-3],[14,21],[-13,18],[3,6],[9,-6],[8,22],[-27,20],[-5,39],[15,9],[5,19],[24,12],[8,-4],[1,9],[-30,5],[10,14],[13,0],[2,8],[-10,1],[14,16],[-11,4],[-5,-7],[-19,15],[19,31],[11,10],[7,-4],[-1,19],[11,0],[-6,11],[20,0],[1,8],[-18,5],[10,28],[-19,14],[-23,-11],[-6,9],[18,38],[-17,25],[-6,62],[-12,4],[-31,-13],[3,12],[-42,32],[32,12],[-19,16],[20,30],[52,24],[32,32],[18,-3],[2,12],[16,5],[6,29],[23,9],[11,22],[-17,37],[2,53],[-23,28],[5,61],[-21,27],[2,12],[19,11],[1,24],[-12,42],[-20,35],[-14,5],[0,13],[15,8],[11,28],[-1,61],[21,1],[18,-11],[5,33],[19,8],[2,32],[20,-14],[13,8],[-6,12],[24,4],[2,20],[15,9],[-6,16],[-21,12],[10,10]],[[60046,42516],[6,-11],[14,26],[25,-16],[15,9],[18,-20],[26,0],[-3,-13],[18,3],[19,22],[12,-22],[10,14],[-13,13],[6,21],[22,1],[1,-21],[38,14],[-4,-12],[18,-7],[48,24],[14,-19],[17,22],[8,-18],[-30,-24],[47,-9],[40,12],[-2,37],[10,9],[21,-20],[-7,-11],[7,-7],[34,4],[46,-9],[35,13],[-9,-38],[21,18],[18,-3],[13,10],[4,-12],[12,0],[9,10],[-10,12],[1,37],[36,-19],[34,24],[17,-5],[-9,17],[44,5],[-10,14],[17,20],[11,-19],[53,9],[-9,-16],[6,-8],[26,12],[26,-9],[-9,-34],[10,-6],[12,19],[6,-9],[-27,-17],[-4,-16],[27,-3],[4,18],[25,1],[8,-31],[25,10],[16,-15],[34,34],[-9,29],[13,-3],[14,-32],[17,-2],[8,4],[-8,54],[33,-2],[24,-16],[6,22],[-21,15],[26,21],[38,-51],[18,-10],[27,48],[33,-6],[13,7],[17,-10],[12,35],[-34,23],[16,35],[-6,17],[57,29],[6,-17],[18,-8],[-11,-17],[18,-6],[-20,-20],[37,-9],[39,11],[14,-52],[17,-3],[16,55],[13,7],[27,-8],[15,6],[-3,14],[-32,20],[30,40],[41,-7],[25,-35],[29,-6],[30,65],[23,17],[32,-21],[-12,-16],[37,21],[2,15],[-22,38],[-38,15],[12,14],[53,26],[30,-19],[61,14],[3,-9],[-16,-10],[9,-7],[12,4],[5,22],[35,4],[7,12],[16,-13],[23,-2],[25,16],[-8,-16],[19,0],[11,42],[-7,19],[35,8],[18,38],[12,0],[14,15],[12,-12],[19,9],[12,-4],[-8,-21],[13,-24],[-29,2],[-4,-8],[38,-8],[-19,-36],[26,4],[4,-8],[-22,-10],[23,-17],[32,9],[0,-25],[9,-6],[53,7],[19,34],[22,2],[3,13],[20,-15],[17,0],[8,-20],[21,2],[5,-15],[19,8],[15,38],[21,-17],[-8,-20],[25,12],[14,-4],[-1,-20],[14,-18],[33,5],[16,-16],[22,2],[2,42],[-20,-1],[-10,10],[12,31],[-32,-1],[23,33],[14,5],[57,-27],[11,-24],[33,3],[0,17],[71,-8],[24,46],[-12,17],[18,0],[17,27],[3,16],[-17,19],[90,-35],[3,46],[22,5],[37,-27],[10,18],[-31,21],[1,13],[39,21],[18,-23],[14,-3],[14,38],[16,7],[9,-2],[16,-38],[27,-11],[3,20],[-18,8],[-4,13],[13,12],[27,1],[-15,26],[52,-3],[6,16],[-13,13],[3,11],[59,-8],[15,24],[18,-13],[19,4],[13,31],[-14,14],[-1,25],[-25,-3],[7,34],[32,23],[21,-18],[17,16],[-29,34],[-25,0],[23,21],[35,1],[-1,15],[-25,3],[13,17],[28,-18],[74,-5],[23,111],[10,11]],[[63248,43489],[0,-25],[7,2],[4,-15],[15,5],[-8,-6],[15,-8],[-7,-6],[13,-1],[-7,-10],[16,-3],[-6,-12],[30,2],[-8,-9],[8,0],[-3,-34],[10,0],[4,-11],[31,1],[33,-12],[1,-18],[-20,-4],[7,-9],[14,7],[-5,-7],[25,-10],[-6,-9],[34,-30],[2,-13],[-12,-4],[19,-18],[-14,5],[0,-7],[40,-23],[-10,-9],[41,7],[24,-12],[-1,-40],[44,-30],[-5,-8],[62,-3],[30,13],[14,-14],[19,6],[3,-6],[6,16],[12,1],[14,-1],[-7,-7],[15,-12],[38,3],[-8,5],[10,9],[10,-19],[18,6],[5,-8],[37,-2],[16,-21],[-26,-14],[16,1],[17,-13],[13,10],[-12,15],[37,8],[-5,19],[14,11],[8,-19],[27,7],[15,-20],[12,13],[17,1],[-9,-14],[33,-3],[22,8],[0,10],[28,0],[-9,9],[14,13],[21,-13],[-21,-6],[6,-13],[14,0],[1,11],[20,-11],[30,11],[16,-8],[3,7],[1,-20],[19,-8],[53,35],[10,-7],[-1,-17],[17,1],[10,11],[20,-6],[3,7],[15,-17],[5,12],[17,-3],[7,7],[12,-10],[16,34],[12,-13],[12,2],[-6,-36],[19,10],[16,-13],[27,6],[-3,-31],[20,4],[4,-18],[5,9],[27,-4],[-4,-6],[14,-3],[-9,-14],[9,0],[2,-14],[21,6],[19,-24],[27,-7],[-8,-15],[38,-27],[-12,-56],[41,-76],[-9,-4],[9,-13],[-14,-20],[27,-25],[-6,-29],[36,-18],[-23,-36],[0,-22],[21,-11],[2,-33],[76,-21],[30,1],[44,16],[56,33],[36,-12],[36,9],[95,77],[38,5],[18,27],[18,3],[0,16],[25,3],[24,-20],[51,38],[87,13],[18,30],[21,-14],[44,-4],[31,-30],[23,10],[18,-5],[34,35],[-9,34],[23,14],[20,35],[85,1],[5,50],[31,28],[66,26],[31,-16],[19,2],[20,20],[23,0],[10,15],[15,1],[-1,18],[32,19],[28,4],[25,-20],[43,17],[7,14],[30,-3],[30,40],[39,-2],[24,18],[13,44],[107,-25],[25,31],[22,1],[-3,41],[10,10],[11,-8],[29,10],[31,-9],[16,25],[32,-5],[12,28],[32,-9],[17,13],[3,-24],[15,2],[-3,10],[12,-1],[23,-8],[8,-15],[26,-1],[0,-7],[16,18],[15,2],[-1,-8],[30,-14],[11,11],[-13,45],[6,12],[5,-6],[15,11],[16,-6],[29,16],[14,-6],[34,40],[14,-2],[-5,-8],[17,-15],[32,4],[-1,-14],[12,-9],[19,10],[9,-8],[18,5],[-2,28],[32,-13],[15,3],[-1,-18],[10,-4],[32,23],[1,-15],[21,4],[0,-8],[16,-3],[11,8],[-10,17],[12,2],[-1,18],[13,-2],[1,-13],[40,11],[5,-6],[-13,-17],[14,0],[7,20],[21,9],[3,25],[24,-4],[14,-22],[-8,-7],[10,-5],[-24,-17],[5,-17],[19,-6],[12,14],[13,-14],[-5,-23],[31,10],[2,-32],[14,0],[4,-13],[40,12],[-15,9],[50,10],[0,13],[25,-29],[10,17],[19,-1],[4,13],[32,17],[27,0],[14,13],[-20,25],[27,-5],[6,19],[20,6],[-7,8],[28,-1],[21,30],[24,6],[-4,11],[14,-13],[26,8],[-4,39],[33,1],[7,-15],[37,-8],[20,21],[10,-22],[13,6],[3,-33],[14,0],[-1,24],[10,12],[19,1],[-4,8],[15,-6],[-9,11],[16,5],[0,8],[39,-12],[5,7],[-11,13],[17,11],[19,-16],[33,10],[1,14],[17,3],[2,14],[-12,2],[-5,18],[16,-4],[-4,9],[19,20],[30,5],[20,19],[18,3],[1,16],[30,3],[6,-28],[12,-7],[48,-7],[4,13],[16,-5],[-5,10],[39,10],[-2,15],[16,19],[-9,27],[22,15],[6,28],[18,-2],[8,-15],[16,-4],[7,11],[3,-9],[11,6],[4,-8],[5,10],[-12,9],[13,-1],[16,15],[16,-14],[18,15],[9,-7],[1,18],[24,5],[19,-13],[-1,20],[19,3],[24,42],[7,-8],[19,12],[21,-1],[5,17],[20,5],[28,-8],[26,6],[31,-19],[12,11],[19,-37],[11,5],[-3,-9],[10,7],[3,-12],[34,0],[-8,-13],[7,-7],[38,16],[16,-10],[21,14],[14,-20],[12,10],[54,3],[20,11],[2,32],[13,8],[18,-8],[-3,-13],[23,-10],[43,13],[21,-29],[19,11],[19,-12],[29,-3],[26,17],[17,-34],[45,-40],[53,2],[5,-16],[18,17],[24,-12],[22,-32],[33,-4],[9,29],[25,-11],[10,-29],[-8,-6],[30,2],[23,-16],[5,14],[14,-6],[30,12],[20,-29],[18,2],[10,13],[34,-16],[25,19],[-9,12],[75,21],[21,-3],[-8,20],[23,0],[-3,18],[20,-11],[20,4],[6,-10],[33,2],[19,16],[27,-15],[7,18],[15,-16],[27,4],[2,25],[9,4],[-13,14],[16,-3],[-2,13],[27,0],[7,12],[41,13],[11,12],[32,-21],[6,17],[15,-4],[19,20],[63,-19],[6,11],[-9,23],[21,-13],[14,11],[43,-8],[24,17],[10,-27],[22,-12],[-8,-15],[35,-13],[19,20],[66,16],[29,-15],[7,9],[12,-9],[9,4],[9,-17],[10,22],[16,-3],[20,21],[60,2],[1,-14],[53,-18],[24,16],[27,-2],[3,13],[17,-8],[0,-13],[18,-2],[-4,22],[32,-22],[33,2],[8,-11],[-22,-14],[23,-13],[9,-23],[13,22],[25,3],[4,19],[11,-8],[18,10],[23,-6],[-5,10],[8,3],[7,-7],[-7,-22],[18,-7],[-19,-14],[17,-2],[-12,-16],[9,-9],[-6,-19],[14,-8],[9,9],[15,-13],[17,12],[17,-31],[15,-2],[-2,-22],[30,3],[14,-25],[39,-13],[24,6],[3,18],[25,-15],[5,-14],[34,8],[10,-25],[80,46],[-19,49],[23,-3],[11,20],[33,-3],[6,-6],[-15,-6],[2,-10],[34,-12],[9,19],[28,19],[-4,10],[-16,3],[24,17],[23,-4],[9,8],[6,-22],[43,-15],[22,25],[12,-11],[17,21],[23,5],[3,-6],[-23,-13],[-1,-23],[17,2],[33,-18],[-11,-16],[32,5],[35,21],[10,-14],[38,2],[15,-11],[15,13],[-2,35],[10,7],[14,-14],[28,-2],[-18,-14],[17,-8],[19,4],[-6,-14],[28,-9],[19,9],[13,-4],[-15,-8],[36,-13],[9,-21],[-14,-31],[59,-27],[-4,-10],[28,3],[6,9],[36,-7],[-2,-32],[15,-3],[-7,-10],[-21,1],[-1,-22],[-11,-5],[19,-40],[-12,-17],[31,-8],[-16,-12],[18,-10],[27,-6],[5,13],[30,-6],[-14,-17],[35,-15],[-6,-31],[32,-8],[3,-41],[39,9],[7,-14],[-13,-14],[25,2],[11,-24],[18,-7],[34,18],[-1,15],[31,-6],[14,21],[14,-5],[0,14],[18,-17],[7,17],[7,-12],[-10,-17],[29,-5],[71,26],[24,-47],[-23,-21],[33,0],[-4,-20],[21,10],[-3,-17],[29,-11],[-8,-22],[14,-14],[-9,-6],[44,-22],[-3,-13],[30,-7]],[[60285,49150],[-64,99],[-53,20],[-55,-21],[-12,3],[-23,49],[-28,23],[-44,26],[-39,10],[-22,22],[-24,5],[-10,35],[-25,19],[0,60],[-30,34],[-54,40],[-62,72],[-83,5],[-16,9],[-7,61],[-54,78],[-34,11],[-4,16],[17,49],[-80,58],[-23,54],[-18,107],[-35,23],[-29,39],[-40,9],[-46,29],[-46,2],[-40,38],[-29,46],[-67,21],[1,66],[-78,40],[-30,50],[-27,23],[-24,40],[2,16],[-39,45],[2,21],[-33,21],[-27,54],[9,89],[34,59],[-32,47]],[[58864,50872],[44,57],[8,24],[-5,42],[-52,57],[-7,33],[-39,28],[-2,25],[-26,45],[-32,9],[-22,19],[15,35],[-53,43],[41,90],[18,7],[6,64],[16,33],[35,31],[-6,32],[66,34],[8,21],[-9,29],[43,16],[28,31],[-3,69],[-41,75],[-7,109],[43,82],[25,8],[-14,28],[14,14],[6,54],[19,20],[-1,23],[16,5],[27,38],[-9,66]],[[59014,52268],[47,34],[14,37],[20,13],[-9,26],[23,6],[39,-30],[42,-2],[50,-52],[57,-7],[63,-35],[28,-33],[28,23],[9,44],[25,25],[61,34],[2,37],[27,35],[93,76],[64,20],[25,18],[0,20],[-30,47],[16,35],[165,115],[-14,59],[0,95],[-24,47]],[[64252,49065],[-60,-11],[-135,7],[-34,-12],[-35,-29],[-40,-8],[-24,-41],[-17,-89],[-24,-36],[-56,-48],[-24,-8],[-87,17],[-36,-5],[-8,-15],[15,-36],[-11,-23],[-95,-98],[-44,-6],[-40,-21],[-130,-23],[-79,-70],[-34,-13],[-35,1],[-47,19],[-8,17],[23,83],[-4,28],[-18,25],[-66,30],[-62,-20],[-43,-61],[-50,-25],[-11,-41],[-63,-19],[-35,-40],[-81,47],[-39,10],[-57,-1],[-151,65],[-119,5],[-28,23],[-24,48],[-50,15],[-26,-6],[-11,-20],[4,-48],[-13,-28],[-84,-24],[-40,-33],[-10,-36],[32,-49],[3,-24],[-26,-29],[-56,-8],[-95,64],[-73,18],[-116,-42],[-26,-22],[-69,8],[-34,-15],[-108,77],[-134,4],[-44,-9],[-16,-13],[-8,-16],[5,-102],[-18,-20],[-25,-8],[-64,23],[-79,5],[-31,20],[-50,59],[-34,17],[-52,-1],[0,68],[-18,26],[-44,18],[-102,11],[-40,13],[-3,27],[47,41],[0,15],[-30,11],[-28,-18],[-26,-1],[-20,11],[-10,25],[14,20],[44,-14],[26,14],[-2,47],[-36,33],[-58,-1],[-47,21],[-62,9],[-20,16],[8,29],[41,16],[30,25],[10,22],[-6,17],[-34,10],[-80,-19],[-13,14],[-7,55],[-98,35],[-13,12],[1,22],[59,5],[21,13],[5,18],[-21,23],[-31,6],[-24,-18],[-16,-1],[-45,22],[-48,-8],[-27,12]],[[72251,51796],[-26,-25],[-68,-7],[-102,-54],[-35,-50],[-163,-40],[-96,-36],[-126,-109],[-70,-26],[-115,-74],[-106,-43],[-185,2],[-244,-105],[-31,5],[-26,19],[-33,-2],[-23,-35],[-61,-26],[-69,-56],[-73,-86],[-65,0],[-64,-24],[-52,-34],[-124,-16],[-49,-15],[-29,-1],[-57,31],[-25,-1],[-109,-91],[-156,-99],[-139,-44],[-231,-47],[-72,-33],[-97,-18],[-27,-15],[-36,-55],[-36,-21],[-274,-16],[-88,-24],[-21,-13],[-122,-156],[-56,-27],[-83,-19],[-65,-37],[-45,-45],[-78,-44],[-160,-30]],[[75462,54764],[-54,-73],[-57,-50],[-197,-117],[-18,-38],[-92,4],[-58,-36],[-38,-37],[-12,-21],[1,-45],[45,-121],[6,-72],[-16,-30],[-60,-55],[-68,-106],[-119,-76],[-60,-20],[-27,-36],[-135,-77],[-119,-109],[-308,-168],[-34,-50],[-20,10],[-24,-19],[-29,0],[-2,-24],[-69,-75],[-44,-28],[-30,-35],[-83,-48],[-26,-25],[-26,-4],[-39,22],[-33,5],[-49,-23],[-51,1],[-62,-18],[-97,-4],[-29,-20],[-26,-3],[-132,-62],[-50,-43],[-29,-40],[-10,-79],[-131,-98],[14,-38],[24,-26],[13,-37],[-4,-21],[-29,-22],[-35,-10],[-65,-51],[12,-48],[-92,-207],[-23,-102],[-49,-5],[-27,-14],[-62,-112],[-65,-61],[-45,-28],[-21,-98],[-101,-104],[-21,-8],[-74,4],[-23,-11],[-9,-21],[-18,-5]],[[64316,56317],[-55,43],[-2,17],[-32,25],[-5,27],[-25,12],[3,12],[-28,38],[3,12],[-31,3],[-4,-7],[-18,16],[19,28],[-19,11],[4,28],[-32,33],[5,6],[-30,2],[-8,-8],[-3,9],[-24,2],[-14,18],[-34,5],[-23,21],[4,30],[24,24],[-11,26],[-46,38],[-17,3],[17,19],[-7,25],[16,12],[-28,20],[-59,18],[-60,-15],[-39,27],[-3,26],[-114,15],[-21,35],[-104,-5],[-46,9],[-70,32],[-56,6],[-16,43],[-48,58],[-31,2],[-105,36],[-51,-4],[-39,33],[-162,14],[-22,-22]],[[62869,57175],[-8,11],[12,60],[58,64],[12,42],[32,25],[21,-3],[22,20],[31,8],[12,21],[45,30],[55,19],[22,26],[49,-23],[111,13],[57,-11],[57,-30],[65,12],[47,-17],[160,-26],[34,41],[21,48],[3,21],[-13,11],[-4,25],[25,55],[1,59],[-30,19],[-16,25],[-27,4],[-19,27],[-14,31],[16,33],[-29,34],[4,71],[19,16],[-4,35],[-13,14],[12,52],[-46,33],[-17,46],[-42,54],[-43,18],[-24,35],[-1,28],[23,40],[62,-1],[147,100],[40,15],[28,25],[6,36],[16,17],[-23,19],[1,41],[-254,-72],[-54,7],[-59,89],[40,35],[37,4],[-79,60],[-55,20],[-36,57],[5,25],[25,27],[31,-2],[21,9],[5,14],[-10,11],[24,22],[2,34],[-85,77],[-45,-1],[4,152],[-32,-3],[-40,14],[-41,-15],[-28,0],[-26,-20],[-10,7],[-1,16],[44,19],[39,52],[1,15],[26,24],[27,66],[4,103],[29,37],[44,97],[-7,12],[-27,8],[-29,44]],[[63312,59587],[38,53],[81,66],[19,56],[19,24],[7,23],[-9,10],[15,34],[57,42],[61,97],[105,10]],[[63705,60002],[-50,-21],[-5,-31],[-14,-2],[-24,-26],[-1,-64],[-28,-6],[-39,-26],[-30,-42],[22,-49],[6,-44],[22,-27],[-8,-25],[-14,-9],[4,-22],[-12,-24],[14,-52],[101,-107],[-5,-14],[22,-34],[3,-53],[40,-31],[57,3],[22,-10],[22,-22],[-16,-15],[5,-17],[37,0],[17,-14],[42,-1],[39,-13],[77,0],[47,-28],[11,-17],[-13,-15],[-4,-32],[35,-70],[-8,-18],[-15,0],[-21,-18],[-3,-38],[50,-23],[28,-36],[-11,-12],[15,-34],[-9,-19],[9,-30],[101,-75],[34,-3],[51,-31],[37,-4],[36,-23],[32,0],[70,-43],[73,-3],[122,-37],[14,-14],[13,0],[28,-34],[6,5],[31,-14],[13,-21],[18,0],[65,-29],[28,-21],[122,-42],[20,5],[31,-10],[79,9],[40,26],[55,17],[78,75],[56,32],[16,26],[64,50],[20,28],[116,26],[58,25],[104,-5],[176,51],[149,107],[168,93],[61,21],[114,8],[202,-58],[195,-6],[112,17],[64,23],[65,33],[89,74],[29,11],[230,13],[46,17],[60,7],[200,-14],[72,13],[170,-6],[38,8],[82,-18],[56,0],[22,9],[82,-8],[72,44],[29,-5],[7,24],[34,-2],[7,20],[26,15],[-6,47],[18,31],[44,9],[-18,26],[8,7],[22,-1],[19,-23],[36,1],[35,24],[49,-12],[18,-12],[8,-20],[-19,-42],[4,-20],[25,-8],[76,18],[33,-3],[20,-12],[31,-51],[41,-38],[31,-15],[30,6],[5,12],[-7,26],[-34,39],[9,24],[19,10],[34,0],[24,-26],[8,-37],[25,-19],[30,0],[19,13],[-19,42],[13,30],[36,2],[54,-15],[34,14],[-3,18],[-34,38],[23,20],[20,-7],[12,-39],[40,-37],[76,-30],[6,-27],[18,-19],[42,13],[15,70],[31,24],[27,-14],[11,-54],[27,-18],[56,21],[15,22],[41,18],[61,-3],[11,43],[20,20],[21,-2],[68,-47],[30,5],[13,37],[-8,46],[-74,70],[-1,16],[11,7],[30,-2],[42,-29],[18,-2],[47,-65],[44,-20],[18,-1],[13,10],[-8,69],[8,21],[19,5],[63,-7],[59,-31],[28,5],[44,25],[33,-4],[9,-27],[-14,-48],[23,-17],[13,3],[4,34],[20,20],[52,-37],[69,8],[32,-7],[39,24],[6,57],[81,7],[-7,69],[111,-17],[33,17],[58,70],[34,17],[82,18],[45,-5],[26,-25],[-6,-44],[29,-1],[3,82],[20,48],[18,2],[58,-25],[16,-34],[21,-15],[60,-21],[42,-27],[21,0],[9,11],[-21,42],[15,32],[37,23],[47,4],[28,20],[-17,19],[-39,8],[-4,22]],[[71251,59719],[47,16],[55,-30],[25,-35],[62,-13],[51,-36],[47,20],[70,-38],[76,-14],[17,-12],[-4,-35],[10,-8],[87,13],[99,-28],[23,18],[3,51],[34,14],[26,-11],[8,-43],[45,-2],[33,16],[76,64],[29,-6],[55,-59],[41,-22],[33,4],[49,-49],[26,-7],[51,11],[58,-3],[28,-13],[28,5],[12,16],[-24,36],[17,14],[90,-68],[73,-4],[101,-81],[6,-22],[66,-37],[50,11],[38,28],[109,1],[24,-5],[58,-43],[58,-9],[37,27],[55,20],[41,5],[67,-20],[68,24],[43,-36],[83,11],[37,-46],[27,-9],[31,16],[-9,60],[23,25],[89,-18],[58,22],[59,-6],[66,73],[43,0],[34,-34],[27,26],[58,17],[86,-24],[14,-38],[76,5],[9,-16],[-16,-43],[19,-25],[20,-4],[36,18],[47,2],[63,-40],[80,19],[15,-49],[35,-16],[62,47],[30,2],[48,-21],[91,35],[33,-7],[22,-31],[26,-4],[51,32],[157,28],[65,28],[30,-10],[29,-38],[38,40],[17,5],[41,-9],[47,36],[47,-19],[16,2],[23,29],[74,-20],[15,10],[29,54],[24,-7],[6,-37],[29,-13],[23,4],[41,31],[24,4],[14,-8],[5,-33],[24,-8],[57,44],[28,-3],[35,-29],[6,-38],[17,-18],[89,24],[42,37],[79,46],[57,6],[29,-8],[26,8],[29,35],[3,37],[12,13],[113,9],[76,40],[44,12],[24,-6],[56,20],[18,15],[-3,15],[-27,22],[1,16],[13,9],[67,-3],[45,14],[53,-14],[98,9],[69,54],[44,-20],[51,22],[77,-38],[96,-1],[20,-11],[61,-2],[49,-28],[-4,-53],[84,6],[-6,36],[13,7],[68,-57],[21,10],[16,26],[22,8],[131,-66],[37,12],[21,38],[57,23],[62,6],[45,-9],[24,33],[46,-23],[37,28],[99,-30],[27,10],[40,35],[30,-12],[60,-61],[68,-21],[47,35],[26,70],[67,-2],[22,-28],[-31,-30],[12,-68],[36,-38],[92,13],[80,-41],[20,-49],[5,-85],[33,-40],[125,4],[106,-90],[86,-29],[28,-19],[1,-104],[16,-28],[47,-7],[77,11],[26,-17],[-3,-20],[-32,-23],[-73,-11],[-39,-19],[-10,-42],[30,-26],[48,-18],[63,-2],[54,36],[25,1],[152,-70],[33,-3],[42,29],[16,57],[28,11],[31,-8],[21,-34],[-30,-86],[11,-39],[77,-16],[46,14],[55,37],[73,-4],[58,-42],[60,-112],[79,-41],[55,-13],[72,-44],[2,-38],[-25,-44],[-2,-58],[25,-29],[14,-38],[43,-40],[33,-22],[131,-49],[216,-1]],[[80671,58277],[-49,-54],[-33,-188],[-43,-81],[-80,-57],[-46,-11],[-36,3],[-29,-15],[-54,-104],[-70,-70],[-14,-59],[-29,-26],[-89,-49],[-28,-30],[-38,-86],[-1,-71],[-16,-38],[-131,-53],[-70,-13],[-38,-30],[-9,-69],[19,-104],[-85,-123],[-220,-227],[-79,-37],[-55,-51],[-43,-7],[-43,-24],[-25,-145],[-63,-97],[-73,-34],[-25,-47],[-52,-13],[-185,-199],[-56,-113],[-54,-11],[-32,-50],[-89,-65],[-88,-51],[-45,-11],[-88,28],[-79,-27],[-40,22],[-29,1],[-66,-32],[-35,-50],[-40,-30],[-93,-23],[-58,-34],[-59,-10],[-118,-46],[-234,78],[-50,-1],[-66,-17],[-29,11],[-118,-8],[-81,48],[-45,21],[-28,3],[-112,-95],[-33,-11],[-35,-30],[-30,-15],[-74,-6],[-79,-47],[-36,-30],[-13,-66],[-45,0],[-56,-21],[-72,-2],[-20,-23],[-108,-56],[-31,-37],[-92,-25],[-56,-37],[-48,-15],[-33,-32],[-53,-82],[-139,-27],[-153,-112],[-45,-13],[-24,-26],[-32,-14],[-10,-40],[-44,-1],[-64,-49],[-30,13],[-22,-18],[-47,-4],[-21,-16]],[[75462,54764],[-63,44],[15,33],[-37,10],[11,-28],[-13,-2],[-10,15],[-17,1],[-7,24],[-12,-33],[24,-41],[-11,0],[-25,24],[-7,-43],[-19,-3],[16,25],[-17,4],[-31,29],[12,35],[24,11],[-21,10],[23,35],[18,6],[-6,7],[-21,-2],[-3,8],[25,18],[-22,10],[0,15],[-24,2],[-1,-15],[-34,-26],[-37,-9],[16,12],[-39,2],[12,20],[-23,26],[-12,-5],[-2,-18],[-20,8],[-28,-22],[-21,15],[-23,-5],[7,-17],[-40,-26],[-3,-22],[-39,0],[13,16],[-11,7],[-31,-8],[-65,-37],[-8,24],[-40,-6],[-3,16],[-42,-31],[-43,-4],[-57,5],[-7,23],[-19,-4],[-13,12],[-42,7],[-4,-19],[-22,-4],[-15,13],[-48,-33],[-21,3],[-20,-16],[-2,32],[-13,3],[-8,-8],[14,-16],[-23,-28],[-56,-11],[-9,6],[9,25],[-25,31],[-12,0],[-27,-27],[16,-41],[-8,-10],[-26,22],[-41,-12],[5,-18],[-15,-9],[-9,35],[-35,9],[-6,-8],[9,-11],[-31,-5],[-1,-8],[20,-5],[13,-30],[-8,-1],[-7,17],[-38,8],[-4,-13],[25,-5],[-34,-29],[-20,7],[-23,36],[-50,-18],[-9,22],[-34,12],[-3,18],[-20,-5],[-27,12],[-58,7],[-21,13],[-21,-3],[-5,5],[23,3],[1,8],[-50,15],[-49,-4],[-17,-11],[-62,27],[-29,-65],[-30,-9],[-62,17],[-25,27],[-92,-9],[-34,14],[10,27],[-10,18],[-22,2],[-15,-19],[-21,23],[-41,-5],[-8,22],[-12,3],[-24,-11],[5,-17],[-22,-3],[15,-56],[-21,-7],[31,-32],[-19,-14],[7,19],[-24,-10],[-11,2],[4,10],[-20,1],[-7,40],[-17,-5],[-11,14],[-30,4],[1,-12],[-48,-38],[-7,6],[16,5],[0,10],[-36,-3],[-10,16],[3,26],[-65,6],[-27,-35],[-17,28],[-26,-6],[-33,-32],[-1,-28],[-54,12],[6,-20],[-17,-27],[-14,6],[-22,-21],[-52,29],[-13,-9],[6,-16],[-16,5],[-14,-31],[-31,-19],[-27,1],[-32,16],[-21,-4],[-8,11],[-44,9],[5,27],[-12,12],[-12,-7],[-7,-30],[-50,26],[4,35],[-31,31],[-27,-19],[-30,5],[7,12],[-15,22],[-2,55],[-23,20],[-90,19],[-13,-17],[-12,0],[14,16],[-5,7],[-42,-20],[14,22],[-28,-17],[-48,43],[-4,14],[-32,7],[-13,-6],[-8,-24],[-23,8],[-14,-25],[9,-20],[-6,-7],[-16,10],[3,-16],[-9,-8],[-11,5],[6,13],[-51,-12],[-14,6],[-37,-15],[2,19],[-37,0],[-12,11],[-18,-4],[-23,-25],[-1,23],[-12,-13],[-12,1],[9,15],[-13,7],[-30,-8],[17,-11],[-7,-12],[-52,20],[-22,-21],[11,-26],[-11,-23],[-30,3],[-43,37],[-4,-16],[-22,1],[3,-11],[-29,5],[17,-12],[-14,-9],[-19,4],[-34,-11],[-3,-19],[-23,4],[-1,14],[-17,-9],[1,15],[-21,-2],[12,-19],[-14,-14],[-9,7],[10,9],[-25,-2],[14,29],[-15,-6],[-15,8],[1,-17],[-6,9],[-12,0],[-6,-15],[-22,9],[4,-20],[-4,9],[-30,-9],[-3,14],[-19,7],[13,8],[-10,5],[6,20],[-18,3],[-18,-23],[9,-19],[-12,6],[-18,-14],[-9,10],[-16,-9],[-25,2],[-13,13],[13,22],[-19,-14],[-29,4],[8,24],[-27,5],[3,-17],[-23,-4],[15,-17],[-10,-9],[-22,17],[-18,-8],[-5,8],[-28,1],[-34,15],[5,15],[-20,4],[2,13],[11,-2],[-17,20],[4,14],[-9,1],[-8,-27],[-5,13],[-23,-12],[-31,16],[-2,25],[-33,0],[-3,17],[-21,-9],[1,18],[-9,-12],[-59,-10],[-8,-19],[-18,12],[-3,-18],[-17,5],[-22,-18],[-31,-2],[-7,10],[-12,-8],[-10,16],[6,13],[-34,4],[-9,-9],[-13,24],[-20,-6],[-12,-17],[-14,10],[-28,-22],[14,22],[-28,5],[3,-11],[-15,-6],[-7,18],[-23,5],[11,32],[-8,21],[-20,-10],[6,13],[-10,11],[-16,-2],[4,-21],[-12,-7],[-41,8],[-24,11],[1,23],[-13,-23],[-2,21],[-56,13],[14,32],[-34,-9],[-15,26],[-14,5],[-7,-11],[14,6],[6,-19],[-19,1],[-10,25],[17,30],[-4,24],[-30,-8],[-40,-68],[-18,-6],[-12,14],[18,20],[-82,19],[13,6],[-1,17],[-41,11],[-8,-9],[-27,29],[-10,-7],[9,-17],[-8,-19],[-26,9],[13,15],[-2,14],[-15,-9],[-21,4],[-6,-13],[9,-24],[-10,-18],[-33,0],[7,10],[-34,26],[-13,-26],[6,-13],[-16,-7],[-37,12],[-19,18],[-6,-12],[-10,1],[3,14],[-21,-1],[13,10],[-18,6],[-2,-9],[-14,2],[9,6],[-6,8],[-32,-11],[-11,24],[15,10],[-64,-8],[-21,-17],[-11,15],[-53,-18],[-9,7],[11,8],[-25,12],[-28,-13],[22,-17],[-55,11],[8,-19],[-10,-9],[-16,7],[-2,-12],[-12,7],[12,9],[-8,16],[-10,3],[-7,-10],[-8,21],[-35,8],[-8,41],[-16,-1],[-7,-10],[-15,10],[-22,-3],[-31,26],[-27,-2],[-4,9],[-39,-10],[-11,-11],[-17,1],[-24,55],[-22,-8],[-14,13],[-9,-2],[1,-12],[-12,1],[6,27],[-21,-3],[4,11],[-35,23],[-7,-10],[-21,4],[9,19],[-25,-2],[-94,30],[-17,-36],[-28,40],[-74,-31],[-29,28],[-17,-13],[-24,9],[2,17],[-23,6],[12,10],[-8,22],[-25,9],[-36,-15],[-7,-15],[11,-5],[-26,-5],[8,-20],[-23,2],[-15,9],[-10,28],[-25,-11],[-29,11],[3,35],[25,6],[10,11],[-9,7],[-18,-3],[-11,10],[-27,-8],[-11,20],[-27,13],[-17,-13],[-4,11],[-32,10],[-13,36],[-7,-9],[-14,16],[-27,-11],[-28,4],[-3,-13],[-13,-3],[14,-11],[3,-11],[-11,-9],[14,-5],[-1,-9],[-10,-2],[-12,19],[-15,3],[-12,-5],[9,0],[1,-12],[-28,8],[6,-10],[-10,1],[-3,-14],[-41,-14],[-5,10],[-25,-25],[-49,9],[-9,18],[-48,4],[-23,18],[-12,-6],[-2,14],[-29,11],[6,15],[-19,5],[-41,-16],[-15,15],[-48,-13],[-2,9],[-7,-4],[-29,21],[-3,18],[-55,-31],[-40,-37],[-39,-4],[-7,-26],[-38,21],[-51,-7],[-1,-18],[46,-12],[7,-17],[-71,-70],[-68,22],[-27,-5],[36,-43],[-10,-15],[-31,9],[-8,16],[-53,34],[-44,-17],[-25,0],[-22,9],[-18,24],[-32,-29],[-78,-15],[-3,65],[9,13],[-14,19],[-13,-13],[10,-33],[-19,-12],[-21,5],[-24,43],[-40,-20],[5,-33],[-21,1],[-12,33],[-12,4],[-30,-23],[-46,1],[20,-32],[-14,-4],[-53,17],[-45,-39],[-30,70],[-42,23],[-11,-15],[31,-11],[0,-19],[-57,-30],[17,54],[-49,7],[-7,13],[17,21],[-2,12],[-41,14],[-18,24],[-28,13],[-91,-30],[-29,-31],[0,-42],[54,-17],[-41,-36],[-72,2],[-50,62],[-52,-27],[-93,-11],[-42,26],[-40,2]],[[68239,50154],[-73,-44],[-207,-72],[-164,-85],[-125,13],[-58,26],[-101,-10],[-67,38],[-79,-1],[-55,-13],[-45,-51],[-41,-98],[-29,-33],[-179,-108],[-120,-155],[-44,-20],[-94,-22],[-64,-43],[-27,-38],[-7,-55],[-16,-35],[-94,-85],[-96,-36],[-37,-58],[-76,-58],[-40,-18],[-6,-62],[-20,-12],[-78,-12],[-30,-78],[-101,-59],[-56,-7],[-191,26],[-54,-12],[-130,-57],[-46,1],[-77,70],[-8,43],[27,18],[5,19],[-19,40],[-57,21],[-107,59],[-153,62],[-95,11],[-75,28],[-116,6],[-21,-13],[-74,-11],[-7,-23],[-36,-13],[-61,-10],[-40,7],[-21,-10],[-79,28],[-110,-4],[-55,16],[-60,-6],[-38,-23],[-40,-64],[-20,-7]],[[64252,49065],[-13,23],[0,67],[-25,23],[-39,3],[-5,-27],[-13,-10],[-79,-11],[-22,-7],[-9,-13],[-20,4],[-5,-15],[-76,16],[-32,-7],[-6,-15],[-35,1],[-9,-12],[7,-29],[-26,7],[6,-28],[-16,-9],[-12,8],[-12,-18],[-14,18],[-5,-12],[-14,7],[-24,-14],[-9,3],[7,10],[-19,-7],[6,12],[-10,-1],[-1,11],[9,11],[-53,19],[-4,-11],[-13,6],[-1,-11],[-50,-3],[2,-9],[-17,-7],[-2,12],[-24,-4],[6,33],[-10,6],[-16,51],[13,15],[29,-6],[-5,10],[9,-3],[13,14],[-2,14],[30,13],[5,13],[-10,17],[-12,-4],[-3,10],[-9,-9],[-3,11],[-14,-8],[0,8],[-30,2],[-15,14],[-10,-5],[-13,16],[-11,-5],[2,19],[-70,30],[-24,-3],[2,21],[-11,-1],[-3,9],[18,4],[-17,17],[13,7],[-24,17],[-14,-9],[-5,11],[-20,-21],[-3,20],[-9,-8],[-10,7],[-9,-12],[-30,23],[0,-16],[-5,6],[-16,-19],[-18,7],[-7,-13],[-10,8],[-34,-12],[1,9],[-34,-2],[-1,12],[-23,-2],[-8,27],[-41,20],[-3,17],[19,9],[-4,7],[-12,-5],[6,24],[-11,-8],[-7,7],[-39,-2],[-1,-10],[-20,2],[-6,10],[-6,-11],[-10,2],[0,17],[-6,-10],[-14,19],[-13,-20],[2,8],[-8,-4],[-8,4],[7,5],[-44,0],[-8,19],[13,3],[12,-10],[8,14],[-17,14],[14,2],[-6,18],[-11,10],[-7,-10],[-12,15],[-38,-1],[5,14],[-17,-5],[-4,13],[14,6],[-7,12],[-19,7],[-12,25],[-50,15],[-2,34],[-43,-8],[-2,20],[-45,7],[7,9],[-7,13],[14,-8],[-5,12],[10,8],[-33,5],[4,21],[-9,-1],[1,11],[-13,8],[3,17],[-18,-4],[1,18],[-13,-7],[-18,7],[5,31],[-21,6],[4,8],[-35,2],[-19,17],[10,17],[-6,12],[-29,15],[9,19],[-12,59],[11,13],[-26,21],[8,5],[-16,15],[7,29],[-14,13],[3,26],[-20,-1],[-22,25],[-2,-7],[-20,6],[3,20],[-29,15],[14,13],[-10,9],[10,8],[-7,8],[12,0],[-48,43],[-11,30],[-17,6],[12,15],[-18,6],[5,7],[-12,5],[7,4],[-13,17],[6,50],[-20,13],[16,-1],[-4,16],[16,11],[-1,19],[47,23],[-15,21],[4,16],[-13,9],[-1,44],[-19,24],[31,43],[4,55],[-36,37],[-20,-11],[-17,22],[-4,25],[15,12],[-5,27],[-23,27],[9,17],[-12,16],[8,23],[-52,16],[-14,23],[-31,10],[-29,26],[-14,88],[-31,29],[9,30],[-36,13],[-24,36],[-6,42],[-26,15],[-11,29],[19,46],[13,-3],[23,11],[0,20],[-16,11],[6,13],[-55,42],[-1,-12],[-19,-7],[-18,12],[1,13],[-59,35],[-35,1],[-23,18],[-19,-8],[-19,18],[194,-3],[24,-7],[48,5],[78,-13],[45,21],[106,7],[90,27],[99,8],[111,24],[-12,7],[34,9],[-4,16],[37,49],[39,-23],[33,20],[108,-22],[35,-21],[69,3],[-45,31],[-10,44],[-65,6],[-35,-13],[-16,10],[0,44],[25,59],[-8,17],[-38,2],[-9,10],[9,49],[-22,4],[-43,-19],[-70,10],[-69,-7],[-20,74],[-24,9],[3,20],[-33,-2],[-40,35],[12,30],[-8,11],[-73,10],[-1,23],[-20,23],[11,24],[-25,48],[9,34],[-26,7],[-7,22],[-42,33],[-19,30],[-32,15],[-45,6],[-41,-14],[-9,15],[-72,13],[-8,18],[-32,22],[-44,-1],[-38,14],[-44,-1],[-59,14],[-49,27],[-107,26],[-24,17],[-231,-11],[-34,10],[-14,25],[-34,11],[-23,41],[-46,32],[-18,31],[-63,34],[-104,90],[-2,59],[-61,138],[-4,40],[-29,20],[-19,52],[12,38],[-12,24],[-5,117],[37,37],[7,35],[28,13],[-2,13],[-73,56],[-24,38],[-52,39],[-22,44],[-58,-15],[-40,-38],[-31,2],[-15,-10],[-10,-26],[12,-23],[-17,-25],[17,-31],[5,-51],[-44,-17],[-16,-19],[-86,-29],[-26,-20],[-26,-40],[-54,28],[-66,13],[-19,-4],[-68,69],[-19,46],[-42,-6],[-51,-35],[-9,14],[-48,20],[-20,27],[-40,-4],[-16,18],[-99,-30],[-101,-8],[-27,-57],[-31,-35],[2,-11],[-42,-42],[13,-40],[49,-40],[-16,-43]],[[59835,52955],[-90,-25],[-39,3],[-50,45],[-10,38],[-36,35],[-50,16],[-55,49],[-32,11],[-13,-6],[-6,23],[-16,3],[-8,26],[-30,27],[-2,22],[17,19],[54,13],[19,23],[-11,19],[27,9],[29,57],[24,6],[13,33],[-8,12],[4,35],[19,12],[1,17],[43,24],[17,26]],[[59646,53527],[54,17],[21,18],[20,28],[3,45],[32,28],[46,91],[90,83],[18,30],[0,51],[23,43],[2,28],[-14,19],[-41,20],[-6,16],[36,69],[52,50],[-11,24],[7,32],[-8,33],[51,88],[24,14],[-42,0],[-9,12],[1,38],[21,25],[47,-33],[63,-27],[-3,-68],[78,7],[33,48],[34,22],[25,54],[52,18],[34,-3],[58,22],[58,45],[-21,17],[9,24],[20,8],[38,42],[52,11],[-5,83],[8,30],[86,122],[31,12],[9,18],[48,38],[88,40],[58,62],[39,16],[52,3],[55,53],[11,39],[23,-9],[25,4],[22,-13],[23,2],[15,-23],[23,-7],[-8,-71],[17,-38],[-18,-14],[6,-26],[13,-4],[14,-39],[27,-17],[21,0],[11,-16],[59,28],[10,20],[44,20],[80,-55],[-2,-33],[88,-21],[88,-42],[131,-19],[35,31],[45,18],[54,-19],[30,6],[45,-23],[6,-28],[-31,-22],[5,-30],[-10,-26],[-15,-5],[2,-22],[-18,-5],[1,-8],[37,-33],[-1,-20],[12,-15],[16,-1],[9,-15],[14,4],[20,-10],[82,47],[6,17],[56,26],[41,33],[69,22],[65,39],[58,76],[69,41],[74,21],[36,35],[49,87],[31,120],[90,65],[42,16],[73,75],[24,8],[21,21],[74,30],[-14,8],[25,61],[25,12],[9,22],[53,44],[4,16],[13,-9],[0,53],[26,10],[-7,20],[32,21],[34,7],[20,-10],[6,21],[20,-9],[16,21],[29,-9],[18,11],[29,-26],[33,-12],[25,-22],[8,-33],[48,-54],[-3,-33],[45,-24],[19,-31],[30,-4],[10,-25],[20,-11],[6,-23],[31,-8],[34,-23],[9,-30],[45,-21],[11,-16],[66,-20],[71,5],[42,26],[71,19],[42,70],[-8,198],[73,122],[-3,68],[-24,47],[11,61],[113,93],[55,65],[-20,52],[-52,71],[8,40],[22,8],[78,-7],[90,22],[108,3],[43,33],[2,21],[-11,-4],[-10,10],[7,12],[-20,-3],[-62,48],[-13,-10],[-34,9],[-15,-13],[-32,0],[-5,14],[19,18],[-6,30]],[[64316,56317],[95,67],[15,-4],[31,11],[30,-18],[21,9],[70,95],[55,26],[4,-24],[37,-30],[87,3],[115,-45],[120,-25],[14,3],[65,59],[90,19],[62,-4],[60,-41],[-3,-36],[-26,-35],[-19,-83],[41,-70],[2,-22],[33,-31],[30,-10],[40,2],[30,19],[38,2],[29,-20],[37,-6],[43,-27],[153,-58],[43,-43],[13,-38],[96,-33],[3,-34],[81,-55],[37,-63],[74,-37],[20,-34],[41,-25],[17,-44],[51,-38],[-6,-20],[55,-42],[1,-27],[86,-37]],[[66327,55473],[-43,-5],[-21,8],[-4,-11],[22,-54],[-8,-56],[55,-33],[28,-38],[7,-25],[-12,-29],[60,-23],[38,12],[44,-23],[12,13],[8,-11],[39,9],[33,-6],[21,-47],[-14,-31],[34,-1],[44,-42],[18,4],[65,-26],[11,7],[16,-30],[27,-1],[18,-13],[33,8],[7,-18],[28,-19],[-1,21],[-14,9],[29,12],[11,-12],[4,-75],[16,-5],[46,30],[26,-23],[-8,-11],[5,-19],[40,-5],[5,-22],[-45,8],[-7,-8],[40,-10],[1,-35],[-15,-13],[6,-6],[32,15],[0,20],[18,-6],[2,-45],[11,-21],[23,-10],[-18,-8],[1,-14],[19,2],[-12,-12],[14,-4],[5,-16],[-12,-9],[2,-11],[-15,1],[25,-19],[-114,-9],[-36,-25],[-107,7],[-7,-17],[-15,-7],[-55,32],[-54,-2],[-99,-39],[-38,-2],[-22,-32],[-34,-13],[-51,-66],[-12,-3],[-84,14],[-60,39],[-69,-7],[-63,43],[-42,-7],[-61,-36],[-44,-2],[-17,15],[-56,3],[-16,12],[-46,-18],[-33,10],[-41,-14],[-74,2],[-24,19],[-35,5],[-88,-41],[-36,4],[-22,-18],[-33,5],[-12,-18],[-40,-15],[-33,7],[-78,-24],[-25,-41],[-25,-15],[-8,-38],[28,-37],[-10,-81],[-56,-37],[-74,-6],[-17,-18],[65,-48],[49,-12],[66,3],[13,-26],[-39,-20],[-6,-26],[34,-11],[56,3],[14,-8],[-13,-53],[-20,-16],[-24,2],[-29,36],[-25,-4],[26,-77],[16,-5],[46,20],[20,-14],[8,-22],[-13,-40],[-71,-26],[-15,-14],[0,-19],[77,-2],[46,-34],[10,-47],[38,-40],[16,-47],[28,8],[39,50],[23,-3],[23,-28],[-8,-23],[14,-22],[-4,-43],[19,-21],[33,-2],[32,25],[14,-1],[16,-16],[-12,-59],[-57,-36],[-10,-52],[-56,-22],[37,-13],[42,-36],[53,-18],[76,-44],[-10,-60],[36,-31],[44,-91],[42,-37],[-28,-78],[22,-51],[97,-16],[37,-72],[38,-15],[13,-87],[65,-39],[-68,-12],[31,-56],[18,-1],[66,-57],[70,-31],[36,-32],[20,1],[49,-26],[-92,-19],[-90,-39],[-103,12],[-24,-18],[-57,-6],[-36,-15],[-33,-36],[-76,-34],[-73,-80],[-40,-4],[-61,-34],[-95,-17],[-23,-22],[-34,0],[-26,-20],[-102,-6],[-75,-51],[-72,-112],[-169,-23],[-85,-36],[-20,-24],[-7,-41],[-78,-89],[38,-36],[3,-18],[21,2],[-7,-23],[18,-12],[-9,-16],[31,-4],[12,9],[41,-12],[24,12],[39,-38],[32,-5],[19,36],[39,-8],[28,13],[14,-24],[20,-3],[10,20],[42,-11],[7,28],[28,-5],[20,-19],[16,16],[14,-20],[-17,-8],[-4,-18],[28,-5],[12,-12],[4,-41],[16,-24],[24,-3],[1,-12],[12,-1],[0,-12],[25,-21],[17,8],[-3,-18],[14,-1],[14,-35],[47,-8],[-20,-21],[26,-6],[21,-24],[8,-1],[-7,13],[18,19],[16,1],[36,37],[11,1],[48,-20],[12,9],[21,-1],[17,-35],[56,-30],[4,-17],[23,6],[21,-6],[9,-9],[-9,-70],[27,-20],[-3,-55],[75,-73],[2,-38],[54,-11],[28,-34],[34,1],[25,-32],[9,-36],[19,-10],[17,-26],[40,19],[70,-12],[42,-41],[27,-1],[21,-33],[30,-2],[42,-44],[42,-15],[7,-18],[29,-19],[2,-15],[29,-21],[22,-88],[29,-30],[-5,-37],[20,-9],[2,-25],[24,-15],[-4,-26],[14,-9],[25,2],[-9,-25],[25,-14],[29,-4],[17,8],[24,-9],[-4,-14],[19,-8],[7,-25],[11,-8],[2,13],[12,0],[4,-15],[17,-3],[12,-77],[55,-34],[0,-8],[50,5],[12,-19],[16,-3],[1,14],[45,-17],[23,-30],[7,2],[1,-17],[28,-16],[-18,-34],[5,-12],[12,-2],[-1,10],[11,-12],[13,7],[13,-18],[-5,10],[19,-9],[-9,-7],[20,-18],[97,-34],[16,22],[81,11],[53,-32],[40,2],[8,12],[24,-14],[13,12],[24,-9],[-1,8],[11,1],[25,-21],[-2,-27],[17,-14],[14,6],[-24,12],[17,7],[14,-9],[-8,9],[24,-1],[3,12],[46,15],[34,2],[28,-12],[142,-22],[97,36],[126,16],[117,-1]]]}